Time_s,PositionError_um,MotorCurrent_A,Acceleration_g
0,0.134416784886525,1.14244854371656,0.00854572678495076
0.0005,1.12097949939294,1.23004134666614,0.0217260093516221
0.001,0.667041886206507,1.24074879574214,0.0504449819098795
0.0015,1.84337718738067,1.35764354428151,0.0671199537562263
0.002,1.87488234748492,1.30022461733522,0.0573026618004494
0.0025,1.38348239638808,1.30991272685219,0.0554430498841122
0.003,1.2770703256654,1.30054859054484,0.0218100624032298
0.0035,0.951751113539207,1.26666947187487,-0.00114584249945895
0.004,1.11988343658329,1.19110335411125,0.0126928874145508
0.0045,0.24542194148025,1.2832171118022,0.00313528036023069
0.005,-1.39363528475933,1.20851415317231,0.0220308710300466
0.0055,-0.75813661713921,1.15775477194215,-0.0156363177413131
0.006,-1.5830568452378,1.16806515540573,-0.0501084743633126
0.0065,-1.7798628754049,1.22700151035364,-0.0570051297447262
0.007,-1.33738561134342,1.19914566114605,-0.0743659523368741
0.0075,-1.10648132538385,1.22459746816993,-0.0757012432232513
0.008,-0.477426240038724,1.24042014367775,0.00185982062125215
0.0085,0.597354060256788,1.23886450657116,0.0235843151951506
0.009,1.21668799016806,1.29593893252512,0.0728595480585034
0.0095,1.73661807676058,1.31836693532436,0.0754747413767369
0.01,1.87379482985646,1.36494461589391,0.06977911887273
0.0105,1.48798654992141,1.37516293364316,0.0405607509706601
0.011,1.80173996094081,1.36145185580978,0.0474806244932126
0.0115,1.63479403688441,1.37504522612005,0.0210158571570509
0.012,0.78207045196397,1.32113133308338,0.0261500162921991
0.0125,0.258673252479466,1.31283406565209,0.0131753571487197
0.013,-0.477894819997842,1.25394560844744,0.00278473793348789
0.0135,-1.302236681742,1.22874451900711,0.00824356589982381
0.014,-1.54725977357318,1.23527673617262,-0.0564502193432346
0.0145,-1.98417493318234,1.26477408695328,-0.0800371044151695
0.015,-1.48083888822646,1.25295795284151,-0.057330795060974
0.0155,-1.66618767408437,1.27376668372101,-0.0704754561595093
0.016,-1.12953172256025,1.2698115780878,-0.0294324337882843
0.0165,-0.426675409775268,1.3020954793986,-0.0118870980916705
0.017,-0.29108480416639,1.37284558325087,0.0397265602534791
0.0175,1.41114800048471,1.39907173199338,0.0571331831332613
0.018,1.59154331909344,1.36929937405037,0.0592003993776141
0.0185,1.56797339844953,1.37786877505131,0.0447348493021834
0.019,2.09897271670506,1.45600309200301,0.0481135506415985
0.0195,1.08157390862606,1.41622802224502,0.0291649529878143
0.02,1.02507260937842,1.3941884793795,0.00935938489052969
0.0205,0.384079701533433,1.38561504437121,0.0207042402851029
0.021,-0.14414605577521,1.3433915954804,0.0245118844191929
0.0215,-0.782441100882602,1.32665717962494,0.00779556874471157
0.022,-1.59250551281322,1.31329231442642,-0.0324359135662219
0.0225,-1.70598627052248,1.23830211790887,-0.0795642287835047
0.023,-1.82326450996719,1.28534341298342,-0.074651836597304
0.0235,-1.45842084821812,1.29299480260276,-0.0847594060300202
0.024,-0.948561371184583,1.32552971117069,-0.0320631808545484
0.0245,-0.379648160059219,1.34944596403147,-0.00174996834908758
0.025,-0.21591320549718,1.33389686957291,-0.00286434444676064
0.0255,0.676076359210363,1.40593966189888,0.0315628244656554
0.026,0.917493512378908,1.39854821095897,0.0656246437554399
0.0265,1.33527725982383,1.43665347237637,0.010109348380706
0.027,1.77783930607101,1.45891806197793,0.0300396047320288
0.0275,2.07866129428428,1.4815590144277,0.0193411854379986
0.028,1.1809818880098,1.45318849871922,0.0304645994507106
0.0285,0.95139442757925,1.42482454220035,0.0182403666367476
0.029,0.166925463381555,1.34617999430908,0.0330612326355564
0.0295,-0.163704639298345,1.36274057794337,-0.0148219565062296
0.03,-1.31922850601708,1.36780765262067,-0.0337928906736243
0.0305,-1.49551342578777,1.24885837148839,-0.0553476652433993
0.031,-1.61090492422596,1.31526764208624,-0.0837594894224368
0.0315,-1.47357807039545,1.22760571304871,-0.0636643226129398
0.032,-1.11681060742321,1.3031801554926,-0.0538341526421518
0.0325,-1.02456395750539,1.3445689885511,-0.0254453080714455
0.033,-0.81539885544623,1.30823526215646,0.0102101570671116
0.0335,0.0373946500143456,1.411658988933,0.0363579478839088
0.034,0.591503172551219,1.42292047911403,0.023765049678666
0.0345,1.95789174256886,1.46800501307715,0.0567973358796822
0.035,1.53715838602084,1.46750111887116,0.0183996414892888
0.0355,1.96128453516798,1.44237326727544,0.013869324349752
0.036,1.56019133325825,1.45705006834979,0.0576728677040877
0.0365,1.43869635619271,1.42792952926984,0.0203989801527203
0.037,0.462886225166822,1.34532961897714,-0.00137505858145149
0.0375,-0.350567242334681,1.38134101698273,0.0117100639733231
0.038,-1.0094636211535,1.35042249433232,-0.0203734460522582
0.0385,-1.09364398973134,1.32614537772536,-0.0615000937117718
0.039,-1.650951925564,1.29751385665338,-0.079696071788102
0.0395,-1.82079647768776,1.28135316182476,-0.067206889205727
0.04,-1.33327455365228,1.20619576152999,-0.0642260926310651
0.0405,-1.29450677980335,1.34570108265532,-0.0303105788860429
0.041,-0.80534901059867,1.29254076630835,-0.0151930600202641
0.0415,0.174578106242697,1.3249942698846,-0.000646065997680126
0.042,0.239993102730554,1.39925514839881,0.0411994545671454
0.0425,1.21654808073679,1.3820070910851,0.0493430422805163
0.043,1.70586072159694,1.38707896600818,0.0333655577414177
0.0435,1.68047257338018,1.44476205675123,0.0567396995258991
0.044,1.79501416150153,1.41524653460931,0.0777520521724172
0.0445,1.20484193218252,1.37542715211195,0.0410220616481809
0.045,0.754492087994397,1.43515300952106,0.018963117710714
0.0455,0.466788242407033,1.34646011240428,0.0468453570920318
0.046,-0.0414332378298337,1.29950446017257,-0.00684672134023558
0.0465,-0.20678505016744,1.25048814302273,-0.0646762763723927
0.047,-1.53101823533833,1.25505813146609,-0.0558737325421228
0.0475,-1.63684387813202,1.29373044722413,-0.0602311011475425
0.048,-1.78714349026345,1.25888393415698,-0.031507206841141
0.0485,-2.08453076501206,1.21325752344284,-0.0434044687167317
0.049,-1.32097453515916,1.25216240773728,-0.0242070395451212
0.0495,-1.09991281439325,1.30580947013693,-0.0250270909352289
0.05,0.210093882438474,1.35254606631357,-0.0387815222561799
0.0505,0.429007188244792,1.3276679415337,-0.00270070396219871
0.051,1.23540863854547,1.32858158142945,0.0381408118015922
0.0515,1.46346234665835,1.37557279092866,0.023934992161259
0.052,1.83992868512744,1.33655294329757,0.0633648655189721
0.0525,1.53065113625994,1.38923969460154,0.0489711131279433
0.053,1.48392488343143,1.31603902340123,0.0879737540528247
0.0535,1.03591096590771,1.29857337421029,0.0622213035147297
0.054,0.649347970158609,1.22488269299713,-0.0054087446962239
0.0545,-0.487714836700228,1.22199347084714,-0.0449119663102931
0.055,-1.57243029072049,1.22697806915297,-0.0407661156081291
0.0555,-1.7004504109214,1.23043540887856,-0.0488331139930448
0.056,-1.3951507870077,1.21245587317963,-0.0452420229837255
0.0565,-2.00153480276261,1.12650450318841,-0.0443952152805211
0.057,-1.24953242159039,1.17088622507501,-0.0259739670623032
0.0575,-1.00592130925337,1.19748286574076,-0.0141061249315321
0.058,-0.0794721261295016,1.22003512726765,-0.021372772587729
0.0585,-0.269197368235145,1.2524870848659,0.0226999104091162
0.059,0.800008894269039,1.27545016649913,-0.0051014010105093
0.0595,1.05637844095417,1.27306617329956,0.0210130366124336
0.06,2.40332864652278,1.29145704616053,0.0575039108793451
0.0605,1.96511296450515,1.27711679004325,0.0752464888160063
0.061,1.93902775412633,1.26539766560883,0.058039992318209
0.0615,0.941400362810111,1.29178582856882,0.03604476567873
0.062,0.531246243694937,1.19771685152664,0.0110777239178231
0.0625,-0.0681173523125374,1.18917643488423,-0.0196743387303128
0.063,-0.373567084159156,1.1305555342615,-0.0424366703961883
0.0635,-1.27456954409243,1.15553198231443,-0.0747160210557379
0.064,-1.41722627465067,1.08139002470027,-0.0648918174262579
0.0645,-2.26930170721649,1.05113851655865,-0.052862566195271
0.065,-1.76185813204456,1.06264470810825,-0.0530625410804792
0.0655,-1.56138692299636,1.12768713684834,-0.0171703968710662
0.066,-1.24161914178946,1.19401604152903,-0.0211795449976912
0.0665,-0.0934159571313509,1.13671978246221,-0.0269047950594911
0.067,0.507762735889788,1.20428212561279,0.0187047990254287
0.0675,1.04168080547387,1.25065176516178,0.0385131141162082
0.068,1.15062681215451,1.25489255111718,0.0485851132034989
0.0685,2.00810363518494,1.2735328344587,0.0884827473225419
0.069,1.81347335433276,1.20281496619792,0.0756435126517386
0.0695,1.40850087060618,1.23671290814064,0.0576548512272112
0.07,1.03812953156908,1.17342819545887,0.0225206403270013
0.0705,0.371232537451431,1.10489592845297,0.0208285763571442
0.071,-0.657615840051598,1.10470037792559,-0.00433814145055045
0.0715,-0.917138039815562,1.09341457484801,-0.0269543591408202
0.072,-1.5602516842816,1.11068195189535,-0.0482946053475694
0.0725,-1.91381030568669,1.06413059139671,-0.022678787117647
0.073,-2.04023067663403,1.03707475444062,-0.0414592631269707
0.0735,-1.72071427672943,1.06260323749888,-0.0369797180472212
0.074,-1.70133987449522,1.03144842138006,-0.0415643916875419
0.0745,-0.404512229056513,1.02912201588768,-0.0427773404195068
0.075,0.130015025363848,1.07357918466687,-0.0158181653817116
0.0755,0.640336711985629,1.08445857205222,0.0118326978063004
0.076,1.19114798645715,1.1712509817994,0.0258297679948402
0.0765,1.38611828671675,1.15185569406432,0.0707220711847977
0.077,2.00335171618946,1.12425880310465,0.119499721277836
0.0775,1.63278614842096,1.14664675349013,0.078650661255712
0.078,1.17094043430232,1.10979560926751,0.0682287342706516
0.0785,1.18150224820738,1.09945581563496,0.0190972948227352
0.079,0.16325467007393,1.12000270690117,-0.0182507699692284
0.0795,-0.582615114435487,1.08908386611855,-0.0321627117284187
0.08,-1.10223837414562,0.991963344336766,-0.056590952317046
0.0805,-1.68954933846429,0.97969053875316,-0.0481716193206848
0.081,-1.99872687868577,0.989858169389368,-0.0264120304468291
0.0815,-1.08689413507065,0.977899426076353,-0.0362313269584401
0.082,-1.06291785984144,0.967613565376455,-0.0533034110838601
0.0825,-0.951016378646985,1.03166826984431,-0.00783135697832177
0.083,-0.749104459739888,0.983174495614292,-0.00852969039603616
0.0835,0.00273506878022856,1.129793962809,-0.00703708665870458
0.084,0.79789980224959,1.06898920810111,0.0268232927018614
0.0845,1.54436020193245,1.11278915587643,0.0704243719505788
0.085,1.32872166054165,1.09202980696946,0.0690862251516699
0.0855,1.16101901331791,1.08447882535607,0.0903237796345416
0.086,1.21812129838503,1.13989109186441,0.0578911625372257
0.0865,1.27881714382868,1.08774091879291,0.0343725847409609
0.087,0.740589788192002,1.06663904954776,-0.0158082375551145
0.0875,0.112919854732058,1.03258183267711,-0.0118192766098909
0.088,-0.675097626748638,1.01890468215835,-0.0171451260428644
0.0885,-1.14868064680615,1.02365174607997,-0.0473982298636912
0.089,-1.69777533123505,0.972681445446061,-0.0524614026401454
0.0895,-1.52554122707579,0.964875553629614,-0.0624848564789562
0.09,-1.99924091177722,0.984272835023949,-0.0460743446357716
0.0905,-1.22992410139142,0.98771536264893,-0.0496289791001466
0.091,-1.05215021922036,0.948673707130496,-0.0756920713067632
0.0915,-0.302211183425081,1.00319789153303,-0.0198204969948832
0.092,0.57165316305933,0.991835727757467,-0.00942757095897927
0.0925,1.28408146979292,1.08482728703588,0.0497269671180937
0.093,1.19170786789762,1.1447489108364,0.0766373810320772
0.0935,2.02635661537555,1.14600002039474,0.043541932314145
0.094,1.87592829096901,1.12622806375104,0.0788809133638157
0.0945,1.45337901632335,1.05953705515836,0.0354948473892807
0.095,0.974607628740276,1.04526242272511,-0.00281685905787275
0.0955,0.378525078908059,1.04598456490767,0.0373136548372295
0.096,-0.293922503993277,1.00716839119905,0.0212379076234697
0.0965,-0.832596075661831,1.00921445625043,-0.00900558540338727
0.097,-1.32780550070978,1.00018722715312,-0.029175492534263
0.0975,-1.44795291125621,0.939570187015339,-0.0279919807788848
0.098,-1.35413054159815,0.94209681411935,-0.0466000071759816
0.0985,-1.45676788467603,0.985576385207934,-0.104795033854944
0.099,-1.24264914669163,0.986145947569175,-0.0748003792936016
0.0995,-0.48364790286413,0.947611502846666,-0.0578792924454052
0.1,0.0458068157503541,1.00446406327649,-0.00779740286740788
0.1005,0.382279664514213,1.03714492102966,0.0528374804001196
0.101,1.42669340684479,1.0468069860447,0.0385394843896393
0.1015,1.64861066915203,1.10042784131756,0.0617733412605413
0.102,1.76723992457139,1.11904119181118,0.0699828627713306
0.1025,1.78038740455279,1.15503055032494,-0.00218887521739843
0.103,1.40316730571428,1.12193600575817,0.0485387244541428
0.1035,0.600934577265744,1.11461327748934,-0.0167165776616168
0.104,0.176951227111343,1.03078295113341,0.00578057816075191
0.1045,-0.468078751631355,1.03540775198084,-0.00434144533989961
0.105,-1.15284008826583,1.05006927928911,-0.0132127968398386
0.1055,-1.04416955936132,0.963512668417748,-0.0262574216230638
0.106,-1.92265416269126,0.99467385387458,-0.0822407792907165
0.1065,-1.82437746344593,1.01534162763911,-0.0546616550257482
0.107,-1.64192783198654,0.959727493533772,-0.0711836348971345
0.1075,-1.31249835963191,1.02892329691028,-0.046762660318961
0.108,-0.479096628870851,1.0171369523715,-0.032757054224385
0.1085,0.14867573885835,1.06303320531104,0.0209212089224609
0.109,1.21721580804655,1.08890206760951,0.0541062389250556
0.1095,1.27251946769069,1.12010347640356,0.0619862705145344
0.11,1.38119276613914,1.14359946164172,0.0641778218883133
0.1105,2.12916117460375,1.1348529632369,0.0273553873655716
0.111,1.87529727007674,1.13706637430176,0.000468570347427422
0.1115,1.12761835749245,1.15680642717301,0.0255280724515811
0.112,0.260611920169591,1.17013011899762,0.00534192529588599
0.1125,-0.111156954111734,1.04794675152616,0.012479756622946
0.113,-0.675914140970531,1.06028135127817,0.00334326552332249
0.1135,-1.11517867953456,1.05713465124206,-0.0486246237183337
0.114,-1.63027429924186,1.04761341026797,-0.0811522402173205
0.1145,-1.61502344919839,1.05808621194425,-0.0885004352059521
0.115,-1.54639240716938,1.0411403212721,-0.0901685148390221
0.1155,-1.64464529227493,1.00337716746617,-0.06375780928926
0.116,-1.06964540380058,1.10281170740641,-0.0331823982777375
0.1165,-0.40186252920051,1.14233041304077,0.0218805683086773
0.117,0.30272673239302,1.13296846419719,0.0326938081492594
0.1175,0.935241325413912,1.17123539281817,0.0604674258317643
0.118,1.46141867291191,1.18802970852849,0.0466572685259757
0.1185,0.938989989208737,1.21588680235966,0.0251571743075973
0.119,1.58173384055792,1.1970614978516,0.0495289205561856
0.1195,1.7681481068646,1.25405810788576,0.0254832108212058
0.12,0.747821778854804,1.16587499126823,0.011466196430482
0.1205,0.662587123521959,1.16809109856441,0.0362090186479292
0.121,-0.1286649009107,1.19370514677001,0.0214094657397487
0.1215,-0.83830529470089,1.14151594375303,-0.00790108622032614
0.122,-1.28333572357075,1.10046367924846,-0.0574596912617447
0.1225,-2.03131916282207,1.0885641967957,-0.0709043169701787
0.123,-1.74188693755507,1.11370689122696,-0.0917010110419434
0.1235,-1.15880187173718,1.14113831936145,-0.0667271371620982
0.124,-1.15526486686676,1.15772551235027,-0.0479239354192918
0.1245,-0.624026992324608,1.21810904064129,0.00235483701933527
0.125,-0.183542278174203,1.16973501178797,0.017038647382386
0.1255,0.626444972406057,1.22857219926854,0.0289947528949123
0.126,1.23711295641177,1.2030113149074,0.0440950309632306
0.1265,1.66474843039029,1.29821312442528,0.0208012201527584
0.127,1.62514251482547,1.31993700053348,0.0365936427467737
0.1275,1.57807392668651,1.30110352632191,0.0252860519946538
0.128,1.83208362297247,1.23808615486471,0.0382268994392546
0.1285,0.264431771372643,1.208193104704,0.0592885117948403
0.129,0.773001931830868,1.30060256983623,0.0309893759570526
0.1295,-0.343414446101658,1.18299959964572,-0.00747065888156752
0.13,-0.760937390305401,1.22583084390923,-0.0293992805214218
0.1305,-1.86797639870766,1.17643835275163,-0.0604750421903471
0.131,-1.83638793201353,1.17253343077282,-0.0850369376652807
0.1315,-1.7580998038871,1.16087579345801,-0.0920061193961266
0.132,-1.34549429119364,1.21155575889506,-0.0237417201873874
0.1325,-1.42761857303695,1.21452368365233,-0.0203744713891271
0.133,-0.309373048927778,1.21849689655298,0.0297792634795515
0.1335,-0.0879106546867087,1.27523859824825,0.0209555313953108
0.134,0.843973447128603,1.31670744526709,0.0474484744297364
0.1345,1.48623628669127,1.34039546609705,0.0410087919113551
0.135,1.71466058273243,1.3761407448693,0.0369523397703845
0.1355,1.98389859750931,1.38254647126619,0.0217299940811438
0.136,1.80449856850011,1.29149189109225,0.0432138660028226
0.1365,1.01197429980798,1.32945996866003,0.0499543338465179
0.137,0.695865126853195,1.3281378763797,0.0568270583581185
0.1375,-0.236094451601054,1.32002545466306,0.0278222790987255
0.138,-0.96182719614325,1.30052497477273,-0.0179662421979441
0.1385,-0.942672747454866,1.27441378974387,-0.0563592348042777
0.139,-1.55133705605148,1.23267044049106,-0.0665744928586795
0.1395,-1.72457309198462,1.28333169886029,-0.0821832843901182
0.14,-1.40225870615402,1.22285499332519,-0.0416375126466209
0.1405,-1.17172569631179,1.22069900339871,-0.0429243558855697
0.141,-0.737850929298325,1.30387799253441,-0.0310557452887194
0.1415,0.097863661857641,1.35165148437154,0.00470569566910874
0.142,0.658385175662003,1.38477293499491,-0.00749503255007687
0.1425,1.06648015290144,1.40138461066688,0.0257788008152898
0.143,1.27300666256554,1.43532152067592,0.049462385545518
0.1435,1.51861817318386,1.42760702906702,0.0237563929713288
0.144,1.97923781334868,1.4724947031206,0.0336823153950856
0.1445,1.04188060196775,1.45763622907035,0.0611369279050661
0.145,0.999543517760016,1.40177769203449,0.0539897737731361
0.1455,-0.0617954375646156,1.39772568773916,0.0465385396013724
0.146,0.040763243394023,1.37990714898325,-0.00271859224096982
0.1465,-0.608384778147593,1.36527052292194,-0.0366413292266955
0.147,-1.31708066864067,1.29527897150798,-0.0778844508017673
0.1475,-1.64347658057406,1.32451833891081,-0.0714519024381487
0.148,-2.32733214801635,1.3177000558386,-0.0439818168453327
0.1485,-1.40090676657548,1.32338437116394,-0.0296864659575126
0.149,-1.7176818719312,1.34942401580077,-0.024987429459145
0.1495,-1.20866394521211,1.33706983132359,-0.0127425057121723
0.15,0.0199834275745781,1.38977515024899,0.0360386843867715
0.1505,0.391503565816803,1.43471294147241,0.0136622887324578
0.151,1.27162738257473,1.41527141717032,0.0117365203903055
0.1515,1.71382164087025,1.40885608025302,0.033655848949945
0.152,1.917807909373,1.4755139054353,0.0624103411436884
0.1525,1.45013489120756,1.45892710912724,0.0916600558852062
0.153,1.4269520185765,1.45274511769398,0.062064777321613
0.1535,0.846956317836475,1.41643128583568,0.0454791040299777
0.154,0.420279387820483,1.36348223183826,0.0329983923254611
0.1545,-0.290039133537606,1.37389041016895,-0.0128755947960431
0.155,-0.777673241397357,1.36061561674133,-0.0623604584598007
0.1555,-1.47227073337995,1.32107688974462,-0.0787174808187667
0.156,-1.71096642545673,1.29500099829585,-0.0403343143839826
0.1565,-1.42192975666598,1.30018164542428,-0.0451795789118835
0.157,-1.96944470502984,1.30548502261802,-0.0323443841237927
0.1575,-1.12741545561466,1.29118884746799,-0.0417352349191588
0.158,-0.741207837988423,1.3673607841453,-0.0547354327513645
0.1585,0.117779277544528,1.42073889053661,-0.0198355022662631
0.159,0.982387356318839,1.41857979688694,0.0301962362221791
0.1595,1.51805206715578,1.42230651307245,0.0246819473384213
0.16,1.36493417121113,1.47277575156773,0.0442446020008193
0.1605,1.58054728544707,1.49202261558845,0.0687286915070346
0.161,1.57370621750472,1.46092452061771,0.0847940203941207
0.1615,1.09150159238024,1.44333960340981,0.0435647955594467
0.162,0.701553324906948,1.40863250494422,-0.0137258166181964
0.1625,0.0999827357389647,1.35395084960763,-0.0250347125976469
0.163,-0.858369979630642,1.34425643902892,-0.0253945227047497
0.1635,-1.20786016082346,1.34727463487428,-0.0352058297736083
0.164,-2.07085807458853,1.29244755640465,-0.0369537973590255
0.1645,-1.40959835889122,1.30608924906848,-0.0387249603091131
0.165,-1.77311257662978,1.28496782093393,-0.0343730504279251
0.1655,-1.60983126085753,1.31695785259488,-0.0480863240306868
0.166,-0.88169663835619,1.30168390953358,-0.0182489476886905
0.1665,-0.56999043888804,1.3108980149201,-0.0331475059437206
0.167,0.417012708728883,1.30118930655145,0.00202285984993012
0.1675,0.857604289737346,1.42096201400706,0.000591370794464325
0.168,1.97744782063296,1.42745786810247,0.048877226032909
0.1685,1.95147393068468,1.44736665620873,0.0919185690995817
0.169,1.04234428350125,1.43999982743345,0.074300775310824
0.1695,1.54258274706978,1.35575092371459,0.0709102193333259
0.17,0.647363402542795,1.38881656743581,0.0342512553835372
0.1705,0.357946406643438,1.41370587157865,-0.00553505769307458
0.171,-0.171392762997593,1.35064589253516,-0.0236958437624365
0.1715,-0.629703420166776,1.28659029131112,-0.050582152372683
0.172,-1.37415621280182,1.25078996341903,-0.03764745945195
0.1725,-1.21752883224832,1.23617535731208,-0.0534291625037313
0.173,-1.81113515419778,1.24778403312074,-0.0519678460609856
0.1735,-1.45085158657467,1.24964470487044,-0.0466096839231938
0.174,-0.993200489210738,1.2313837248667,-0.0264387423438014
0.1745,-0.602068339391073,1.2663447473311,-0.0289151584517802
0.175,0.220238196345265,1.29731086284936,-0.00631350889522715
0.1755,0.7039506322893,1.36445342515006,0.0405359586650461
0.176,0.962536188620845,1.38364865647314,0.0356799514388183
0.1765,1.07977775745949,1.37599424489878,0.0602150557095499
0.177,2.15318349848905,1.33266648614617,0.0926923462538234
0.1775,1.45765350625021,1.37000471491513,0.068451424911522
0.178,1.32899490511306,1.36786857106454,0.055086577100102
0.1785,0.955430354614536,1.31143052972197,0.0258144055670064
0.179,0.240298880121823,1.24540396320082,-6.66129346720869e-05
0.1795,-0.64656545769267,1.22758407876059,-0.0309237909028334
0.18,-1.11034347344025,1.24271620329194,-0.00594095211626441
0.1805,-1.45796993570035,1.19242961534904,-0.0386016211581342
0.181,-1.28984138815646,1.19068336328215,-0.0615320500305769
0.1815,-1.87449453226815,1.18422737080975,-0.054251484445549
0.182,-1.2298314862512,1.20414683569312,-0.0388029663711609
0.1825,-0.915390185046599,1.22645711256421,-0.0283781666761846
0.183,-0.478334260033081,1.23371866279962,-0.0402713793233576
0.1835,-0.052677034786652,1.26256882833904,0.0192968691571843
0.184,0.74203670624051,1.28106008807665,0.0310345179705448
0.1845,1.27852109611829,1.25434075666796,0.0524487375117338
0.185,1.23721973442143,1.32646902176841,0.0923811527838527
0.1855,1.73156489505699,1.32933929181971,0.0687685899565418
0.186,1.32046525296908,1.29581785955976,0.0361341817001702
0.1865,1.13076264679685,1.25661752623842,-0.0166373238768265
0.187,0.704697555913745,1.21693828407672,0.0131641804766737
0.1875,-0.226163514811658,1.1530617020833,-0.00599831475964989
0.188,-0.692491123509346,1.16691815845054,-0.0368919682872019
0.1885,-1.06599936119065,1.15440758887343,-0.044915548165629
0.189,-1.98340185810144,1.14286371549032,-0.0676965310860121
0.1895,-1.42217007878983,1.09832665508484,-0.0582899788705924
0.19,-0.995647677490767,1.08687858324511,-0.0657146403630717
0.1905,-1.05761599760225,1.16293063490508,-0.0466528689316711
0.191,-0.890025355624991,1.18130424708606,-0.0513069582243182
0.1915,-0.103818925079622,1.22578412159591,0.0097352481233817
0.192,0.15955254762727,1.15140918782063,0.00484189343752666
0.1925,1.45854449652023,1.16374339580053,0.0326925724138595
0.193,1.6556951641717,1.22329277828116,0.0667885308449174
0.1935,1.84917264866495,1.23678640415064,0.0758123046877879
0.194,1.43307850465625,1.24136292567475,0.0613924422328694
0.1945,1.49976077015206,1.19075592411149,0.0390189159041258
0.195,0.848639495339644,1.17479635754584,0.0217175455477335
0.1955,0.340178979323802,1.14019878299628,0.00945763816879723
0.196,-0.353145050754865,1.05625576675145,-0.0124946521047408
0.1965,-1.06595592906253,1.05811507745286,-0.0308836389305836
0.197,-1.52170414129287,1.05765426569221,-0.0248157644233527
0.1975,-1.65003818320808,1.02473096881148,-0.0258082518898025
0.198,-2.10088604613231,1.05475966434695,-0.0273841950789283
0.1985,-1.36747659271823,1.05088761179602,-0.0705904083640421
0.199,-1.17873323501788,1.05585551350208,-0.0814986864108932
0.1995,-0.443144749905112,1.08705140962489,-0.0604539473175387
0.2,0.0674121604291396,1.15584114638994,-0.010588302855241
0.2005,0.74129035781342,1.11246839194413,0.0168290976509584
0.201,0.777699190016822,1.22168695759208,0.0560323916550233
0.2015,1.26271613194885,1.21165082162127,0.0479272515765473
0.202,1.56207627624823,1.19790134189419,0.0661972699528231
0.2025,1.62218520563241,1.09380076987097,0.0674029888645951
0.203,1.57398622273236,1.11821659715633,0.0443460538333346
0.2035,0.735050862365271,1.0693682551483,0.0169873481259688
0.204,0.52544127687791,1.08333763644972,0.0132540272514851
0.2045,-0.297865388388507,1.01258752913359,-0.00426296324037586
0.205,-0.691231178695594,1.00108569100402,-0.0319542405486725
0.2055,-1.38258110042793,1.03525845059771,-0.0554380234433185
0.206,-1.80932700536491,0.940287205668722,-0.0690988078234116
0.2065,-2.01518491968301,0.919075432254425,-0.0695766704610981
0.207,-1.37470329645903,0.960518379056037,-0.0967177762449483
0.2075,-0.779261235986695,0.993308914874401,-0.0552455934178128
0.208,-0.489358452618372,1.04626778406092,-0.0120196603138279
0.2085,0.0745264192000276,1.05693996413619,0.0278118876034623
0.209,0.728828146385345,1.06915749741127,0.0581184257374218
0.2095,1.0147182749523,1.10778780864202,0.0925701922122028
0.21,1.46733732093558,1.07906912038707,0.0483119624549071
0.2105,1.62366796022834,1.12412968361762,0.0540755802881943
0.211,1.52420425961306,1.13697320040384,0.0101172817425354
0.2115,1.12832074965212,1.08597695168824,0.0410089754357185
0.212,0.768071072151304,1.09528060835733,0.0143847340458782
0.2125,0.027329423443734,1.01883117196472,0.0257093304256166
0.213,-0.161518115697941,1.02861290608209,0.0391925253354773
0.2135,-1.06545986628446,0.931087917833151,-0.039368727048675
0.214,-1.06003299267956,0.954077621809433,-0.0593660309889023
0.2145,-1.84729841001842,0.96134317154722,-0.0475933546450019
0.215,-1.45617191739194,0.915662531423508,-0.0556466411941628
0.2155,-1.35122553586205,0.9164589411307,-0.053776415857253
0.216,-0.653980717931784,0.965441360854672,-0.0351757154992733
0.2165,-0.0606539212922299,1.00335304530613,-0.00518250761084689
0.217,-0.131602986487595,1.08129624531284,0.01966584751047
0.2175,0.648700663320659,1.03720850430515,0.037079111631547
0.218,1.04789034310536,1.11900080266255,0.0548668692433694
0.2185,1.73840245556768,1.0908175446001,0.049087150063963
0.219,2.0052050368664,1.08002112711531,0.0639074643166845
0.2195,1.32570110387969,1.0771437059514,0.0372470671945908
0.22,1.18268467331505,1.1314639646076,0.0432217075214647
0.2205,0.550779498299965,1.02211124468372,0.018677197934423
0.221,-0.471715566666358,1.0565413994969,0.0149055824644959
0.2215,-0.703103353456806,0.98574327539802,-0.0334185088555302
0.222,-1.47121381051514,0.945677482067754,-0.0354153793872939
0.2225,-1.20457942060467,0.968278530512219,-0.0933288363990254
0.223,-1.66970914381021,0.947840409387632,-0.0780006307813178
0.2235,-1.09714027028143,0.950149281388973,-0.0529547015279139
0.224,-1.24553592127849,0.98592908511242,-0.0351791323397299
0.2245,-0.465193148318917,0.983736987003779,0.000940454472738465
0.225,-0.0156978064296041,1.09232104692142,0.0127317161720344
0.2255,0.106847401978385,1.06268247216689,-0.00415951855839756
0.226,0.892941206328503,1.11078469093336,0.0338421483347452
0.2265,1.65768739191815,1.13637983987803,0.0460818133765857
0.227,1.64552141706784,1.08709678095239,0.01680525145039
0.2275,1.30119418694387,1.15739080851248,0.0306267013893246
0.228,1.12395351442847,1.13029839917421,0.0709844273768798
0.2285,0.862885892243206,1.05732731215074,0.0414022654039296
0.229,-0.0400311055592748,1.0628558582491,0.0285916040677906
0.2295,-0.169353627385011,0.998320087680393,-0.0233443309245843
0.23,-1.13635867818884,1.03790920412339,-0.0359726840979322
0.2305,-0.949780915255885,0.98214888601258,-0.0505601259988629
0.231,-1.90075755344307,1.00176746420717,-0.105440931322501
0.2315,-1.58070826628621,0.978912662335702,-0.079023229978704
0.232,-1.78151735580733,0.998962708809906,-0.0553676174558912
0.2325,-1.15623529777626,0.999458342018198,-0.0153797745359963
0.233,-0.560898035461651,1.03056544657625,0.0252808010157229
0.2335,0.308230036917104,1.07163396429652,0.047371984772713
0.234,1.03450029421889,1.18165414467758,0.0367369296615935
0.2345,1.35275970531181,1.16128041536544,0.0552962020613001
0.235,1.48346516213524,1.16971894701271,0.0278460845574253
0.2355,1.85818616420568,1.17645130611174,0.0419042026708642
0.236,1.69928696256701,1.22786634128898,0.0373543161670621
0.2365,1.16434919448281,1.15549894675551,0.0887591345302272
0.237,0.752689338427677,1.13967472781349,0.014082817705342
0.2375,0.103199002577877,1.0757942848685,0.0211303110509585
0.238,-0.856404482086713,1.06788090955709,-0.0278231821121552
0.2385,-0.943612061841365,1.01574387950514,-0.0484734674927891
0.239,-1.66229182217322,1.04945826872639,-0.0980131341419305
0.2395,-1.80297923834599,1.00942372622224,-0.100810832673641
0.24,-1.52973925172814,1.07814369397726,-0.0525126144790609
0.2405,-1.35183385585169,1.08500008958805,-0.00252083267745076
0.241,-0.829966979518392,1.08079081214019,-0.00161965585245878
0.2415,-0.0584752390179837,1.10464938524562,0.0161276254021358
0.242,0.67299605338857,1.10821491733145,0.00398072821733164
0.2425,0.922430178910996,1.20628034997894,0.0261310826473459
0.243,1.47779577436646,1.23125515064126,0.0213637089403304
0.2435,1.56409648847017,1.21782654676784,0.0346017114319546
0.244,1.68078697020741,1.28823648743318,0.0453567585531996
0.2445,1.50514306690839,1.23624045048037,0.0595802735439773
0.245,0.816853296938838,1.22031821673225,0.0681858192639051
0.2455,0.479493534883484,1.18022008202904,0.0625012256075779
0.246,-0.0567128857862978,1.17708479852914,-0.00339826858020075
0.2465,-0.772402131355382,1.10767103283573,-0.0454260463610373
0.247,-0.839600407920928,1.10842917399233,-0.0875215270430381
0.2475,-1.72198904970426,1.07149857490286,-0.0591072924068022
0.248,-1.8313571654331,1.06515488160421,-0.050993089464576
0.2485,-1.93048877371278,1.05892537927136,-0.053303096702516
0.249,-0.901725515654618,1.18388482546629,-0.00832438828047865
0.2495,-0.390444407216635,1.10507116357553,0.0119913261245387
0.25,-0.0199732097645448,1.27065685689402,-0.00740754072106198
0.2505,0.83162155471936,1.25689471272842,0.00760607181582764
0.251,1.17448175065202,1.20036816716065,0.0435057385850904
0.2515,1.56414963368119,1.28323438526439,0.0361627486435719
0.252,1.67302408604976,1.32445181607866,0.0684009745129222
0.2525,1.67709290121362,1.27799324688742,0.065210335004644
0.253,1.29480784208351,1.31255325253488,0.0661997138528136
0.2535,1.49036638775975,1.23891202895752,0.012588481454795
0.254,-0.0852566205104154,1.24892043305507,-0.00806386958221787
0.2545,-0.87306717402831,1.26618534507487,-0.0298181673258997
0.255,-1.25284726197079,1.20896834165298,-0.0662941160717557
0.2555,-1.66311847843973,1.21875532977629,-0.0932329715683849
0.256,-1.7249861407394,1.17685041045174,-0.0497984275082753
0.2565,-1.65841840877416,1.15877763891413,-0.0519879709791761
0.257,-1.44368656000984,1.20989618961809,-0.0193927954334966
0.2575,-0.831497019850598,1.22085030919505,-0.0358301298651357
0.258,-0.311674531322882,1.3144555811962,-0.0484818837399287
0.2585,0.393892043910062,1.26002623664475,0.016040325340301
0.259,1.23657047473514,1.32019078181042,0.0027610461632913
0.2595,1.57227328422536,1.30051348680162,0.0311603414463075
0.26,1.24218257204734,1.41161012478688,0.0469815021672811
0.2605,1.05766330518876,1.39030744542735,0.0685500298937189
0.261,1.71198412380321,1.40943073411504,0.0948885160917936
0.2615,0.66550639263104,1.3455178291567,0.0716632378001866
0.262,0.621253510261109,1.34507107417727,0.0113504390791826
0.2625,0.00886987145943609,1.34484231323035,-0.00703189227804129
0.263,-0.0475607023862924,1.27117796983115,-0.0479534202258926
0.2635,-1.1409328112435,1.27529716142534,-0.0593677717944837
0.264,-1.61177201604604,1.20191331333211,-0.0615704918298827
0.2645,-1.57865525976175,1.23124592694532,-0.0534949281724393
0.265,-1.49881253312127,1.24354757832524,-0.0109175433167357
0.2655,-1.24633946857607,1.24383517914676,-0.0344720373030473
0.266,-0.942213586577097,1.24380484726653,-0.0173798501243998
0.2665,-0.511156912449945,1.33135321559599,-0.0185709661885851
0.267,0.486829877551974,1.36286650391402,0.0044906257257394
0.2675,0.627735327359029,1.40438855309738,0.0226574456492321
0.268,1.12566951070221,1.43813372452582,0.0447443429126988
0.2685,1.942330682364,1.39662913875169,0.0715284354445972
0.269,1.5045192698103,1.43339260550158,0.110579746465631
0.2695,1.34790890617784,1.4214039874515,0.0672909151792152
0.27,1.18756556639607,1.43492834990974,0.0255719880980654
0.2705,0.332177903365286,1.40199216829652,-0.00389222592023839
0.271,0.0521562818551121,1.32309101882314,-0.000932831735867123
0.2715,-0.874815533075083,1.26582007564382,-0.0609919313557102
0.272,-1.00777831249066,1.27489495058182,-0.0485140244723817
0.2725,-1.39883977842399,1.31645225165988,-0.0546899251047828
0.273,-1.68599680546884,1.2846797943937,-0.0639771267113189
0.2735,-1.69643634671331,1.28801616756642,-0.0303273409730362
0.274,-1.38028456395827,1.29251314912087,-0.031659917192728
0.2745,-0.669442294269019,1.32153760620446,-0.0248417195292558
0.275,-0.109535338900538,1.38508629068576,-0.00752022843101705
0.2755,0.49954587548959,1.42472778167237,0.000634786199028313
0.276,1.36461041639852,1.44372445901559,0.0462557903690262
0.2765,1.40403453657138,1.45268040361186,0.046721773965089
0.277,1.91637852159431,1.4908210059652,0.0474231533686918
0.2775,1.42054747328809,1.44748429802797,0.0686155568488548
0.278,1.50147493363651,1.43875596769882,0.0686424641550134
0.2785,0.6560568384877,1.38743772338017,-0.00705412245725036
0.279,0.248755879997607,1.39489495692498,-0.0196771690935312
0.2795,-0.163240519197469,1.35498457727413,-0.00439634604293198
0.28,-1.06273980708419,1.30202569406729,-0.00337484050748373
0.2805,-1.48724269383548,1.32898331910603,-0.0135704118555455
0.281,-1.10165276025561,1.30950268365508,-0.0287864165049864
0.2815,-1.36447162504849,1.36324722186911,-0.0512442290159058
0.282,-1.48495293563511,1.32782769664111,-0.0415023931376778
0.2825,-0.796172580208261,1.34815660407503,-0.0583625736990894
0.283,-0.495447096726418,1.3541167053289,-0.0182276936372565
0.2835,0.380760676818904,1.35610411640171,-0.00354807091713438
0.284,1.13906894090885,1.3812338356928,0.015004050053665
0.2845,0.854345129632039,1.44939555365512,0.062036387485248
0.285,1.80659330454515,1.49890897064903,0.0904592127361013
0.2855,1.99010733229505,1.46708433355681,0.0978816372552582
0.286,1.48541894140005,1.47587677505665,0.0329335613886388
0.2865,1.55118451931966,1.41382815917763,0.0156761470294562
0.287,0.638144299603172,1.41139074900623,0.00709694237703472
0.2875,-0.309279921165649,1.36327602528986,-0.00207655454354809
0.288,-1.14746127336687,1.31652286225479,-0.017981829821751
0.2885,-1.19719214738496,1.33573830159502,-0.0325237718845619
0.289,-1.29361886828501,1.28571105204374,0.0205544942751304
0.2895,-1.54398918463883,1.18839313857691,-0.0718940311043995
0.29,-1.44326839576095,1.34482742437041,-0.031182510432547
0.2905,-1.39711171357605,1.2902876610302,-0.0627385651048069
0.291,-0.747185066476101,1.33176156420843,-0.0673880896575789
0.2915,-0.613384644151211,1.33297479249852,-0.0276786786768545
0.292,0.214130432830951,1.37894376501484,0.0310706613098461
0.2925,0.750360926715545,1.3911639259263,0.0626933192032024
0.293,1.50159312348549,1.41521005725986,0.0415166647831548
0.2935,1.59196477297866,1.41247718813723,0.0852782449045637
0.294,1.30634325677306,1.3897550676119,0.0653591895152279
0.2945,1.36855973945331,1.39531468647646,0.0523026388706752
0.295,0.781771255071581,1.39454038912319,0.0405317058778902
0.2955,0.236983359864499,1.34981714272636,-0.0358526430034341
0.296,0.012639747265436,1.37065587677481,0.011857579471973
0.2965,-0.753324475815751,1.38397859387756,-0.0255510172832412
0.297,-1.15040263406093,1.24216206264301,-0.0375483908000002
0.2975,-1.32162383352331,1.2209632550572,-0.0561081732131024
0.298,-1.57345443129792,1.20845027792877,-0.0566099645592023
0.2985,-1.32940477575937,1.21481592055874,-0.0737059891114028
0.299,-0.939013460492369,1.25485743218758,-0.0555461338478122
0.2995,-0.304029056935441,1.29034016713387,-0.0479185398422136
0.3,0.118965146819525,1.31044770426058,0.0251330274834252
0.3005,0.949530591670136,1.29235310522776,0.0388073529954152
0.301,1.11463009425343,1.39888610159582,0.0442038709736288
0.3015,1.45361138785808,1.39567658500518,0.0715594736923323
0.302,2.04158817737523,1.34090915014309,0.0581429898259531
0.3025,1.41249116010843,1.35568450552059,0.0590876024219771
0.303,1.24665737384764,1.32979176330606,0.0159875369756114
0.3035,1.0097333345541,1.31538621484382,0.0286512269107544
0.304,0.240281074456663,1.26541674142194,0.0150462986000553
0.3045,-0.0511552642262567,1.22909236551588,0.0260022183170444
0.305,-0.692359558782366,1.22468201808459,-0.0162725926832004
0.3055,-1.29278042091607,1.18541166055894,-0.0160079349004064
0.306,-1.7829643361202,1.17912164647617,-0.0621457971549506
0.3065,-1.44658770703282,1.16433889184131,-0.0596152627785321
0.307,-1.7106114928314,1.17723902203539,-0.0893738353348858
0.3075,-0.888939609983118,1.20416350109442,-0.0563540839777966
0.308,-0.199786300581256,1.20084928101824,-0.0142961831626274
0.3085,0.255770111838034,1.28754189837439,0.030776006266121
0.309,0.998186248858531,1.28819828027922,0.0364738010281157
0.3095,1.75425563296914,1.20601983245764,0.053485873272633
0.31,1.76686521372892,1.27876340287533,0.0393662580433275
0.3105,1.67818266362063,1.3172250061918,0.086107713015953
0.311,1.62112916017959,1.31401697789782,0.0228316298225509
0.3115,1.21128129758605,1.22101356591881,0.0238631440392776
0.312,0.265395567833773,1.28696425206192,-0.00394646645540174
0.3125,-0.104102804924838,1.19880745658097,-0.00200726754695195
0.313,-0.28769659713672,1.12094785804158,-0.00139200749026707
0.3135,-1.11503284373496,1.12344336908567,-0.0394075538453264
0.314,-1.31357501967609,1.09457634999431,-0.0494677198958752
0.3145,-1.86082386449126,1.14920636093723,-0.057623009053976
0.315,-1.51706747274938,1.0356240500225,-0.083141816562211
0.3155,-1.0918527983052,1.08710554321865,-0.0431820573198993
0.316,-1.11674127633709,1.14156100724061,-0.0116154616375726
0.3165,-0.115045295217176,1.17631329402469,0.0331425062001922
0.317,0.355171216168518,1.13078198152058,0.0440871393828414
0.3175,0.711855195743001,1.24329938193309,0.0501010884880658
0.318,1.35032792743698,1.17614970146333,0.0805307055624176
0.3185,1.10752889761725,1.19865050712765,0.0555670628619638
0.319,1.04933407231544,1.21041635101615,0.0377230578238873
0.3195,1.06476673092256,1.23079569072269,0.0301067314161818
0.32,0.69827779789884,1.19728230894454,0.0319998709518864
0.3205,0.106883465217592,1.14960058786362,0.0252698805114088
0.321,-0.632982589992015,1.14170535607266,0.000641247132362258
0.3215,-0.702812454851386,1.06647263868743,-0.0152451889541616
0.322,-1.63764954594135,1.10280104629425,-0.0372751619267167
0.3225,-1.50162258251577,1.03995819647939,-0.072749780281362
0.323,-1.40765192433173,0.974258943843684,-0.0953900625522793
0.3235,-1.45489381647236,1.00596038847265,-0.0775879600469768
0.324,-1.07680934652535,1.01731580165342,-0.0334899208146938
0.3245,-0.686022300626611,1.03454676773014,0.00342416343990211
0.325,-0.370669027764778,1.1140222326408,0.0313887128782113
0.3255,0.58032140730089,1.08378804396358,0.0240869443919199
0.326,1.33952304834328,1.14177336918792,0.0336499244027134
0.3265,1.88737210049414,1.15226987766754,0.0213462029174013
0.327,1.49462241838063,1.13675139853255,0.0340512608231547
0.3275,1.11967289062567,1.15612974163374,0.0273323621399937
0.328,1.27809110170828,1.11408413489202,0.0286933588587265
0.3285,0.86703984834002,1.16432376987257,0.0540656802969387
0.329,0.144324264269383,1.03197340559951,-0.0023009054542851
0.3295,-0.686111156685359,1.05229270201323,-0.00483556726542196
0.33,-0.436522802098868,0.999293407045217,-0.025788931340212
0.3305,-1.94365635967858,0.984636740571649,-0.0649206450960528
0.331,-1.7021936249103,0.925223580497765,-0.075588383976749
0.3315,-1.9048314626667,0.999725299981039,-0.0680152176647133
0.332,-1.5120969987605,0.98942919684724,-0.00537802972973776
0.3325,-0.862318677748091,1.03386601929757,-0.0303411552714895
0.333,-0.363882758054887,1.04438315386324,0.0139758664952614
0.3335,0.0230616885301091,1.02952888902109,0.00408978293009914
0.334,0.965737709924772,1.043072746133,0.0438359022745664
0.3345,1.38929285993211,1.0854245168975,0.0430980352491754
0.335,1.68434697867142,1.12880178525169,0.0519936086126607
0.3355,1.49100667407931,1.08195062691719,0.0397289256175076
0.336,1.71013348331362,1.09852568070244,0.0478894811968801
0.3365,1.26046094236957,1.02101262212751,0.0685449365360085
0.337,1.21609406892222,1.0301792757509,0.0496689754479638
0.3375,0.265864909760289,1.04301331848462,0.0374903401189455
0.338,-0.299464458027334,1.02251009748932,-0.00952539713317788
0.3385,-1.08127303330884,1.01319515677099,-0.0155261136971566
0.339,-1.76856520413097,0.965316849535386,-0.0519923699883965
0.3395,-1.68798509067252,0.955087193056853,-0.0941895922094021
0.34,-1.7092876885629,0.917755160328602,-0.0794611988767865
0.3405,-1.37209856834324,0.901390714628647,-0.0392528327605257
0.341,-0.630814359050252,1.01301218283025,-0.0281777028400125
0.3415,-0.339378672128566,1.02726409191454,0.00239483168107161
0.342,0.173363498791076,1.05395675916948,0.0322380692187332
0.3425,0.836159128428643,1.08700465105033,0.0395503085260927
0.343,1.30764395970166,1.07453452426557,0.020767967987939
0.3435,1.67015995431364,1.13227672921313,0.0648343348336945
0.344,1.32939300181506,1.12739300599855,0.0677874647642784
0.3445,1.42648757572074,1.07901628077803,0.0627347322185352
0.345,0.957175258566564,1.04889972178691,0.067449693472544
0.3455,0.727751944126812,1.03907263976492,0.0497361060131294
0.346,-0.253161735860942,1.03119883965239,-0.0122403654956495
0.3465,-0.801738607124493,1.01767290268796,-0.0434041351855404
0.347,-1.52114771010281,0.990439021229708,-0.0636069981892064
0.3475,-1.8621710327437,0.89031714991291,-0.0766993288440429
0.348,-1.51281409147994,0.95308750582125,-0.0526811136766595
0.3485,-1.50403944802872,0.860653919098665,-0.032691859194753
0.349,-0.964566755538204,0.923504157581064,-0.00199244633744347
0.3495,-0.809495487592216,0.972626588621357,-0.0066168421513007
0.35,0.477128082589562,1.03013588745497,-0.0114556518150317
0.3505,0.616682632209868,1.05798112415576,0.00669491985891496
0.351,1.35149800136925,1.08290600735933,0.0195545598635643
0.3515,1.38342417597921,1.136986804786,0.0335199656974763
0.352,1.54759062600859,1.11861596325053,0.0987459365949329
0.3525,1.68571790932607,1.13966580332585,0.0659042308498185
0.353,1.36467120661491,1.09846538514213,0.0671361557275257
0.3535,0.4861756076314,1.05229504673578,0.0332416734967569
0.354,-0.183862989990395,1.0178041627036,0.00740155612835482
0.3545,-0.669875024981891,1.06174265206242,-0.0346083847805699
0.355,-1.28833745941547,0.988519302715327,-0.0541500344632585
0.3555,-1.3270889727242,0.997464805675287,-0.0609316703390904
0.356,-1.66379482054632,0.97428058021415,-0.0633491742003961
0.3565,-1.65271162445907,0.961422008166428,-0.0404386213891918
0.357,-1.6815180467733,1.00473735190358,0.00970580467427637
0.3575,-0.7386850345704,0.989012455692549,-0.00303513691576449
0.358,-0.285071226365759,1.07194835688931,-0.00310916709075154
0.3585,0.176590975968741,1.11562675780283,-0.0206306954863568
0.359,1.02006079553011,1.16349582050696,0.0191890607057262
0.3595,1.00445177673386,1.15544121869981,0.0490358458478099
0.36,1.61291305407453,1.18093058014548,0.0230153482338638
0.3605,1.6706084898404,1.18360783842464,0.0780644063067197
0.361,1.52268726926185,1.12567025887415,0.113800680022611
0.3615,0.903430424197913,1.13831941586217,0.0406481106181811
0.362,0.665480607753931,1.13259681724101,0.00563633292910637
0.3625,-0.128720408231574,1.05990949166811,0.00605601064221458
0.363,-0.807677799249465,1.06173731018544,-0.0651482160510691
0.3635,-1.38579953408493,1.00439291833742,-0.062148574661608
0.364,-1.17441340384909,1.02521342175401,-0.048893356638693
0.3645,-1.79276889657485,1.03634654585906,-0.0508762846549962
0.365,-1.5498275850842,1.04728340601807,-0.0386316607113292
0.3655,-1.52254416343663,1.07613809205986,-0.030610802097699
0.366,-0.837176083278749,1.11220061069507,-0.0365343898781202
0.3665,-1.006449634757,1.10891979324231,-0.0219128124349427
0.367,0.12194214353642,1.1782845687317,-0.021730181286567
0.3675,0.573706044256038,1.21180918585297,-0.00982828863002042
0.368,1.08251058282679,1.20080321157229,0.0669517670917449
0.3685,1.50085091277038,1.22413638213518,0.0437581717354319
0.369,1.47255880920471,1.25239817642774,0.0710017516179
0.3695,1.82152144212779,1.21643295384508,0.0890968600024723
0.37,0.786558109872501,1.18045591740247,0.00137386812706673
0.3705,0.330691916267184,1.16427501455348,0.00288012620872424
0.371,-0.590456756063117,1.13472184272137,-0.0126002429473243
0.3715,-0.880772890109167,1.0974326809622,-0.0161691247728589
0.372,-1.55210210175042,1.14830538033742,-0.0473822429954525
0.3725,-1.49507473153768,1.03880510326911,-0.0465424840053503
0.373,-1.36331382588833,1.0993280203865,-0.0704316057417891
0.3735,-1.32804425599714,1.11794377723651,-0.0361457329358076
0.374,-1.25615754791069,1.14238103435625,-0.0530125861710583
0.3745,-0.98885785134106,1.15962219583665,-0.0476945187106314
0.375,0.365003296285565,1.15419048628862,-0.0151281686811383
0.3755,1.09352941923947,1.21764681079916,0.00556007010609859
0.376,1.11037120751855,1.23297337840989,0.0319080672759096
0.3765,1.18013244573567,1.30657167856154,0.0500539307577197
0.377,1.87382271095485,1.286108869674,0.0814107426416324
0.3775,1.35185809592975,1.31291425365732,0.0580801016547419
0.378,1.09760130383036,1.2867780693339,0.0344843224666065
0.3785,0.981158355122984,1.25327301956587,0.0205703696344626
0.379,-0.148731043950457,1.22391254389526,0.00679774430951735
0.3795,-0.881151843095371,1.17887494929955,-0.0345567877802441
0.38,-0.82108292101877,1.17376614970905,-0.0328609856892426
0.3805,-1.23010600437913,1.16324853222286,-0.0436937679437569
0.381,-1.52359753885391,1.17157780006832,-0.0387537234216754
0.3815,-1.42294121206504,1.19161463074238,-0.0597071525724158
0.382,-1.05903213565975,1.20139235030664,-0.0641403340565346
0.3825,-0.682831781343334,1.24495052918912,-0.0552562087214369
0.383,-0.533625886000498,1.25199833102517,-0.0139257063003012
0.3835,0.399755990679142,1.31531471679147,-0.0181860648249963
0.384,0.801415099518973,1.3117613457165,0.0218634198221697
0.3845,1.08590689741396,1.33566158280426,0.0815142473696579
0.385,1.19776330813049,1.38725629998305,0.0616618916450771
0.3855,1.73144575728422,1.38016428451695,0.0828340241585774
0.386,1.33446328368488,1.3710688378532,0.0419733836441611
0.3865,1.08789207077533,1.33958437602312,0.0260384607810423
0.387,0.380447960167401,1.32696715708141,0.00535698009093919
0.3875,-0.387628618694833,1.27943128158224,-0.00439368667458491
0.388,-0.535585742648484,1.27419628118124,-0.0248111061683542
0.3885,-1.091065085525,1.26406724364317,-0.0369469374018879
0.389,-1.12161873588853,1.29193025143173,-0.0375880732428709
0.3895,-1.36708095834186,1.22678169920227,-0.0280570852826483
0.39,-1.23014774354459,1.23447483287896,-0.0283652751323962
0.3905,-1.39696858458048,1.27161020957645,-0.0554910890214662
0.391,-0.990329801261813,1.29550749532543,-0.0321103405743838
0.3915,-0.513983101793713,1.32301640750432,-0.0341060774024053
0.392,0.514747416370177,1.35888840096547,0.0192272552777252
0.3925,1.61948061902898,1.32422925922515,0.0666315636045551
0.393,1.50637620493984,1.44849904867439,0.0719508630739443
0.3935,1.34736203918108,1.44140624497407,0.0673238543706422
0.394,1.74951691701635,1.41294609808818,0.0405655704687009
0.3945,1.04170544701066,1.3974149276742,0.0627429998315665
0.395,0.565286233149684,1.37829744508696,0.0184449260710587
0.3955,0.569135073157782,1.32387192914489,0.0124979825869138
0.396,-0.390878212010023,1.33916134881411,0.0175494048712698
0.3965,-0.675797329352312,1.356072774355,-0.0172175380367821
0.397,-0.855366560280452,1.25234320817862,-0.038506735358349
0.3975,-1.38927750142706,1.23442867216988,-0.0440646983019288
0.398,-1.33043550139982,1.28417843090014,-0.0849336686168801
0.3985,-1.81810803054426,1.25368204912133,-0.0830223001960449
0.399,-0.906200923390307,1.30479927221947,-0.0587587408836373
0.3995,-0.0415330562315154,1.31775038111215,-0.0389169587809033
0.4,0.135284853354264,1.38414192733821,0.0254457995231447
0.4005,0.190737703992846,1.38904671638517,0.0477990727729617
0.401,1.02004943870365,1.43218810996206,0.0635821117910472
0.4015,1.29017946425004,1.45989688649822,0.074975870736929
0.402,1.6564200907775,1.46789591475424,0.064639615483126
0.4025,1.58996305678911,1.46740812562307,0.0468393224506561
0.403,1.30584144127844,1.43044474910497,0.0256737061996654
0.4035,0.662001630476402,1.34273901887836,0.00128235059449868
0.404,0.0460346660008407,1.39644296887575,0.0191697309255129
0.4045,-0.535945884218281,1.33153368019751,0.00287268460727009
0.405,-0.704799271361181,1.34857735634795,-0.0321839623113502
0.4055,-1.78195325683741,1.27253651698841,-0.0473329034778814
0.406,-1.58572832966133,1.33212355276697,-0.0633130949772018
0.4065,-1.46603957961901,1.27436487086939,-0.0868065585459828
0.407,-1.48120185554854,1.29265138223356,-0.0675047934971584
0.4075,-0.798074598595489,1.34456713347325,-0.0480726096817575
0.408,-0.405902868204981,1.42976820549685,-0.03047314873716
0.4085,-0.0390308712296413,1.36051785488021,0.049313752342872
0.409,0.791839673408826,1.47050843247209,0.0188767657817729
0.4095,1.13468553235598,1.45395761584186,0.0533808817453283
0.41,1.380587914057,1.42610813302766,0.0695776391570218
0.4105,1.37819735879845,1.47867658177031,0.0708648284646966
0.411,1.42583451191727,1.45393438326826,0.0185346602614931
0.4115,0.605374731553424,1.41443431385243,0.0177842190328244
0.412,0.474060151843489,1.38887071696667,0.0488992178091301
0.4125,-0.135887030403117,1.30964826114284,0.0193865597823621
0.413,-0.801417317715603,1.3354645532947,-0.016362113806119
0.4135,-0.902985819232066,1.32933794457053,-0.0226462187084653
0.414,-1.59256073612218,1.30206345307232,-0.0780158938926928
0.4145,-1.41869284892147,1.27494318660087,-0.097528053909434
0.415,-1.23650277632324,1.31873657145579,-0.0682703961860851
0.4155,-1.23842786884862,1.28735833714911,-0.0879272254608976
0.416,-0.680210040875419,1.3387475262177,-0.0346199306722904
0.4165,-0.0351183664169515,1.31187341805678,0.0246283002796491
0.417,0.366607945429418,1.36845882699214,0.0210800331837407
0.4175,1.04939373323036,1.4075907409218,0.084107408921341
0.418,0.997303311903286,1.43869006793571,0.0680924131099465
0.4185,1.80481233484737,1.42668475997185,0.0204278273371013
0.419,1.27954846718118,1.43315938063793,0.0537142393231499
0.4195,0.855046424543315,1.44676109208036,0.0143188654238522
0.42,1.25950127081142,1.42304078569,0.0182769452435642
0.4205,0.370697146575831,1.33876674979797,0.0578709321544646
0.421,-0.0824605325556346,1.32976422900847,0.0276743681865075
0.4215,-0.839032782259177,1.33753556325489,0.015699376950083
0.422,-1.45163101107565,1.26984537911461,-0.0274306834069485
0.4225,-2.2448290131196,1.24807897455954,-0.0671210675491522
0.423,-1.3926655343271,1.28260520527921,-0.056788384904067
0.4235,-1.47598693333679,1.27084499462843,-0.0939513191053052
0.424,-1.11158524474786,1.23850872558958,-0.0333218956491594
0.4245,-0.469737880488668,1.28009142938565,-0.0144732788508546
0.425,-0.354837115133728,1.27207916085161,0.0208905519965989
0.4255,0.388578050402891,1.32409749628235,0.0530217993725975
0.426,1.3483381639591,1.38007485453809,0.0651244401469797
0.4265,1.55230820052251,1.32827476637387,0.0327825009714886
0.427,1.2267475571238,1.40114272358771,0.0256872712244909
0.4275,0.923184059166035,1.35127269230573,0.0397190317133936
0.428,1.05116360040727,1.32344264696206,0.0571695746487682
0.4285,0.799886393076344,1.29518856416952,0.0408652325108659
0.429,0.429740674087176,1.22072209009382,0.0261300240850873
0.4295,-0.361732293968196,1.24772451754656,0.0102400679276832
0.43,-1.19076334301515,1.18467822862115,-0.0455150145638709
0.4305,-1.23067348311488,1.14411442784028,-0.0512680253289447
0.431,-1.81362315822972,1.17903718645644,-0.0686469872997517
0.4315,-1.7605150111055,1.15725958963145,-0.076723095118118
0.432,-1.46996058517294,1.16960704619024,-0.0237415004224709
0.4325,-1.21673776097571,1.2014676364479,-0.0486519657090463
0.433,-0.452433412509377,1.22540489264079,0.0270068824902357
0.4335,-0.0311466160425464,1.23547187798231,0.0212350986645142
0.434,0.673530325524111,1.26148585933121,0.00987095994390426
0.4345,1.07565658817337,1.27674687204491,0.0366716657671338
0.435,1.36768963965956,1.29095311085655,0.0193559530842087
0.4355,1.41658743841971,1.26984302456511,0.0817012131654626
0.436,1.70650961673274,1.24672091183103,0.0636931664317317
0.4365,1.21018863203773,1.23004908207574,0.0267293024770506
0.437,0.58341398632681,1.24980926272167,0.0308060767196805
0.4375,-0.366736682606982,1.20016326914407,0.0140114414766641
0.438,-0.974897772906492,1.19302252718627,-0.0291129016068815
0.4385,-1.54806036191713,1.17159183792026,-0.04752559731101
0.439,-0.745419076727637,1.09114387808433,-0.103472060457331
0.4395,-1.2972205315111,1.07039252727407,-0.0586841816170334
0.44,-1.40332021285077,1.04553636657766,-0.0811626465940192
0.4405,-1.4323230638476,1.10498502646526,-0.048596661929927
0.441,-1.02972005830167,1.15069449837525,-0.0202733074639706
0.4415,-0.0563890292985198,1.19897168431448,0.044825359862283
0.442,0.774753252630868,1.18180864094782,0.00837574011110164
0.4425,0.482876134192218,1.1883149123792,0.0413049527759191
0.443,1.18915703340107,1.22502369040014,0.0154719461731627
0.4435,1.49282859393626,1.20046183849094,0.043265578337184
0.444,1.01563740812196,1.22353099904287,0.0825436411267672
0.4445,1.51113467844074,1.20308505392839,0.0568744763432392
0.445,0.801754731423457,1.14360658499275,0.0670849204834862
0.4455,0.86105798780138,1.13935510760661,0.0413454036193749
0.446,-0.290719382326239,1.12926199047333,-2.23947879666817e-05
0.4465,-0.639404293936902,1.12551887556977,-0.0575872780676065
0.447,-1.47166862929624,1.07214303460602,-0.0710915559584984
0.4475,-1.61993409166622,1.09547535939726,-0.0621611871044854
0.448,-1.82791932156086,1.00869704353428,-0.0654951889961963
0.4485,-1.29393781896894,1.03863505165519,-0.0462816665101257
0.449,-0.727535504559189,1.04187912536852,0.00815874801729496
0.4495,-0.71457399619487,1.07286710263041,0.00288766423777248
0.45,0.109093847890491,1.06190949161228,0.00515157675710884
0.4505,0.439874813032205,1.1169202121085,-0.00605719762000602
0.451,1.07778547012962,1.13231855897525,0.0293033178895299
0.4515,1.68968335589411,1.14471822919377,0.0149271631051158
0.452,1.56366078344165,1.14903244411172,0.0714486973759141
0.4525,1.20194803174085,1.14511784272968,0.0809592593754213
0.453,0.969297661646811,1.13542930235383,0.0691167182543956
0.4535,0.697416298226854,1.14776127708982,0.0664702336216695
0.454,0.144537999931965,1.06590207264524,-0.00437476795158025
0.4545,-0.598261988122437,1.04417949595333,-0.00180672751069729
0.455,-0.857089998507836,0.964876553789676,-0.0556473625965214
0.4555,-0.979192601767292,0.996503998207133,-0.0724869495046471
0.456,-1.5700850818367,0.979557508338758,-0.0343752022663124
0.4565,-1.55817151948898,0.955065836095862,-0.0729369088727034
0.457,-1.84552506774084,0.994052409539835,-0.0480731179950213
0.4575,-1.09509517936086,0.992398092318277,-0.0221727823464104
0.458,-0.72965890353172,1.01760605156463,0.00484932747978102
0.4585,0.0955935290414953,1.01951562750768,0.00149103029142264
0.459,0.869858553373113,1.10604680252069,0.0159140146887366
0.4595,1.56170122111387,1.0730811479971,0.0256394249420107
0.46,1.90695198167138,1.11644965118233,0.00952770352205949
0.4605,1.49981336201301,1.11866650373697,0.0497827656921981
0.461,1.30595553864867,1.12742543920207,0.0754010730762
0.4615,1.25277765948017,1.108756966211,0.0552391759865043
0.462,0.686231797853403,1.01905390145978,0.0391602849139033
0.4625,0.191312790003913,1.06752546931243,-0.00622079286149874
0.463,-0.36892498164137,1.01521870247462,-0.0298676612038414
0.4635,-1.41774125981112,0.942980895408942,-0.0491248421262273
0.464,-1.24945905442068,0.92302945121807,-0.0596047100156573
0.4645,-1.54978003377696,0.931964974971744,-0.0388088750183485
0.465,-1.64484336852168,0.931028704074151,-0.0275752146134323
0.4655,-1.35180550888461,0.989720510769703,-0.0381780337149344
0.466,-0.416290510361671,1.01373594481311,-0.0245922933170441
0.4665,-0.394049320875998,1.01746220180696,-0.00831094232540227
0.467,0.0709368358679031,1.07138197903318,-0.00965975425897955
0.4675,0.951988896091125,1.07067273964816,0.00877135932448948
0.468,1.79286081277283,1.1274724755069,0.0802504245838072
0.4685,1.50710136675418,1.1351558831828,0.0610592334666809
0.469,1.57752501570843,1.06053458154975,0.123669740223909
0.4695,1.05492890787044,1.1127628461615,0.0669207525015394
0.47,1.31608558816627,1.07841701825593,0.0230570215444002
0.4705,0.410923079398868,1.03399826691268,-0.00848510484880153
0.471,-0.058788048088342,1.03634993774206,-0.0405600603030702
0.4715,-0.973255307610034,0.969674053198754,-0.0379603570322666
0.472,-0.962218115603389,0.943780084793092,-0.0509224429377956
0.4725,-1.35368005022248,0.96409775268101,-0.0489877353549719
0.473,-1.81135978638792,0.941071275390484,-0.0421268388994559
0.4735,-1.37001902873588,0.955587696457988,-0.0290280898845097
0.474,-1.15647151465822,1.00588559159432,-0.0271380015049996
0.4745,-0.533919249578038,0.983149707845709,-0.0477004768841203
0.475,-0.0626382106115922,1.03606110045108,-0.0433999709861402
0.4755,0.513559424771421,1.08274211422315,-0.00974815448762757
0.476,0.784863065528182,1.05162653663621,0.0260867782382995
0.4765,1.29768288879829,1.10895898428697,0.0581792057096814
0.477,1.71186141657149,1.11000986761222,0.0607203233588783
0.4775,1.88459780791939,1.1269338630601,0.0614380464616782
0.478,0.883132398762059,1.10861133453536,0.0497340867478233
0.4785,1.32779208597173,1.08060167454519,0.0240671491645547
0.479,0.57229792468749,1.02875196553934,-0.0117252544877571
0.4795,-0.33635506306138,1.05345122720327,-0.0197868422491271
0.48,-0.969697362924595,1.04578457833959,-0.0484836756016433
0.4805,-1.45919928345345,0.997716737774136,-0.0456264335349172
0.481,-1.28596883750653,0.999833988699176,-0.0446582389320865
0.4815,-1.66755133962553,0.978582015757429,-0.0569106733971016
0.482,-1.39933225980408,0.979089032596905,-0.0560327280283257
0.4825,-0.672709192435345,1.01970319321247,-0.0517915189983644
0.483,-0.269032536064578,0.997758342364554,-0.051962611383076
0.4835,0.414665035291319,1.12705202613625,0.0208450869356892
0.484,0.858211617603935,1.13680024080474,0.048959508791201
0.4845,1.07037195839218,1.08018067057465,0.0808995789057772
0.485,1.31617036843434,1.11348216853231,0.0905813592709344
0.4855,1.71480563956209,1.17722139731318,0.0619054787180273
0.486,1.2061324078198,1.15108645317905,0.0604190082768593
0.4865,1.33592987894317,1.14086604623923,0.0287100227727827
0.487,0.75645670435122,1.07195844191855,0.00956340026586397
0.4875,0.0719303736685197,1.09796359667802,0.0100017099478054
0.488,-0.557779143831712,1.07385797270666,-0.0309053558291456
0.4885,-0.947133590336047,1.06593852419624,-0.0108186912256986
0.489,-0.490818624904435,0.988901507670761,-0.0257918057514472
0.4895,-1.54170239160143,1.0601141468834,-0.0381101970879519
0.49,-1.83125495934719,1.00535163657444,-0.0593235275740343
0.4905,-0.689364995657153,1.05745080493923,-0.0799581510520013
0.491,-0.577775822419974,1.12817857601833,-0.0553132425777108
0.4915,-0.351923507334169,1.1552710032177,-0.0351468578266499
0.492,1.03116342456296,1.16109421060527,0.00952894186359388
0.4925,1.02822890163617,1.21261808853939,0.0761639168871185
0.493,1.35247906863224,1.17093394466843,0.0472256241013542
0.4935,1.29317785416786,1.24553514542461,0.0624772087242824
0.494,1.22114596569621,1.25252470171538,0.0731806919763196
0.4945,0.836153378386838,1.18754000550498,0.0179274144335014
0.495,0.783982573382745,1.20642894901655,0.0330611613362454
0.4955,0.113092755499234,1.26527714619067,0.0109592310488759
0.496,-0.0277078614640526,1.18287918004142,0.00821269310487583
0.4965,-0.808240028111614,1.16730211168838,0.00986099917908019
0.497,-0.723238178066619,1.12952987457596,-0.012692118823125
0.4975,-1.0606803114788,1.06662062680495,-0.0709381234449972
0.498,-1.46809439838495,1.04512552378861,-0.0587080847937447
0.4985,-1.4386230637062,1.11164928191924,-0.0557120662178294
0.499,-0.74668681295029,1.10571909558068,-0.104608526331579
0.4995,-0.842968791824058,1.12269054911545,-0.0468100753926857
0.5,0.168424674135379,1.19584112711481,-0.00201697948946118
0.5005,0.388868949364214,1.24693399957582,0.0353901660604808
0.501,0.933923533442453,1.33139755157756,0.0799584189728546
0.5015,1.19854595334201,1.27215757202957,0.0617191186177801
0.502,1.65089297421406,1.30062185993819,0.0531165701616577
0.5025,1.24128766223117,1.37688855260196,0.0370900243566492
0.503,0.897150816993218,1.2575665880779,0.0219685443894255
0.5035,0.865294101126383,1.27763756950524,-0.0137396648563538
0.504,0.083259195286001,1.23797648944488,0.0195954615278247
0.5045,-0.284787876540374,1.25999805955059,-0.000565935582909511
0.505,-0.974576217379647,1.20109240423659,-0.0112650086428981
0.5055,-1.20595988179383,1.21972821556089,-0.0369240688760583
0.506,-2.12225693942355,1.18723788191797,-0.0685627113429143
0.5065,-1.36441939074722,1.20192436351085,-0.0712998061662705
0.507,-0.809286492459983,1.14431943930091,-0.0413762478438029
0.5075,-0.626006132816879,1.19723503506596,-0.0428538660470125
0.508,-0.147001203060607,1.21085563397498,-0.0151569910891171
0.5085,0.128885959197568,1.23926732619958,0.0437692946791483
0.509,0.770900821637974,1.3445643052266,0.0605008873444819
0.5095,1.22146059332612,1.37568171899324,0.0569085233469796
0.51,1.45614520073053,1.35868901393702,0.0490631324245573
0.5105,1.2948919754206,1.34078245758733,0.0359114054428958
0.511,1.27389745804039,1.3982496895577,0.0259103839595135
0.5115,0.986517457139465,1.40785451933073,0.00053093356278364
0.512,0.433749849792462,1.35266074753799,0.0157509533412273
0.5125,0.209209177854533,1.28113678204907,0.000133924827068154
0.513,0.080867966383078,1.26649809709856,0.0556353271205014
0.5135,-1.36032388438643,1.27931696721992,-0.0499836638483988
0.514,-1.32844613060845,1.24595074695002,-0.0576130225702516
0.5145,-1.86100184719795,1.27083309560528,-0.0845642688552561
0.515,-1.10391603652291,1.21767651817706,-0.0793453809468518
0.5155,-0.805486052272121,1.3109209127146,-0.0560160530779578
0.516,-1.13951137467384,1.28247891526816,-0.00981086273899603
0.5165,0.29763029185709,1.30138670692163,0.0285095938305555
0.517,0.102372207175416,1.32041177308761,0.0237059146693299
0.5175,0.939438231271684,1.41138838241186,0.0514452472595006
0.518,1.54251864333392,1.39899286264252,0.0423601150637424
0.5185,1.51147593525198,1.4146393838628,0.0325720292462523
0.519,2.04833715418612,1.41420519070646,0.0581499000637136
0.5195,1.95526039896801,1.385861524806,0.0571677910415284
0.52,0.916540864741599,1.37774990782548,0.0329030310885755
0.5205,-0.103677046550709,1.37067433152182,0.0291985878910554
0.521,-0.279242751447342,1.41168912984005,0.00153823437649184
0.5215,-0.934511014731722,1.30897320438921,-0.00738794806530457
0.522,-1.34652089479489,1.32321097957753,-0.0612231769003177
0.5225,-1.70771916286638,1.25852351301011,-0.0967997692279647
0.523,-1.47640275727731,1.31109466306081,-0.0634853835631727
0.5235,-0.829357528722469,1.32100767788749,-0.0619584573297781
0.524,-1.20467573631514,1.33488108738772,-0.0402981475776625
0.5245,-0.621624043227842,1.35143640003503,0.00555576040653663
0.525,0.291618751128928,1.31643414574094,0.018047528009546
0.5255,0.854507492963724,1.39773599329992,0.0201670230701075
0.526,1.14638138631578,1.44657416335799,0.0602365339714588
0.5265,1.61109599574974,1.3930011905607,0.00716102359670018
0.527,1.71153862169266,1.44318302260609,0.0417887527295698
0.5275,1.32786302952763,1.48882263399413,0.0770674496781991
0.528,1.26013215780371,1.44025742796842,0.0255644406760907
0.5285,0.645932963812397,1.45751263418194,0.0431448240705914
0.529,-0.0374982752534102,1.37872684182129,0.0181418569339095
0.5295,-0.213229757333995,1.39656908904564,0.0243445417936348
0.53,-0.862016566530075,1.33741603492396,-0.0361391322977403
0.5305,-1.30903202911038,1.33267358066686,-0.0578246333821952
0.531,-1.3953092564419,1.25815081935,-0.0846123964007056
0.5315,-1.22106052749971,1.25701693943211,-0.0763497071995852
0.532,-1.16335574211059,1.32697640344504,-0.0200460363115456
0.5325,-0.829473437110217,1.32186070778619,-0.0081406278084132
0.533,-0.301514565216948,1.30465343434005,0.0310628683370215
0.5335,0.199978901659184,1.37528471250468,0.0209228845305619
0.534,0.525712989809417,1.40615684185861,0.0303778246123934
0.5345,1.34698444212958,1.41360143860975,0.0457669520358262
0.535,1.77179796727686,1.41549155146542,0.0447589902223295
0.5355,1.35589484978618,1.46240336365326,0.0348955789180416
0.536,1.83203494330967,1.45734884375809,0.0408848552136971
0.5365,0.977174305059679,1.40445775768744,0.0539769774201317
0.537,0.488150016278802,1.44169621953163,0.047694603934682
0.5375,-0.224400164677366,1.35656791409369,0.0186539527992956
0.538,-0.746979676142383,1.28086740058958,-0.0169673259999172
0.5385,-1.25876524942249,1.31410253670426,-0.027950497228616
0.539,-1.26020211617459,1.31853628780722,-0.0495985277455766
0.5395,-1.0880791864125,1.22797551870583,-0.0551581601670992
0.54,-1.28522158954235,1.34310976135164,-0.0582688759642284
0.5405,-0.934325366923277,1.29053035258792,-0.019499836262223
0.541,-0.382107720009208,1.2955856795865,-0.0366992277393933
0.5415,-0.811533830511367,1.35511757208028,0.0141584514692975
0.542,0.328402713237752,1.35806507643659,-0.000660031661376036
0.5425,0.96329709192847,1.42749395332981,0.00191344799187464
0.543,1.4360550347886,1.4568906082352,0.0221658562674479
0.5435,1.13561868666567,1.43864559338535,0.0718268373438866
0.544,1.21010856026621,1.42269973302064,0.0826080396586536
0.5445,1.45375285467556,1.35797828739717,0.071249445459116
0.545,0.845135103156505,1.36280141138114,0.0852704972393604
0.5455,0.508111685105452,1.35631484554354,0.0389547206755212
0.546,-0.426517928101725,1.26277915308627,-0.0172406451118322
0.5465,-1.12463995713779,1.25949728471366,-0.0420773838240028
0.547,-0.954967422212291,1.26932106747033,-0.0672698169226188
0.5475,-1.11504738342291,1.21017678714091,-0.072781164025554
0.548,-1.07490321490543,1.21690306110119,-0.0399636849370406
0.5485,-1.72724897151581,1.25312171517293,-0.0373107247806738
0.549,-1.35099114402664,1.26390354629459,-0.0464794634335421
0.5495,-0.915152220407312,1.28353465798042,0.0206470334279147
0.55,-0.0104157685741153,1.37902814050113,0.00859052742645475
0.5505,0.392622453895241,1.35167626072979,0.0309813292911409
0.551,1.34460524946299,1.33272885137233,0.0272571192298407
0.5515,0.979024254236259,1.36837345755054,0.0437299876266692
0.552,1.04525558179102,1.40530883290043,0.0860430272094385
0.5525,1.4622291003392,1.4170618617403,0.0471236347437742
0.553,1.44109755412384,1.36490406921948,0.0552732438586591
0.5535,0.513731067394691,1.29388002321509,0.0503198755840898
0.554,-0.130573447635817,1.30518075676427,-0.016766691812191
0.5545,-0.406008890849927,1.26760205304586,-0.0235038025683563
0.555,-1.28033498082137,1.23499783124383,-0.0466659894096102
0.5555,-1.24691928227924,1.19287913463294,-0.0678757702633809
0.556,-1.24835323642194,1.17265085885205,-0.0638650192328062
0.5565,-1.40076078435037,1.17779297989035,-0.0600818003348134
0.557,-1.72790985744576,1.16361977312964,-0.0385468547683309
0.5575,-1.00466677960045,1.2155727225099,-0.0128171567743475
0.558,-0.443732775510715,1.21895295151796,-0.00920342495260825
0.5585,0.63893872986172,1.28592419771635,-0.0225196730377947
0.559,0.941775812129137,1.29241363158452,0.0151006549389335
0.5595,1.12599771302099,1.29547174523416,0.0253219508849984
0.56,1.7345446855344,1.33858960409233,0.0379581907112967
0.5605,1.21525996394816,1.32395651505539,0.054410929857551
0.561,1.25126683200737,1.29614642170101,0.0593338608753864
0.5615,1.36547964579974,1.23648980656126,0.0628390580391002
0.562,0.919899781071864,1.27395105640977,-0.000358027405990478
0.5625,0.182593998634372,1.19621012721209,-0.0294692957356698
0.563,-0.421425507867917,1.15547864429802,-0.0442723190990066
0.5635,-1.15816250092773,1.13709654146803,-0.0898724600271179
0.564,-1.15070410927197,1.14610467062562,-0.0648560785060145
0.5645,-1.68141709324556,1.10564999647749,-0.0155085573445418
0.565,-1.26111352939903,1.06725781078351,-0.0342637104832883
0.5655,-1.06741549629678,1.10289287070146,-0.0242109637929501
0.566,-0.426491440953444,1.10576925876736,-0.0076753358991128
0.5665,-0.291491364227735,1.14587151058155,-0.0659559319538185
0.567,0.526101590880044,1.14198673294174,-0.0222062546503444
0.5675,1.06571455535172,1.21293179407285,-0.00953017939274518
0.568,1.02119880548716,1.20807111478885,0.0755561994164961
0.5685,1.48815757882832,1.19859977970954,0.0613764770795523
0.569,1.84815627590197,1.20337552223161,0.0781236266021937
0.5695,1.27324914194752,1.2436237316099,0.0610863109748004
0.57,0.789505140799398,1.14490814025253,0.0263949557296986
0.5705,0.480782139003394,1.16402931690641,-0.000332615888954797
0.571,-0.253508426409841,1.12045420057704,-0.0138632987980305
0.5715,-0.599164135942887,1.04697020212506,-0.046166454293711
0.572,-1.16898139847591,1.05683669535069,-0.0490358727711932
0.5725,-1.40564315305027,1.00943950299875,-0.0635481838189212
0.573,-1.35480123706827,1.0545820632088,-0.0261161441452359
0.5735,-0.991912248903635,1.04962073626407,-0.000177967462652674
0.574,-0.894951403381828,1.04337463101179,-0.051556048229729
0.5745,-0.129832006022069,1.03876544860442,-0.0270997561159025
0.575,-0.507090490213206,1.07860243205138,0.0128763176846803
0.5755,0.429424075839393,1.10507851855082,0.029427733656061
0.576,1.06621304850618,1.15214128170086,0.0484286927041991
0.5765,1.12229949265128,1.19330318507614,0.0915235420909889
0.577,1.14895324436394,1.18272051113532,0.0515922829028046
0.5775,1.55287015314233,1.13951278475643,0.0724763105409877
0.578,1.28608388504012,1.07867448564087,0.0721410844197747
0.5785,0.780558078367727,1.08680799308928,0.00121600673673089
0.579,0.283045719826414,1.0878543266102,-0.0303795896097872
0.5795,-0.583104919914431,1.0125058444583,-0.0422560592210874
0.58,-0.98805545628991,1.01412988477176,-0.0486151002893613
0.5805,-1.26702259879476,1.03510044098573,-0.0327213071623335
0.581,-1.61472770310951,1.02589894906268,-0.0458595594668378
0.5815,-1.35954773727498,0.979750480879057,-0.0399642579878195
0.582,-0.648397443599164,1.03604065757584,-0.0576951786760507
0.5825,-0.983435692678208,1.01809294048667,-0.0401469780875021
0.583,-0.203154738169136,1.0470181226076,-0.0425940034062241
0.5835,-0.0746794029935915,1.07009037962578,-0.00133301661486786
0.584,1.04173944074395,1.06493659826478,0.0361095897003404
0.5845,0.888048982830582,1.10663013644222,0.0402952520349524
0.585,1.4471237427,1.12874789596958,0.08854878381578
0.5855,1.30893305848617,1.15066456128181,0.0784073405588848
0.586,1.45467811107478,1.02873174536675,0.0720766131974121
0.5865,1.00635856986231,1.06096484068438,0.0427939994043961
0.587,0.528565007930026,1.10131146580964,0.029868610131119
0.5875,0.737273135328959,1.04836761361898,-0.00525052294133243
0.588,-0.696884899165099,1.00455029297454,-0.00413859675188871
0.5885,-1.01453765875765,0.987145112339561,-0.0358085117027918
0.589,-0.654525545610714,0.98821851545837,-0.0146425496449317
0.5895,-1.74820648855546,0.915891010342698,-0.021200541865968
0.59,-1.25425613730511,0.959434772745507,-0.0662270575103114
0.5905,-1.39707746315311,0.90432710374256,-0.0651835500443684
0.591,-0.447461230512292,0.987139203983071,-0.0208100790607973
0.5915,-0.101530048542845,1.01400829129029,-0.0173472348499501
0.592,0.526899998813079,1.07839066490572,-0.0201322461685771
0.5925,0.790147939885239,1.04533588327724,0.0856045268170664
0.593,1.29623784468109,1.10403698408343,0.0613022998246845
0.5935,1.80460045602318,1.12727140823926,0.101039261510649
0.594,0.867445340110555,1.07739599909177,0.0542271537376183
0.5945,0.825969091708467,1.09702296115881,0.0449834418864133
0.595,0.962978401980815,1.06884087151298,0.0419771108893741
0.5955,0.199731116660022,1.03537643321896,-2.02929490529308e-05
0.596,-0.257210933192695,0.996175645945174,-0.0426418709434115
0.5965,-1.07799479309648,0.963307565862642,-0.0153053641253991
0.597,-1.35160827394741,0.925716493281,-0.0242863003440393
0.5975,-1.48990067556487,0.933204403896859,-0.0393231430653939
0.598,-1.63864175675213,0.916348448662261,-0.0562064289977698
0.5985,-1.53750393504581,0.951335450450562,-0.0646128775608645
0.599,-1.10460091208886,1.01841859476287,-0.0634096728421304
0.5995,-0.772873317353395,0.989128022505496,-0.0462417682191145
0.6,0.335470929314378,1.05795899519317,-0.0229879441735703
0.6005,0.289910068751852,1.07435080653481,0.0573773693262754
0.601,1.45292573616919,1.12709943514586,0.0487018467482858
0.6015,1.22588732814805,1.10567793930745,0.048701055755865
0.602,1.09221839354138,1.11211612989855,0.0724716903420367
0.6025,1.23175646610357,1.10867703519274,0.0358512707741702
0.603,1.35666404316918,1.06422551153406,0.0432337681053472
0.6035,0.966025274127596,1.14070277481973,0.0350555401088312
0.604,0.222668643912256,1.01058394367946,-0.0229876949800996
0.6045,-0.290430267217668,1.02203035936673,0.0113629954073871
0.605,-0.697883140310769,0.990003994920153,0.00773427165293386
0.6055,-1.59430935280051,0.985155761821885,-0.0230357787529006
0.606,-1.57562867976718,0.931541029589548,-0.0463305217890398
0.6065,-1.88748831560648,1.00049159766749,-0.063894328654196
0.607,-1.34117931174471,0.9896261618488,-0.0633450990282547
0.6075,-0.618042090461945,1.0074157747233,-0.0298158383938272
0.608,-0.182476473204451,1.08699221437635,-0.0117456605347047
0.6085,0.754281588895526,1.0975147536298,0.0429472936533094
0.609,0.742374743063471,1.1604484161601,0.0344346921435581
0.6095,0.581364105405616,1.17459826366728,0.080072361039702
0.61,1.80514214668945,1.13645111006176,0.0565436566736499
0.6105,1.77140111154085,1.15228443960546,0.0699747034953599
0.611,1.16945869874477,1.19333196199813,0.0160445444143765
0.6115,1.05043115120755,1.12926535550777,0.0205943700493351
0.612,0.729724458774546,1.11776725566978,0.00708469571082229
0.6125,0.0961767893964189,1.08072961565152,0.0150456602428244
0.613,-0.360582691037661,1.08096165340037,0.00671906417629508
0.6135,-1.02226032023445,1.07914313372263,-0.0507288423018611
0.614,-1.32344221750598,1.0148146494249,-0.0735053643389365
0.6145,-1.42677902534582,1.0144498740077,-0.0436645283757658
0.615,-1.57778854274336,1.06581176315758,-0.0664464333689645
0.6155,-0.762396085309577,1.10694062255528,-0.0545217071925661
0.616,-0.697395310005124,1.11135112465324,-0.0548758515091594
0.6165,-0.0101944311396754,1.07419988248497,-0.0103307529470949
0.617,0.146965424432396,1.14739567205128,0.04378560744514
0.6175,0.583563407288207,1.19019582907543,0.0450887014460481
0.618,1.20143954638235,1.20769559964608,0.0672581996670813
0.6185,1.36076482723771,1.20494482758136,0.0720174285588407
0.619,1.72241456932164,1.17244121694063,0.000930051158636612
0.6195,1.37505475998629,1.25462311870677,0.0526925030083462
0.62,0.986755344444861,1.23410584834368,0.0305027580769142
0.6205,-0.000977607502996747,1.20122497214712,0.0173599012509074
0.621,-0.423451962350616,1.14269181072368,0.0289841823386992
0.6215,-0.647121157633303,1.09052038889666,-0.0333552691712354
0.622,-1.20256486466847,1.12882450525526,-0.0468132477702736
0.6225,-1.0542338203712,1.07551738631516,-0.0598114829337695
0.623,-1.10920894943051,1.09490046840341,-0.0558513574423738
0.6235,-1.45457479549808,1.15154571894317,-0.0573572524386717
0.624,-0.771650985316113,1.16503844996481,-0.0526989258024858
0.6245,-0.183664210702766,1.15615309578771,0.0200426838457038
0.625,0.0802463054882371,1.21098693363598,0.0262050853692827
0.6255,0.938185945315526,1.2140889936347,0.0417850374836937
0.626,1.25535015127097,1.24028166474026,0.0486568536339105
0.6265,1.36152756005539,1.28000196366977,0.0200549144535892
0.627,1.66167732322324,1.25929845178211,0.0471352908332516
0.6275,1.42295035497959,1.35529475469198,0.0717696541404799
0.628,1.00953203934222,1.30379749080017,0.063119250139977
0.6285,0.785541564570759,1.24717352798694,0.0380498929676614
0.629,0.190076608533873,1.24576468440328,0.0187682969241036
0.6295,-0.450282014444991,1.24928774306301,-0.030732324233489
0.63,-0.405896361953108,1.19252827244346,-0.0226884005280051
0.6305,-1.16351899753682,1.17468946576203,-0.0738809088420263
0.631,-0.735147181812951,1.19821824423887,-0.0925159051750036
0.6315,-1.4915348407985,1.22348287715011,-0.0624989115570326
0.632,-1.07712365485975,1.22055220903557,-0.0451590369257446
0.6325,-0.452253842878546,1.22331336468801,-0.0206892993597524
0.633,0.323622966206836,1.2664679737286,0.017342489856897
0.6335,0.256627128154875,1.28531085943136,0.0321305677734262
0.634,0.497023890671632,1.30377263971568,0.0146482415857874
0.6345,1.31157036081737,1.32461159554103,0.0125769008287195
0.635,1.04076999240643,1.33924460409484,0.0342604806448894
0.6355,1.36973009225386,1.34508345015855,0.0665110877982541
0.636,1.37162609916802,1.36724384046847,0.0597709687374472
0.6365,1.3584995750983,1.30546261181818,0.0409265811670181
0.637,0.88948734842037,1.3277173256751,0.0375772364180296
0.6375,-0.00689034914012311,1.26040463805448,-0.0211507648741459
0.638,-0.299033600223758,1.27192588791371,-0.0288831310496288
0.6385,-1.0657412668454,1.23061270911594,-0.0778087747342833
0.639,-1.13701002328326,1.24845875724461,-0.0792066891626944
0.6395,-0.957355988150884,1.26923444832928,-0.0884515473338587
0.64,-1.3291590583533,1.19673524541354,-0.0605573301872718
0.6405,-1.18352934147696,1.24237661809645,-0.0538666465420218
0.641,-0.81789754577071,1.26864522612032,-0.0123954823603734
0.6415,-0.00111285966414792,1.30890464382511,0.0053036470501495
0.642,0.691878667634453,1.34984573798687,0.0123394346703765
0.6425,1.37636650121317,1.35784426539577,0.0062343090077815
0.643,1.22702794520418,1.40138977182891,0.0206317165100264
0.6435,1.45231148659866,1.45266288600603,0.0568853300722664
0.644,1.25312882189756,1.42984522377551,0.0630435033848367
0.6445,1.61587744332014,1.40208169458936,0.045604344993296
0.645,0.825345328613916,1.40816472363654,0.04788947915468
0.6455,0.238809461515645,1.39056701612857,0.0342298942952858
0.646,0.366113131842412,1.29330750547915,-0.00611909169378137
0.6465,-0.489086046765626,1.31502667875335,-0.00769043878478163
0.647,-0.926790792925219,1.35885175635037,-0.0854493197364916
0.6475,-1.61615453866872,1.28850506799553,-0.0543450847208004
0.648,-1.32341653479116,1.29014481544087,-0.0714129969520248
0.6485,-1.16793241912545,1.34141646181713,-0.0221788976427066
0.649,-1.25486751463981,1.27726764704899,0.00021753804708469
0.6495,-0.584336013373797,1.36588010442622,-0.00858098198752027
0.65,-0.101230444137345,1.36197061482428,-0.00231942689464158
0.6505,0.659667476017093,1.40942430493509,0.0122297022469784
0.651,0.72937864529227,1.44661223646733,0.0485033810280214
0.6515,1.56886285845418,1.44104844792835,0.02406110071052
0.652,1.87612859016151,1.43667020717864,0.0714715318868878
0.6525,1.28643688052458,1.47215673850507,0.0613070268154459
0.653,1.10138243223542,1.43555269125313,0.0703572579584106
0.6535,0.816522840815148,1.42008418041198,0.0349026158867122
0.654,0.480256914996245,1.40677049729952,-0.00339375789900503
0.6545,-0.225491160765912,1.38644780375182,-0.0567424636861903
0.655,-0.741996425046236,1.32517519228008,-0.0335930293553467
0.6555,-1.32892167130492,1.28312819382322,-0.0815918350445766
0.656,-1.46326475281316,1.31418675950563,-0.0459433264856946
0.6565,-1.25179822929759,1.34072024828911,-0.0514013926171385
0.657,-0.786872178666115,1.29372617562613,-0.0227862214220817
0.6575,-0.698423775906284,1.34760514992142,-0.0143465387942126
0.658,-0.657067079150206,1.40183797093833,-0.0332746613091027
0.6585,0.287426613344762,1.38669213226526,-0.00873890744210037
0.659,0.665507186063269,1.42674028216477,-0.0086077820807903
0.6595,1.04003511800804,1.43593608251575,0.0211302747674521
0.66,1.30400679878253,1.42515369464662,0.0597069721860722
0.6605,1.20572057269786,1.43172398890009,0.0635649340708078
0.661,1.2121010284881,1.4103576791259,0.0584585539427599
0.6615,0.781416541435933,1.42348894238569,0.0259366833314804
0.662,0.434342305749303,1.45606998989177,0.0173242494253567
0.6625,0.0293176430984807,1.37820152555814,0.0072858579447142
0.663,-0.481814093701094,1.38913035601733,-0.0219779850597247
0.6635,-1.0307504433167,1.28647510357911,-0.0585489448301832
0.664,-1.32909877458353,1.27914325790129,-0.0475025470427143
0.6645,-1.41524566617384,1.33693036257119,-0.04895932327561
0.665,-1.24185758568671,1.24601560685275,-0.0469777394256793
0.6655,-0.778331270803202,1.26013724770635,-0.0280401936242578
0.666,-0.531830008520627,1.38017065128381,-0.0328988256039738
0.6665,-0.250329031132273,1.37614330241741,-0.0111965353334059
0.667,0.503945443059282,1.38130625247332,0.00767316155666867
0.6675,0.77620231513226,1.40091159937116,0.0171061497417598
0.668,0.75776025567675,1.45052069387813,0.0409699344928766
0.6685,0.812445494150936,1.44502610144296,0.0554303523199293
0.669,0.970611628428717,1.44542696618129,0.0854154432402823
0.6695,1.14303135408014,1.45216372072754,0.0695339582948385
0.67,0.681946463508834,1.4242906714334,0.0426007035976864
0.6705,0.173967494560304,1.36284856429318,0.025292444353984
0.671,-0.168215103196911,1.28224546019152,-0.0130794736843314
0.6715,-0.850276959244976,1.33222485487299,-0.0516852080138413
0.672,-1.25387104400822,1.23479007839343,-0.0382093206556039
0.6725,-1.20046590963885,1.17233654561721,-0.0334028349060445
0.673,-1.22385486097616,1.25144649452983,-0.0276263301067586
0.6735,-0.6775145482297,1.24855349567014,-0.0402926047846497
0.674,-0.897651200691373,1.24056726025275,-0.0279059643785479
0.6745,-0.508708571574936,1.28445274220993,-0.033681763377093
0.675,-0.143533490598486,1.34735889793745,-0.0269961127061377
0.6755,0.474302315844552,1.3419046617288,0.0244199465428019
0.676,0.959939196697376,1.34448934743378,0.0226442445096601
0.6765,0.846366592920314,1.37005849328292,0.048825530992209
0.677,1.35311337406124,1.32072478240752,0.0858549425936117
0.6775,1.53789219783538,1.31813225109405,0.0671158049278771
0.678,0.951251515274132,1.31229022858558,0.0504953927343842
0.6785,0.807412449434892,1.28289247304597,0.0164744603766044
0.679,0.425740742595872,1.35083870269559,0.0167979960765284
0.6795,-0.0836091916865925,1.26768010353347,-0.0507017764600551
0.68,-0.639718602204048,1.24888617529369,-0.0536265329562263
0.6805,-1.76265325072177,1.18581051873253,-0.00876897253319568
0.681,-1.53424110402907,1.15723161335063,-0.0471557008452855
0.6815,-1.16753029309161,1.19879649786265,-0.0524987936476336
0.682,-1.09839565606476,1.19386840300545,-0.0490978099899838
0.6825,-0.831986077051288,1.18501618623513,-0.0411468762840256
0.683,-0.243232532291556,1.16669171347767,-0.0460506788110496
0.6835,0.460118871403553,1.30862730543012,-0.00560145457848257
0.684,0.720981637806974,1.33065604638006,0.00462336921329435
0.6845,0.901799912712897,1.25657096479176,0.0649215565275391
0.685,1.30192552090378,1.33607983144639,0.0688841557611547
0.6855,1.3612947278651,1.28906536605123,0.0738408151881688
0.686,1.50523011524844,1.26736452278555,0.0520861338384795
0.6865,1.07208129898848,1.23265782525498,0.0396843332156865
0.687,0.657884070253003,1.22025155697621,0.0258016621195411
0.6875,0.0369587608873441,1.20498921077904,0.00677326872966677
0.688,-0.611388617742306,1.12298169361495,-0.0320644793821843
0.6885,-0.953040984012293,1.13963426670357,-0.0133990643390366
0.689,-1.22552301558017,1.06796412319168,-0.0424033426456696
0.6895,-1.76079557302856,1.09694470516855,-0.0444537983086826
0.69,-1.299893572261,1.07264102607769,-0.0824866503478773
0.6905,-0.857270993251723,1.1489718175135,-0.0639540409941683
0.691,-0.70841326282602,1.10887917679142,-0.0560194625375736
0.6915,0.215995364679208,1.14726690339713,-0.0155034369072584
0.692,0.491476333719536,1.19235152296809,0.0097545921923146
0.6925,0.725202430082901,1.19602809668455,0.056498924812405
0.693,1.15397835343548,1.20109582718451,0.086711380438171
0.6935,1.31826557849586,1.17213878894026,0.0873139168736937
0.694,1.44710262536954,1.20899081730836,0.0619311711225679
0.6945,1.38051041962798,1.23974053392145,0.0440129568886378
0.695,0.756584921786977,1.19332506528134,0.00336368325278974
0.6955,0.465534880474221,1.11466644537413,-0.0109687331872713
0.696,0.2619967723384,1.14405733197345,-0.0303097139230261
0.6965,-0.446686719327001,1.07863113297002,-0.00946408307237034
0.697,-0.880375898835759,1.0778287163622,-0.0266675250462005
0.6975,-1.54478797323968,1.04175226732741,-0.0495545160874819
0.698,-1.54062374031016,0.959906617038316,-0.0589019062747539
0.6985,-1.21481355403371,1.0010916398773,-0.0795228387760256
0.699,-0.989936226777644,1.09479189642605,-0.0822024772132176
0.6995,-0.924991846574745,1.06273803846507,-0.0248082409917102
0.7,-0.378605788075519,1.07584556318814,0.00347906520579197
0.7005,0.775095558704627,1.12819671066604,0.0317895292250249
0.701,0.774567264866807,1.15900961346428,0.0716264752103252
0.7015,1.79369914488173,1.13410672065648,0.0383758448385806
0.702,0.849607520775594,1.16913963786972,0.0648809675355713
0.7025,1.45093225089075,1.11484259479409,0.0427366886898424
0.703,1.08456887930513,1.11466349735315,0.0237012742508872
0.7035,0.488836657347129,1.09011704797637,0.0231109404896476
0.704,0.277412173560863,1.08293163527902,0.033072832017012
0.7045,-0.548283084356074,1.10183736762318,0.0102040273495196
0.705,-0.611718204558238,1.03217900476174,0.00253431822479844
0.7055,-1.17054176076656,0.963580767296873,-0.0561198824162201
0.706,-1.7908569202182,0.926780179649555,-0.0530825009476212
0.7065,-1.98695589451974,0.950964499739339,-0.0720287636398522
0.707,-1.25759339757883,1.02776490716371,-0.0732649316728058
0.7075,-0.539489414111573,1.01664451062578,-0.0538394752143064
0.708,-0.30409927618128,0.993128111791,-0.00732860382265307
0.7085,0.189616021480825,1.09337509992733,0.031724185934733
0.709,0.84853120267095,1.05435736697738,0.0565307748535581
0.7095,0.73359629098889,1.09965244854378,0.0702264399940744
0.71,1.69157318763666,1.09216240034101,0.0610015624132094
0.7105,1.17746740956496,1.11471129815041,0.0395774183322753
0.711,1.27932473229934,1.08530605825817,0.029188055316585
0.7115,0.869670249905127,1.06431424266136,0.0260991101595556
0.712,0.553854369407036,1.03743456990675,0.00667795818881429
0.7125,-0.486129526540562,1.08983999593261,0.0102477294932486
0.713,-0.135310793950283,0.937839051791553,0.00167684321539267
0.7135,-0.823437871418944,1.0021607512943,-0.0253085167183895
0.714,-0.766069005723393,0.938822148114854,-0.0592593147656892
0.7145,-1.04480260380763,0.960784165278779,-0.0730292349276122
0.715,-1.33002697501404,0.978136184939255,-0.0846341435264546
0.7155,-1.31444073973707,0.916751496256145,-0.0677585609556293
0.716,-1.10966426273955,1.0053937587029,-0.0296074322123759
0.7165,-0.171318461238376,1.00348155487634,0.00865832962440736
0.717,0.403082520028188,1.00967317460177,0.0307794601858539
0.7175,1.08451040091826,1.06642086416414,0.0495218192400369
0.718,0.944330487413989,1.08491245747382,0.0466843856381848
0.7185,1.57368070588975,1.10783637898958,0.0244765827689543
0.719,1.39259820196309,1.11070662896109,0.0677078896632514
0.7195,0.988033998235655,1.07851160965635,0.0312365695966148
0.72,1.01587585092512,1.08982938943268,0.0413826575290923
0.7205,0.414280028734375,1.0498246694408,0.0336158848633221
0.721,-0.234061295601161,1.04934697425858,0.0209108038646437
0.7215,-0.204316105181975,1.02589169372358,-0.011561257525125
0.722,-0.924915082362725,0.946038572113067,-0.0393722252076266
0.7225,-1.35697134438885,0.938805826531047,-0.0654673024624271
0.723,-1.32545014932321,0.976353360973752,-0.0818174007671936
0.7235,-1.24257847360788,1.01353762555104,-0.0901046166307864
0.724,-0.912971027333151,1.01039011747194,-0.056940308019334
0.7245,-0.400812860519104,0.997988402175172,-0.0115801402113625
0.725,-0.150879507747153,1.03515953993685,0.0436661272394351
0.7255,0.314774724627541,1.10799528771876,0.048805844711339
0.726,1.04586229031838,1.05290749214124,0.0478461637668237
0.7265,1.73428601133496,1.09849402716263,0.0418330283227854
0.727,1.31615768551095,1.09134321272709,0.0476272435088453
0.7275,1.07389746383456,1.15512764803235,0.0460600123434893
0.728,1.01532875723777,1.06323680582599,0.0564339205197337
0.7285,0.550987062765393,1.06409178598583,0.0124504397242074
0.729,0.0929586711685461,1.05520726083913,0.0186830314147007
0.7295,-0.227892798284588,1.0356556013428,0.00538837893816444
0.73,-0.851963469879459,0.989088718866026,-0.0415976096094682
0.7305,-1.32550418451903,0.952458134259782,-0.0607116418302399
0.731,-1.47992067412553,0.964539911872212,-0.0597780188142285
0.7315,-1.6993718081806,0.967361835435107,-0.085351634163633
0.732,-1.39117843699692,0.955367480135387,-0.0319226029787506
0.7325,-1.17199582435576,0.974138214153664,-0.0125714344026639
0.733,-0.475344233392173,1.05045678778703,0.00146749156997953
0.7335,-0.0967548077161121,1.09811157204042,0.0185278821468567
0.734,0.493908779946064,1.12489675283105,-0.00341359406608563
0.7345,0.997108731813799,1.13515996587777,0.0441227703144841
0.735,1.02348931537849,1.13407224448494,0.0592173434790948
0.7355,1.38388496650926,1.11019584601959,0.0583403955926906
0.736,1.34391318848405,1.12563922798535,0.0375809948508294
0.7365,0.711386568417868,1.12314186522854,0.0477827939877116
0.737,0.790446537756046,1.11109655920434,0.02749954788877
0.7375,-0.39652635650606,1.10149203595661,-0.0083670259654228
0.738,-0.609735399309341,1.07506361956931,-0.0322645728286352
0.7385,-1.32269956692599,1.07143952110431,-0.0384527113854444
0.739,-1.34365627158678,1.04329598674974,-0.0713422610124949
0.7395,-1.71776165407227,0.987473981850986,-0.0803369881434887
0.74,-1.46499390559498,1.06050405254552,-0.0400544310406659
0.7405,-1.25544911643869,1.02311595314363,-0.0421464944977959
0.741,-0.965307696401715,1.06829594835182,0.00520503298561811
0.7415,-0.690246753857707,1.09290660975067,-0.00463351608345735
0.742,0.48652343244101,1.16799035428151,0.0183501486997159
0.7425,1.31592052249647,1.12739312763049,0.032335002145821
0.743,1.72761003430229,1.22276578573872,0.0201426158139981
0.7435,1.23995834970781,1.19787115681957,0.0615762823326517
0.744,1.35126350794404,1.19843239411207,0.0776972826460706
0.7445,1.05472633073781,1.17738985417436,0.0747082246171494
0.745,0.834158201805123,1.17617016466393,0.0479274427457725
0.7455,0.115143385646798,1.14135897796554,0.0334487701321347
0.746,-0.653624492935718,1.12556258831371,0.013660305608391
0.7465,-0.676881317211095,1.16390618271631,-0.0432940387611087
0.747,-1.37412176167183,1.10425270399977,-0.0878695880277328
0.7475,-1.79342992202876,1.0681322769426,-0.0726224302949004
0.748,-0.789100992330496,1.13615420808116,-0.0744480374566933
0.7485,-1.31166166573732,1.13088024478815,-0.0291243518055695
0.749,-0.847067378543134,1.146252406353,-0.0205124427160873
0.7495,-0.211613783188015,1.14826995453205,-0.031123084424665
0.75,-0.42118971213542,1.21879363765495,-0.00324350215940557
0.7505,0.612839690900834,1.21318517462176,0.0281666380287553
0.751,1.07281047410901,1.23885124236957,0.0325097297784381
0.7515,1.27277602274353,1.26638262146364,0.0484464438482873
0.752,1.42017826902827,1.28290432493456,0.0360169588535202
0.7525,1.18353154339314,1.31312064988966,0.0619986662272351
0.753,1.24636539551302,1.31448951398291,0.0821969572354459
0.7535,0.453651083148555,1.20879481455418,0.0508331511048868
0.754,-0.0258239937420257,1.23087529852977,0.00559684738365315
0.7545,-0.162416880166776,1.17589439518093,-0.0201736671273166
0.755,-0.390687111929451,1.23265858896866,-0.0493103764971202
0.7555,-1.26326131535847,1.22858511722427,-0.080732803291075
0.756,-1.48332223793724,1.15420803734903,-0.06533946066657
0.7565,-1.25479669743545,1.20412710267452,-0.0771459641982887
0.757,-0.897961400315612,1.21000589511651,-0.00701206321230559
0.7575,-0.569617036437487,1.2298839540894,-0.040036381490795
0.758,-0.275794052266898,1.2772236927871,-0.025112857036876
0.7585,0.0143976964378042,1.30622158276372,0.000297673069456928
0.759,0.822296211928412,1.32340145713878,-0.00307875480378567
0.7595,1.04337029704971,1.32156178351858,0.0328618999328419
0.76,1.65630575919919,1.40745395286374,0.0460533778705961
0.7605,1.02457406960391,1.33973954885063,0.0760647334094077
0.761,1.28316183745265,1.36373266228984,0.0733209687484662
0.7615,1.26632880756023,1.342215918578,0.0734685745984059
0.762,0.383771656703723,1.36126211034275,0.00883320096957636
0.7625,-0.156206238086602,1.34114598040408,0.00338848958387598
0.763,-0.740736708951091,1.31860723186172,-0.0450365426154341
0.7635,-1.01291968920683,1.30029894422434,-0.037214109056176
0.764,-1.29667559750016,1.20140080320359,-0.0587388811924801
0.7645,-1.34051597166452,1.25085585940783,-0.020759079149281
0.765,-1.53061157056466,1.24739766700044,-0.0379103836736255
0.7655,-1.04031392218094,1.24589704917607,-0.030188861515689
0.766,-0.814197239357494,1.29657345521992,-0.0509355163748789
0.7665,-0.264697675774659,1.31325576687224,-0.019371529993058
0.767,0.132708040500994,1.31846601195768,-0.0186538132980503
0.7675,0.738158319548698,1.36152016151417,0.0313413070901197
0.768,2.05403671663326,1.38008056026615,0.0517324847828786
0.7685,2.20301158934316,1.39584714428101,0.0651242501513472
0.769,1.63762153590374,1.42149567747655,0.102715199489999
0.7695,1.35777449158859,1.42295950642391,0.0607474527629366
0.77,0.48853536717781,1.36947655392098,0.0234656912062165
0.7705,0.195683370472717,1.32763118322813,-0.00108505186015628
0.771,-0.327095527568891,1.31490107383342,-0.0243714364368056
0.7715,-0.528127766541376,1.33843157612647,-0.054280529044238
0.772,-0.937790725476787,1.32509609624214,-0.0622919695599956
0.7725,-1.27922193599251,1.24401853386957,-0.0642373688426818
0.773,-1.45568878509899,1.29533820455179,-0.0416568534631626
0.7735,-1.47386858566848,1.28044297223037,-0.0529234040374082
0.774,-0.938447998680276,1.28533789416845,-0.0461169269681435
0.7745,-0.22050287096938,1.3486755418766,-0.0319364706696854
0.775,0.106840311885383,1.32936865964392,-0.00404881989474819
0.7755,0.550371460394408,1.36052876629048,0.0259429109376556
0.776,1.10349074110325,1.4169255967837,0.0401231209075174
0.7765,1.38716404000905,1.3775321898828,0.0780159624801005
0.777,0.964587257745653,1.43124254811781,0.0525032523548128
0.7775,1.30875019780881,1.41248714047996,0.0785248233048736
0.778,0.949826702842068,1.38554758223227,0.0501826723835091
0.7785,0.151826411858161,1.3900292208863,0.00941857520433259
0.779,-0.160375635393572,1.38989027232436,-0.000417218517268012
0.7795,-0.420727974956823,1.34972867939706,-0.0432925530387749
0.78,-0.598888793011301,1.39833710860917,-0.027631262773815
0.7805,-1.21382220736933,1.30693295649371,-0.0423939105891782
0.781,-1.27966751913045,1.27449118826241,-0.0663344737271386
0.7815,-1.56948971394364,1.32241536830859,-0.0340920072894741
0.782,-1.69521767894157,1.33065059219856,-0.0492828428971694
0.7825,-0.78106293758835,1.3040560563242,-0.0682346291473797
0.783,-0.578134765225506,1.35563986884571,-0.037977228841836
0.7835,0.464639672161113,1.35336182157924,-0.00681112422361036
0.784,1.09283727596628,1.40539644297388,0.0267005842019498
0.7845,0.960992491626296,1.42934001685585,0.0728951419040905
0.785,1.59885398231762,1.51577787606781,0.069381258654602
0.7855,1.60304625634984,1.47586597725256,0.0913789979041774
0.786,0.883221691489569,1.4115788446106,0.0682003713731477
0.7865,0.927336791895966,1.38493010344605,0.0138363753575589
0.787,0.568363868516696,1.38029626909766,0.00269124151950132
0.7875,0.130748633584377,1.38127155639282,-0.0145959104795247
0.788,-0.333711668201537,1.39626271083313,-0.0340984200484688
0.7885,-0.766422213086441,1.29475535949342,-0.0283877767696345
0.789,-1.06608493507186,1.28871665371577,-0.037403991913731
0.7895,-1.44087002843032,1.23705985843636,-0.066363463468778
0.79,-1.20355288276542,1.32281255070956,-0.0222504556421523
0.7905,-1.61493015928908,1.31681254961944,-0.0549183088370094
0.791,-0.949538254826155,1.34652370752222,-0.0480786782059892
0.7915,0.129478722379512,1.36847471206672,-0.00659860690761822
0.792,0.174084368856446,1.31151886753214,-0.0139442022474028
0.7925,0.88362091135453,1.43255730936403,0.0773506754949674
0.793,1.52848214362495,1.41495997845152,0.0242446998473361
0.7935,1.11713045628479,1.40695728523322,0.0607591180078799
0.794,1.09930217103518,1.40894925530217,0.0589288287742471
0.7945,1.0276661949852,1.4416233165277,0.00849852940017701
0.795,0.911294088202873,1.44272979498441,0.00410247329075221
0.7955,0.287662604475651,1.38606535093149,0.0211888004012721
0.796,-0.415195282246385,1.37699812033748,-0.00603390366354081
0.7965,-1.04942285251341,1.27474239623152,-0.00796513439822581
0.797,-1.14188108126029,1.21895673014332,-0.0246545166290986
0.7975,-1.3502464550475,1.23528451998357,-0.0318231347139551
0.798,-1.49248022143896,1.20753332409044,-0.063315188506499
0.7985,-1.29707588971007,1.21072765151473,-0.0895264701757056
0.799,-1.20544496080127,1.24682333184174,-0.0498179934450436
0.7995,-0.363579868465536,1.23490261485671,-0.0478494822612277
0.8,-0.543655141574129,1.27852457488371,-0.0128554266988665
0.8005,0.536866623577743,1.32814223781557,0.0122656970954653
0.801,1.09819770428664,1.35638683930632,0.0574354563949725
0.8015,1.01808307319042,1.34306238451839,0.0980715055381089
0.802,1.34250366916654,1.3624283559733,0.0611612158293099
0.8025,1.36564245617867,1.36181609136958,0.0255714216219181
0.803,0.893459804021217,1.33351289798164,0.0193877839355007
0.8035,0.651169720074907,1.33819624390825,0.0144212380637732
0.804,0.273294510852429,1.25733599271109,0.0163744407082281
0.8045,-0.572075355716208,1.26414076501521,-0.0196728279139717
0.805,-0.589441980094766,1.26428029776793,-0.0121251233515448
0.8055,-0.872789166912594,1.24456133774664,0.00780580695054391
0.806,-1.25321562198809,1.16343928461409,-0.0622233723336675
0.8065,-1.32949925162159,1.18988938890808,-0.0729444664731393
0.807,-1.43694520292246,1.15218481461381,-0.0764049765117688
0.8075,-0.673822905490621,1.21179461585367,-0.064556337245515
0.808,-0.641336666177868,1.17031001914468,-0.00605216769108277
0.8085,0.567695172911726,1.19421575994483,0.0288608484587443
0.809,0.784940423906939,1.24242192173387,0.0454769200528651
0.8095,1.11093960932849,1.23363222684945,0.0661052827648264
0.81,1.19090754058069,1.3136506970303,0.0496662736390492
0.8105,0.808668278397778,1.30002686275193,0.0377269926494655
0.811,0.927292832949284,1.31558864322153,0.0378436429641856
0.8115,1.01885652023954,1.2730225101216,-0.000742051320631598
0.812,1.10181240583482,1.2534816891648,0.044591179568224
0.8125,0.185061805144925,1.17039140797512,0.02457150676023
0.813,-0.421090529357695,1.19204836608725,-0.00708044115011944
0.8135,-1.06237217800478,1.13536212687091,-0.0389554877552396
0.814,-1.19434880386777,1.09431479875566,-0.0493949034780597
0.8145,-1.11028343575858,1.13623926113701,-0.0412409294232549
0.815,-1.35054640988343,1.12373042337491,-0.072079525426788
0.8155,-0.569604322681746,1.10569095612104,-0.0783699279211809
0.816,-0.956786517174964,1.13825373989937,-0.00355070465028838
0.8165,-0.263582135590305,1.14274303357242,-0.00484423578194513
0.817,0.349420649785789,1.15411863585667,0.0217577065003026
0.8175,0.306263180566875,1.20854176742799,0.0455302435193448
0.818,1.28277427653429,1.21027344581317,0.0453750998746559
0.8185,1.34713805458153,1.21341749849187,0.0399666898594232
0.819,1.34763241056529,1.23167837779503,0.0287749147948762
0.8195,1.33949699833271,1.19119993882324,0.0162574794962345
0.82,1.05497374070906,1.17095059683702,0.0422913952231158
0.8205,0.536447792966493,1.19944918820385,0.0337791642780791
0.821,-0.28646215246486,1.04722801242175,0.00537310883384284
0.8215,-0.662117716453683,1.05979803209253,-0.00146796671800268
0.822,-0.951810971110913,1.0175343753617,-0.00772366378384233
0.8225,-1.59787875693495,1.09830562161675,-0.0730032541979048
0.823,-1.60584831196999,1.02180823952197,-0.0980151493984912
0.8235,-1.32759417780113,1.08221204224007,-0.064068387982726
0.824,-0.904058196694202,1.05224105153665,-0.0185055646484115
0.8245,-0.0487920228982331,1.07029342026908,0.0159308500378456
0.825,0.199315783851761,1.05887486124253,0.0257297192020556
0.8255,0.385725649235039,1.08782216098402,0.0335994959678656
0.826,0.765556387115539,1.13965380225763,0.0106245747870258
0.8265,1.60302135027053,1.13721905299276,0.0702493254323965
0.827,2.02834129048281,1.2219846422343,0.0415396863027908
0.8275,1.32329391241868,1.11858862975124,0.0367411212695211
0.828,0.918275864502723,1.17690421369041,0.0490183779777724
0.8285,0.295714452129238,1.1216299850493,0.0615502707866975
0.829,0.412529820916705,1.0670508435606,0.0264742955834218
0.8295,-0.26241545951075,1.0133076448603,0.00457478608955121
0.83,-0.499925121439489,0.991848869195115,-0.0167456446334488
0.8305,-1.36361273693857,0.970568693721547,-0.0805885980656816
0.831,-1.26174972627149,0.936632934092056,-0.0870579526832694
0.8315,-1.48517375825709,1.02021741799179,-0.0736828241138063
0.832,-0.817101225795214,0.958511793171603,-0.0392667101618544
0.8325,-0.928382772232897,0.96448129429985,-0.0254721729350091
0.833,-0.35628748839527,1.02625803280235,-0.0140331588488207
0.8335,0.0815621038967029,1.05399569513675,0.0400150546941981
0.834,0.896120667939901,1.03822718326044,0.0181539348228345
0.8345,1.14274245109793,1.08651426659659,0.0248764173833863
0.835,1.02702846946192,1.12051421788845,0.0551219398614455
0.8355,1.18278892726175,1.15370005607201,0.0603020960023277
0.836,0.954096440894987,1.09534051930218,0.057795264434725
0.8365,1.04587073926152,1.11424338069525,0.0550060985675569
0.837,0.577345467889888,1.01114811021015,0.0162463062604638
0.8375,-0.408853130672019,1.01662197411504,0.00243723815930582
0.838,-0.970894094182285,1.00317596381846,-0.0240919967714473
0.8385,-0.928900281577726,0.898916997448867,-0.0548379713843142
0.839,-1.03994997597696,0.959457208569917,-0.0702535375665801
0.8395,-1.29688422082897,0.92554078887183,-0.0748491866230565
0.84,-1.66178919596455,0.913754028700388,-0.0598826078084
0.8405,-1.42141145819495,0.996013759806399,-0.0318386421623828
0.841,-0.429275832025281,0.992008028488858,-0.0231932529797771
0.8415,-0.204389242925207,0.988525419648064,0.00441025228241671
0.842,0.236823041741767,1.02954392176319,0.000278605913408966
0.8425,1.11687393636064,1.02413741306916,0.0277011151259767
0.843,0.932359227461362,1.05608407552103,0.033258353501825
0.8435,1.34998317705547,1.13956537479685,0.0251162151785667
0.844,1.42034414029222,1.15877149577209,0.0506715239836993
0.8445,1.33585132698087,1.110446045914,0.081088759569725
0.845,0.573545519945882,1.0452680142301,0.0406648589119088
0.8455,0.422304960046495,1.05089409039874,0.0553083326697282
0.846,0.51933510777212,0.994844841833515,0.00207781697923108
0.8465,-1.02304709037555,0.962030079071222,-0.0627880929487455
0.847,-0.922617650386358,0.990404780272964,-0.0419558863117287
0.8475,-1.32993735942125,1.00690748000949,-0.101033875845665
0.848,-1.54187860130031,0.952517849572043,-0.0462635621304219
0.8485,-1.41821329131549,0.98220434876398,-0.0329205997904516
0.849,-0.790955330856256,0.950581807481758,-0.0142781389072408
0.8495,0.0867075760754872,0.989976896940335,0.0210774398470808
0.85,-0.198456425413187,1.01864555955955,-0.012351492610177
0.8505,0.627266602592287,1.09950246399976,0.0137464514081258
0.851,0.775024289807871,1.073157529611,0.020358406068576
0.8515,1.70308909042845,1.10657650351179,0.0310336427860392
0.852,1.46940425903226,1.13323081418388,0.0341107006644368
0.8525,1.23579411698768,1.10031615352997,0.0882294229864518
0.853,1.18391825347165,1.07290732927185,0.0732682914786028
0.8535,0.641829312804555,1.07310882656768,0.0510460708061485
0.854,0.444112211355812,1.03186995233733,0.0236941954461493
0.8545,-0.378325618114014,1.0094415723138,-0.032793085100808
0.855,-1.06473816490222,1.02722909919707,-0.0499102108745149
0.8555,-1.06492351343978,0.979602123817035,-0.0535887047399351
0.856,-0.920118066496792,0.999113189499877,-0.0554919931307294
0.8565,-1.60930350670732,0.936270953301194,-0.0234460247347781
0.857,-1.18653093591766,0.987999116956291,-0.0498287216113496
0.8575,-0.532490635350271,0.976989706446628,-0.0157941217564026
0.858,-0.811553179323367,1.04394297601662,-0.0302350251263581
0.8585,0.323410535245572,1.04205239503355,-0.0252839544481184
0.859,0.830228095980601,1.11853471514107,-0.00380282359990667
0.8595,1.07998206636564,1.16007190162927,0.0426700547903386
0.86,1.07438190078754,1.14004967314176,0.038669759972624
0.8605,1.32749500971468,1.16490533834695,0.0910723322209192
0.861,1.22823113178638,1.18164042173612,0.0779459600722605
0.8615,1.14524674888914,1.16143167198131,0.0427588856857804
0.862,0.655929763449168,1.12141726261692,0.0386511336666856
0.8625,-0.0875581666837061,1.04452579918756,-0.0227777875519341
0.863,-0.0849094355653801,1.05498069603687,-0.0477959995075853
0.8635,-0.923504440648128,0.987152430635585,-0.0504369646874172
0.864,-1.4068442510457,1.02183009022745,-0.0555589135125341
0.8645,-1.4370239684645,1.05595660380504,-0.020599774970292
0.865,-1.05007271348395,1.05141075059049,-0.045239920105289
0.8655,-0.975653540363812,1.1284336386432,-0.0104274088546433
0.866,-0.418201507679078,1.07699179888289,-0.0221991012829693
0.8665,-0.149276551889218,1.13661001252229,-0.0136162173904657
0.867,0.952184407708875,1.15270948370636,-0.0103068766715015
0.8675,0.364548749426741,1.15263683757792,0.038886681654534
0.868,1.01763607739165,1.20644809829769,0.0537471997207729
0.8685,1.28360084386632,1.20370920766203,0.0750657924443993
0.869,1.32674168736314,1.19745283259475,0.0710939095120112
0.8695,1.48506616878609,1.20032938115201,0.0788992033596565
0.87,0.83513986784281,1.19624289715068,0.0148348915676636
0.8705,0.301355175646048,1.25883321154912,-0.0110987304896345
0.871,-0.149169229622231,1.13815935792719,-0.0175754847097982
0.8715,-0.451311714904878,1.10920270440534,-0.0342651545825152
0.872,-1.19448629688126,1.08960784367187,-0.0494856932282236
0.8725,-1.1487062658932,1.10131575941896,-0.0533582580389722
0.873,-1.71473194619757,1.13652317277287,-0.0630597293445409
0.8735,-1.21937340786867,1.07922758632064,0.0145052454774048
0.874,-1.14290312578943,1.06255300121348,-0.0525996494190461
0.8745,-0.65112637255961,1.16345819842687,-0.0394014900817065
0.875,0.0706323099791093,1.22989217946467,-0.0312564686007197
0.8755,0.206470496391523,1.16153801275936,0.0109137574241084
0.876,0.659576615419453,1.28693062698679,0.0388932337563375
0.8765,0.819450739631653,1.32346479158255,0.0422294598013771
0.877,0.764496592821874,1.30313460503982,0.0564809211830625
0.8775,1.22132370594729,1.23985456287944,0.0624561721264834
0.878,1.31067140400298,1.28928235456251,0.0691734311482001
0.8785,0.592137270096834,1.28697322772421,0.00795483717911037
0.879,0.107366417704528,1.27093191894364,-0.00391994863525595
0.8795,-0.590719907321522,1.24174317096849,-0.018861473696668
0.88,-0.381720574650426,1.21974062842065,-0.0172497777091122
0.8805,-1.1790750585559,1.21534739531591,-0.0241264165011808
0.881,-0.97545683682636,1.13893322526979,-0.0296324226637964
0.8815,-1.20823925604621,1.21022068521287,-0.0362976605231454
0.882,-1.18189870532787,1.1417776677483,-0.0472681871738315
0.8825,-0.506334122179901,1.22084206405347,-0.014316958709128
0.883,-0.0830250470042451,1.26035860414614,-0.026144130832622
0.8835,0.137732796004326,1.31748538749531,-0.0103583788083806
0.884,0.960382797560333,1.28787127592281,0.0235271432452293
0.8845,1.46299123892124,1.34982274372347,0.0805705524674465
0.885,1.23949933031695,1.40285612757123,0.0890838760525588
0.8855,1.25377800647147,1.38230548816408,0.0658442215701266
0.886,1.29559685512898,1.38958464521482,0.051289118610323
0.8865,0.991432877624767,1.35216244781186,0.0131450309639817
0.887,0.687658813208221,1.31369743298204,-0.00411203324471482
0.8875,-0.0638976230769156,1.33601387349618,-0.0116749544164243
0.888,-0.306832734843297,1.29814663868287,-0.0316530016036217
0.8885,-0.640712136798859,1.29087304264155,-0.0356060294532285
0.889,-1.14879667613647,1.23047170920892,-0.0501536880058526
0.8895,-1.27753031483684,1.24168152437814,-0.040147605010023
0.89,-1.5672882604749,1.27850913027377,-0.0600850725266014
0.8905,-1.30873283879401,1.23288773021053,-0.0822031495846738
0.891,-1.00019829538163,1.30809756109403,-0.0418495982499524
0.8915,-0.476202769771601,1.33693562975871,-0.00884322610751313
0.892,0.288825156205181,1.40223806255642,-0.00561730383636032
0.8925,0.370427488744194,1.44476039909521,0.0347647903650501
0.893,1.6733630049765,1.44835526939828,0.0599237319327136
0.8935,1.47811132839999,1.38910157900701,0.0288035200807986
0.894,0.776153398533689,1.37642994575838,0.0614040031480004
0.8945,0.822625505852131,1.3768003924453,0.0469001542467245
0.895,0.746680882408627,1.42074248267967,0.0342869827844886
0.8955,-0.101020835891256,1.35835862848652,0.0278058992395312
0.896,-0.279844532265303,1.31444871661784,-0.0196175357551813
0.8965,-0.360866928404727,1.31462760935623,-0.0354312737876568
0.897,-1.05419497770207,1.29612061445546,-0.0363912418175858
0.8975,-1.26723059284784,1.24593343845243,-0.0235011636396123
0.898,-1.56234399949843,1.28564988398583,-0.0535701335712635
0.8985,-1.32813842888205,1.26143088168569,-0.0783241940847232
0.899,-1.2374386241538,1.28835156649016,-0.0845430564798404
0.8995,-0.392607567690748,1.36737504660931,-0.0234911563871495
0.9,-0.113051901244705,1.35513336807901,-0.00391461493875926
0.9005,0.679332639327004,1.38102749344418,0.0193514967047643
0.901,1.20822923615439,1.47353197744057,0.0667572200288111
0.9015,1.45727458356607,1.47811024227439,0.0618793737375629
0.902,1.30140016546881,1.46879623664244,0.0667438286032267
0.9025,1.12223731955435,1.46225220091291,0.030165915772293
0.903,0.705094630090244,1.41201746823923,0.042958167789671
0.9035,0.661693763498009,1.39638322494736,0.0025086393527649
0.904,0.404278279097971,1.41243535407297,0.0092574145606529
0.9045,-0.411402490354334,1.36121570381669,-0.00924772950787886
0.905,-0.814105990740257,1.31638834102261,-0.00266617294402872
0.9055,-0.952917886442142,1.37444759602284,-0.0430794184343233
0.906,-1.07166541377144,1.28371453989301,-0.0389087542099499
0.9065,-1.64164847970855,1.2813579386483,-0.088823997816204
0.907,-1.05642400490596,1.29748582223114,-0.0503270135358701
0.9075,-0.721145560409225,1.26104039948813,-0.0454209699394881
0.908,-0.363553667966116,1.37510480873443,-0.00940142665921103
0.9085,0.387347202886526,1.42059587685091,0.00585229333343503
0.909,0.539803388131026,1.43293208212448,0.0536269912574199
0.9095,0.802254565129375,1.40319400542037,0.0871425121358288
0.91,1.31396466150663,1.41557066309422,0.0711826110922914
0.9105,1.42116798493805,1.48191006143289,0.0398035865099584
0.911,1.12965491324042,1.42812351863777,0.045064992673232
0.9115,1.09465334757931,1.46315896643655,0.0171994512139004
0.912,0.102043364198238,1.36795901386238,0.019419370738707
0.9125,-0.268729258096375,1.38729062802871,0.0306932475908669
0.913,-1.2494219270019,1.3113838494467,-0.00141672214095783
0.9135,-0.764644092117202,1.29738185700724,-0.013919731916683
0.914,-1.43054490676467,1.27380152483304,-0.0602333992747185
0.9145,-1.36767266744424,1.32247174433432,-0.0821106434148014
0.915,-0.990468741624398,1.31080556915724,-0.057290134637019
0.9155,-0.993932463198604,1.30507164820148,-0.0681597106387531
0.916,-0.739415439909665,1.35889943774708,-0.0290134358473798
0.9165,-0.375809534572675,1.31786808722873,0.0137672890697291
0.917,0.264653294664635,1.32278741783591,0.030208535607903
0.9175,0.91814398607494,1.41208557695159,0.0356073566037454
0.918,0.72309708500685,1.41887369576612,0.0370539824214052
0.9185,1.26493698781811,1.42756691014696,0.0218561381981315
0.919,1.47739799510093,1.39509672020785,0.0361885988785745
0.9195,0.746400534598379,1.43031675019092,0.0294284687248656
0.92,0.934081718255974,1.40067917580949,0.0286284739710325
0.9205,0.495157593615493,1.31599087948751,0.0310385402464823
0.921,-0.383968625289865,1.32140060113326,0.015461953067834
0.9215,-1.00422417982619,1.32738070340175,-0.00860263877457699
0.922,-0.896113020441201,1.26205946341985,-0.0824357509545424
0.9225,-1.03746309611833,1.30790568893674,-0.0846502473089667
0.923,-1.15578193931341,1.24219722990542,-0.0763708394422555
0.9235,-0.988150476263915,1.23668978454378,-0.0442716652344302
0.924,-1.18724457420963,1.21977011838198,-0.0252135815026555
0.9245,-0.333484908602663,1.28060028073019,-0.00665692181115736
0.925,-0.145002420470999,1.32372278876846,0.00709776098967489
0.9255,0.338937256802275,1.38816341888614,0.0513857224108575
0.926,0.502114714706137,1.32880397187962,0.0448846575701456
0.9265,1.45267771551449,1.3606109448766,0.0565356717298721
0.927,1.34246156214565,1.37281889043375,0.0394674154376452
0.9275,1.48826257668725,1.37286158244114,0.0369138876338649
0.928,1.38004289134295,1.35726857076232,0.0503553734186402
0.9285,0.342250279287132,1.36161955416978,0.0387359105767422
0.929,0.32373219104506,1.30594151850276,0.0597997672076738
0.9295,-0.326518355115781,1.23375668853846,-0.00382530361129177
0.93,-0.535496603584277,1.29133587094464,-0.0428041462039785
0.9305,-0.820425434231861,1.17796835661987,-0.0828011619447357
0.931,-1.07130964402395,1.19192614352182,-0.077649226093343
0.9315,-1.48060711218429,1.21965289984648,-0.0990200009302568
0.932,-1.12839442645266,1.22838527005965,-0.0283627326608163
0.9325,-0.697357546953654,1.16747498937575,-0.00440049209786143
0.933,0.466699508853874,1.21531953872833,0.00331387207836187
0.9335,0.469375412210914,1.2227548963049,0.00676960017855417
0.934,1.20551389928714,1.2658628756711,0.0480713725082273
0.9345,1.10363769302923,1.28403128521852,0.0197703047178936
0.935,1.28707383082084,1.26046153539733,0.0387286911843429
0.9355,1.44813082750565,1.30927724985042,0.0487923164946894
0.936,1.04177225859654,1.29855116729986,0.0452820537395621
0.9365,1.19822040653119,1.25796938175416,0.0482807138218009
0.937,0.437946162311114,1.22059681997536,0.0545948091495561
0.9375,-0.343400446148351,1.18985347110225,0.0176116738980399
0.938,-0.259477249727633,1.09953171845314,-0.00424259416967437
0.9385,-1.27933216262777,1.10098590124709,-0.0505282346789722
0.939,-1.63354796724052,1.08673199815245,-0.101888855000925
0.9395,-1.22092514575803,1.10663955477663,-0.0931575589680793
0.94,-1.4696859067488,1.10804744355294,-0.0581815097869119
0.9405,-1.22559842709446,1.09873170424738,-0.0139849364176447
0.941,-0.664312116920664,1.14747692027435,0.00219447239316942
0.9415,-0.284491564690541,1.16159570294908,-0.00794627788971434
0.942,0.266221370458178,1.2051368453516,0.0145002381301929
0.9425,0.828742691386718,1.2010703343232,0.00491435311973471
0.943,0.80042593924047,1.2212484290628,0.0163169743813573
0.9435,0.964796760319523,1.24374401261631,0.0506662762818867
0.944,0.745763281920293,1.22173223363647,0.0522056790677045
0.9445,0.99442456242725,1.23760746358408,0.0531151734937445
0.945,0.926131162538737,1.16210029198738,0.0353778236271186
0.9455,0.145956763918061,1.16322615343642,0.0648433629450563
0.946,-0.0366788716944932,1.11088428516477,-0.0129413135634995
0.9465,-0.487546680222726,1.09581670380977,-0.0317782838057224
0.947,-0.747959979861979,1.03055573833458,-0.0599453658980188
0.9475,-0.981383946386412,1.06114791561522,-0.0477590640671916
0.948,-1.46139685318994,0.957288861162509,-0.0453783826020723
0.9485,-1.38280210723885,1.01230963164402,-0.0386979165221632
0.949,-0.871846860706377,1.11181327311632,-0.0354282661806592
0.9495,-0.641483322482091,1.11810502578201,0.0141133381465479
0.95,0.363185490247368,1.09626745051469,0.0120505892635203
0.9505,0.820065094417907,1.08975181019868,-0.0151117054413636
0.951,0.907109925323972,1.12428706311757,0.00196232497316194
0.9515,1.06058456121311,1.13540145380569,0.0492152508081286
0.952,1.41508491155381,1.17678751423698,0.0560775399928809
0.9525,1.06251167502804,1.20222076474318,0.0490418337300764
0.953,0.962304866149548,1.13109867528997,0.0728238329614215
0.9535,0.488484877163219,1.10729640026908,0.0307289835345479
0.954,0.187954359463454,1.07250353748096,-0.00404720576300989
0.9545,-0.0384239608253105,1.0818147764842,-0.0356276033269836
0.955,-0.571785650239606,1.00589669732009,-0.0839809265260127
0.9555,-0.801888370815,1.00038883410802,-0.0664291560448843
0.956,-1.49398605098122,0.947040159631629,-0.0751229316765935
0.9565,-1.22013566229949,0.996557981633887,-0.0373201829203833
0.957,-1.33305517507098,0.945606497196108,-0.0269528752897038
0.9575,-0.660535578169747,1.01470984746185,-0.0189738628624698
0.958,-0.238694768143941,0.997632156169407,-0.0124226930483098
0.9585,0.485381098592066,1.14704389758761,-0.00833394949916202
0.959,0.894714452671433,1.08721755088017,0.00609298896227211
0.9595,1.15460704465793,1.07639350429734,0.0223154137151213
0.96,1.09709618384869,1.10719926074237,0.0820713326077064
0.9605,1.16456023447076,1.15336423198666,0.0933881021484991
0.961,0.650600924549466,1.10634309434522,0.0947901470629798
0.9615,0.768009421339415,1.03972576580168,0.0617540391952863
0.962,0.0853960737797166,1.08386548320348,0.00748760521196764
0.9625,0.2324564446175,1.02285145676199,-0.0225043462652651
0.963,-0.247544625187169,0.96977340254772,-0.0435153765908982
0.9635,-0.844897849242339,1.01356457867196,-0.0527288831948067
0.964,-1.25687219493869,0.958624635503312,-0.0490863817067093
0.9645,-1.24599689701009,0.912263924295433,-0.0577515403283329
0.965,-0.819965848317586,0.996691240758478,-0.0324205124448589
0.9655,-0.651942720494837,0.994072451914718,-0.0415483448725044
0.966,-0.730500696263649,0.943738964953735,-0.0327923523210765
0.9665,-0.118749658123784,1.017966230112,-0.00569725246703033
0.967,0.038988213570493,1.06402308204372,0.00197709958431009
0.9675,0.854281477871753,1.04459511719006,0.0173269538054513
0.968,1.26780613836471,1.09985918451025,0.0225099647158612
0.9685,1.48479503735511,1.09497034962977,0.0662376054267109
0.969,0.876758850271597,1.09219958564237,0.0687922853141078
0.9695,1.20862722688554,1.05656453072795,0.0580246150092871
0.97,0.537385541683512,1.10775597092837,0.0426730162455483
0.9705,0.224582975988859,1.05501698713545,0.0134796710177736
0.971,0.0364032561741552,1.00990884086012,-0.0622077182430791
0.9715,-0.542649502003376,0.989187101553211,-0.0169259724582636
0.972,-1.02790927180389,1.00336849721506,-0.035405799211261
0.9725,-1.06634086538667,0.940217815032517,-0.067980513842762
0.973,-0.869330713399999,0.923540428409063,-0.0326100286653627
0.9735,-1.31428555549075,0.964795857433457,-0.0251427459356942
0.974,-1.2137686334275,0.998638578639513,-0.0242121254874095
0.9745,-0.76168974525245,0.986492243359009,-0.0334501698782625
0.975,-0.236069800358061,0.990303667964994,-0.0169014358697653
0.9755,0.303161899050658,1.0082946721908,0.0207438406098212
0.976,1.01980072852224,1.05261927898314,0.0874721065911703
0.9765,0.635753908091657,1.15192623255094,0.0638786711977911
0.977,1.33515846829763,1.14479120147837,0.0886355377893581
0.9775,1.02128898627894,1.07810222287447,0.0383768653980095
0.978,1.25979382869994,1.09509724571057,0.0599166571154683
0.9785,0.401799547095847,1.08904719910571,0.0219074584411977
0.979,0.162039701774542,1.03355003285596,-0.0161795575289674
0.9795,-0.552115762386143,1.03566185557166,-0.0134179516837735
0.98,-0.921196696020171,0.979489435422873,-0.0374578841560846
0.9805,-1.14334738263566,0.949580941380624,-0.00380457365616672
0.981,-1.31148318684417,0.945675682687661,-0.0397965380172473
0.9815,-1.38526811370909,0.995497769766539,-0.0440063264103543
0.982,-0.795666930852486,0.977964064243318,-0.0713974866129068
0.9825,-0.612615294418354,1.00276868379822,-0.0569309012698513
0.983,0.146456487864861,1.04322391350318,-0.0257212455416161
0.9835,0.0905735590670128,1.04800288868871,-0.0273698023539652
0.984,0.881164249304987,1.09271739954056,0.0239902679144389
0.9845,0.457855521312978,1.15483928176532,0.0713011160419598
0.985,1.37232772900642,1.18267330933054,0.0762460424713883
0.9855,1.36524290510639,1.15905141941038,0.0508498411648014
0.986,1.05981031660485,1.16280978259555,0.0600680014547939
0.9865,1.04625548147369,1.11854203277814,0.011951738337253
0.987,0.688479996432715,1.10558772934663,-0.00909710210837091
0.9875,0.258401412146735,1.08200506324123,-0.0272789747612364
0.988,-0.363960834365651,1.08415341844017,-0.0203671129783662
0.9885,-0.721540613778149,1.03945433707416,-0.0224794041573028
0.989,-1.32064933267849,1.06745117286251,-0.0601540064800382
0.9895,-1.54439107435769,0.998857209049248,-0.0670505965058444
0.99,-1.27749058707125,1.04626791619937,-0.0621182043006768
0.9905,-0.933966209354697,1.03625292289946,-0.0815425980463421
0.991,-0.375266690348499,1.08357155365191,-0.0202988042147372
0.9915,-0.357080853018952,1.11901449671221,-0.00709388171656745
0.992,0.193962838920361,1.08507199033872,0.0124168247117889
0.9925,1.49114763838912,1.17452147150232,0.0352302331680847
0.993,0.917958873277546,1.18471916215672,0.0709483436620494
0.9935,1.72888458568902,1.27984830518106,0.0892530970502474
0.994,1.48887754742332,1.25650635932881,0.0626895712711566
0.9945,0.933590926533261,1.21345474719283,0.0453096834762086
0.995,0.72023658090303,1.18486377575086,0.0141906904555635
0.9955,0.262154752919497,1.17301070587026,0.00789269228835477
0.996,-0.0408278078446596,1.16122856482011,-0.0152673905978398
0.9965,-0.270413723256424,1.16059223269486,-0.0538145596428132
0.997,-1.3878263933924,1.10861089833479,-0.0263244919203707
0.9975,-0.701480567294538,1.12653359829046,-0.0679000941305142
0.998,-1.07237473148073,1.09317217078237,-0.0160796433082666
0.9985,-1.28554571553611,1.14870564837404,-0.0559364742320089
0.999,-0.900112746619231,1.12283457552665,-0.0554804874382333
0.9995,-0.392129998474581,1.13274540437551,-0.0421368468228312
1,0.0740427960021963,1.23422271097617,0.0202235774253527
1.0005,0.767057399503308,1.26196537991052,0.0377652735715926
1.001,1.14054529909882,1.24818830109965,0.0846437492596459
1.0015,1.05743932493564,1.26825361337542,0.0648752227389825
1.002,1.23256783528767,1.3393485720956,0.0544821581731487
1.0025,1.38873603988192,1.28951450058112,0.0527529985559662
1.003,1.00640592428776,1.294544420745,0.040655608236542
1.0035,0.894409650055669,1.30480919190693,0.00979385792067035
1.004,-0.0129381859738972,1.24696373039913,0.0249636756755857
1.0045,-0.197030687568888,1.19181863835352,-0.000407920861681322
1.005,-0.672180257918869,1.18954819162805,-0.0187678603260308
1.0055,-0.720954740698877,1.21631851198522,-0.0429245721441861
1.006,-1.5797327361148,1.15377094761538,-0.0458220487526477
1.0065,-1.24295281354856,1.21342179168847,-0.0557202552916251
1.007,-1.05498371266578,1.18974564748231,-0.054404511518956
1.0075,-1.32909122495207,1.19018551212107,-0.0500069291034185
1.008,-0.00254203803760056,1.22377111146181,-0.0187045225151678
1.0085,0.860813214626926,1.31189800461244,0.0381419042237183
1.009,0.551106864390042,1.32719136878292,0.0433223231770408
1.0095,1.04586245816085,1.35248809625795,0.0496875271051969
1.01,1.08599076861953,1.3183302470917,0.0421851056393185
1.0105,1.35737125679614,1.40632626993754,0.0638967451819101
1.011,1.04835042663759,1.36298284131106,0.0525852765495417
1.0115,0.839373482120903,1.36559626653226,0.026788536949457
1.012,0.869524113976719,1.3718325757623,0.0177020294375634
1.0125,-0.211807470662316,1.27088552878237,0.0231347141752224
1.013,-0.608794405991096,1.29283428748699,-0.0110247724998177
1.0135,-0.883191160302985,1.21834127477493,-0.0324925142717218
1.014,-1.17522536287506,1.18639632377589,-0.0562470950727573
1.0145,-0.899699823035534,1.27874058375853,-0.0807821731072876
1.015,-0.692224253733727,1.24943089475888,-0.0876391160824684
1.0155,-1.21661135106256,1.27776980086884,-0.0399731256284491
1.016,-0.767918398515009,1.26096041404299,-0.00535155845442868
1.0165,-0.0279431399145556,1.33334567221212,-0.0256576713348933
1.017,0.218401501793651,1.3320052385287,0.0409082500135089
1.0175,1.23922980887453,1.40022974675951,0.0441098262916205
1.018,1.47321970826285,1.38316728203324,0.0257107175123815
1.0185,1.37768415049307,1.43411226756152,0.0414529512152123
1.019,1.37862220506734,1.50719454766535,0.0234296040004743
1.0195,0.979094405159341,1.44201841505776,0.0374029998326123
1.02,0.931280560327347,1.38493040713148,0.0377412437379182
1.0205,0.595053191312468,1.36719794760176,0.0364916045587903
1.021,-0.122420513680973,1.30109066059866,0.040635199563152
1.0215,-0.124460330659956,1.32355238899759,-0.0330125252300647
1.022,-0.802192546108645,1.33098274539271,-0.0417896550151609
1.0225,-1.22442181768313,1.32148938319574,-0.0382308471508333
1.023,-1.16304514980745,1.26583485519547,-0.051535723811693
1.0235,-0.864167590537493,1.30515529192132,-0.0715306260880058
1.024,-0.960583501397488,1.32260703859347,-0.0542691057049124
1.0245,-0.484322094767578,1.34197091409563,0.0167216172877225
1.025,0.593321852788064,1.35002595328689,0.0192564932419146
1.0255,0.344314195554262,1.38026188343664,0.032273297495278
1.026,1.09702542021213,1.42866308157296,0.0373619130097684
1.0265,1.34166205304143,1.43471774285655,0.0296577642714115
1.027,1.65127156551597,1.44291668290109,0.0400563414168553
1.0275,1.32630427489689,1.46885674825072,0.0248192864521412
1.028,0.351518083109707,1.46067679011327,0.0299185215639464
1.0285,0.391877779567327,1.41515620834044,0.0325002999596708
1.029,0.285305899482734,1.39819417285321,0.0391488498414428
1.0295,-0.247763872450761,1.39685426822032,-0.00715656531986593
1.03,-0.247170107641861,1.31509491570253,-0.0352001334670481
1.0305,-0.708027486242816,1.32344459866444,-0.0562589300462243
1.031,-1.10831688354647,1.31642765948879,-0.100832969712975
1.0315,-1.21160200290034,1.29406891990258,-0.0792216700608878
1.032,-1.44616953245774,1.30526804607417,-0.0423139545672902
1.0325,-0.271346771247895,1.33203411556338,-0.011334250767304
1.033,-0.278318724687184,1.33674250102288,-0.0110057339472475
1.0335,-0.229376263048901,1.43305596472136,0.0213495927821613
1.034,0.712166840708934,1.41697775341361,0.0354503060479631
1.0345,0.991356744156816,1.41631267284834,0.0581209060739309
1.035,1.04908251014046,1.44321050261616,0.0458333082956205
1.0355,1.373569191738,1.49948422997988,0.0563308767634178
1.036,0.956468705015734,1.39373337795936,0.0574087459559972
1.0365,0.520277632139634,1.44418419920785,0.0155887227276925
1.037,0.0223600638959842,1.42752924066297,0.0306867183782277
1.0375,-0.0909522386617564,1.39354929491254,0.0506061106195851
1.038,-0.617547648858952,1.29910532609274,-0.024315250804059
1.0385,-0.746646439215365,1.36717589284116,-0.03158683963673
1.039,-1.5078179008,1.28497942880265,-0.0467155410788008
1.0395,-1.30061331326443,1.29359734917018,-0.0636549732393141
1.04,-1.56586680287328,1.26820828526105,-0.044537625799063
1.0405,-0.511157312992568,1.29779054693207,0.00300988814054559
1.041,-0.631611771121477,1.27911944652966,-0.00130626109568583
1.0415,0.149867198796868,1.33564779951323,0.0146260624432054
1.042,0.434580461730728,1.35014222765204,0.00916015668833287
1.0425,0.961709924440583,1.39080280624902,0.0147486571542899
1.043,0.766425853588148,1.42725629131528,0.017480288457648
1.0435,1.54153367609491,1.42732644206457,0.0406128100863934
1.044,1.59006316937206,1.45141241615048,0.0842749602362905
1.0445,0.535223971558581,1.41229820744079,0.0549114431312361
1.045,0.689796749892523,1.30390923375667,0.0754425370689586
1.0455,0.147443576153652,1.34088999218,0.0164237147313005
1.046,-0.117305011859048,1.3562614934269,-0.0195232806710418
1.0465,-0.813766633509301,1.32260792891565,-0.0436465773210672
1.047,-0.891641357711013,1.32436836480731,-0.0451033032855062
1.0475,-1.03719343848599,1.22487778719505,-0.0885482498788218
1.048,-1.18366634549863,1.28023299172237,-0.0966804615225278
1.0485,-1.15798607368433,1.24920137882986,-0.0473208497289229
1.049,-1.17589343711792,1.27942973508435,-0.0238993860453184
1.0495,-0.444532348488881,1.28947902267114,-0.0274223239847996
1.05,-0.130233221818243,1.31876337040716,-0.00767450967376925
1.0505,0.13900594094109,1.33836529829453,-0.00276077353557312
1.051,0.838887388798546,1.33991809799225,0.032926351700302
1.0515,1.0747951775168,1.29558413537098,0.0438575304113683
1.052,1.29112934772813,1.33332172118981,0.076967260201246
1.0525,1.43247544205392,1.31642173048258,0.0579735963573816
1.053,1.10344705828448,1.32999718570915,0.0669632465876545
1.0535,0.926184965778407,1.24330506413872,0.0227390870330021
1.054,-0.0263254102130289,1.29508855575409,0.0030830275311223
1.0545,-0.525631372600473,1.27969107564216,-0.0303882521493157
1.055,-0.755084773144779,1.17449731806312,-0.063866917495308
1.0555,-0.704571625214045,1.19088283268279,-0.0529591403694947
1.056,-0.895867421919985,1.1638905758919,-0.0470309785554801
1.0565,-1.25302701629002,1.16065127715417,-0.038835880939593
1.057,-1.19904224814507,1.20561146239735,-0.0188554594100728
1.0575,-1.11087645137686,1.19098132093305,-0.0141371147274671
1.058,-0.141148410224519,1.20329649028369,-0.013563831033811
1.0585,0.161466612005521,1.21293864421038,0.00285327283464973
1.059,0.304138489197465,1.27319245535462,0.0126570844733998
1.0595,0.873561346471847,1.29747143355151,0.0513639813534172
1.06,0.723923614717064,1.30183326518547,0.0738228226651216
1.0605,1.34690861873326,1.30850330039824,0.065229879605395
1.061,1.07997511616508,1.30791411220723,0.0626284244630095
1.0615,1.25762598429637,1.29464741509639,0.0515003236748209
1.062,0.117062849946662,1.21629516570127,0.0151735777193192
1.0625,0.242626670492476,1.20263528815874,-0.0315028944046074
1.063,-0.420850008715877,1.17973486216418,-0.057728568086917
1.0635,-0.828569819074957,1.13778782455917,-0.0260952069159362
1.064,-0.943128450046145,1.12434800840875,-0.0342769432283458
1.0645,-0.93930629234297,1.07141641312993,-0.0378855998483298
1.065,-1.44698745136775,1.12008002637241,-0.0528719796845179
1.0655,-0.625472311967247,1.09679362994687,-0.0275455229332668
1.066,-0.899621681291058,1.12457384623066,-0.04358824724067
1.0665,-0.423848759416693,1.21247048422292,-0.0227809342208358
1.067,0.139996629133851,1.17705796292156,0.0140242333518685
1.0675,0.912277383734132,1.21139378225349,0.00616425014508239
1.068,0.778299577599747,1.14421594387164,0.0568853333405405
1.0685,1.3001328995679,1.25174518414844,0.0825139447274606
1.069,1.31921190765514,1.2689353373318,0.0824427089772314
1.0695,1.08377090216198,1.17083661984264,0.048028844356862
1.07,0.866167649817547,1.17405365189074,0.0390782762146767
1.0705,0.0145479911894219,1.12718750378663,0.00982341899442883
1.071,0.0968210740266449,1.05519452947215,-0.0155308344322895
1.0715,-0.567592473883473,1.04202822963389,-0.0543356722432091
1.072,-0.770514542292513,1.05431206495212,-0.0553506600187978
1.0725,-1.4220085183708,1.03783103306274,-0.0484130208272949
1.073,-1.2209927505039,1.05023813140203,-0.0184134285030753
1.0735,-0.899169178441593,1.02281026104055,-0.04363546876812
1.074,-0.592570298104383,1.03689162147302,-0.0111230096942398
1.0745,-0.476012300129747,1.11508180255843,-0.022134807650026
1.075,-0.463382894086759,1.07231529234024,-0.0277019771546755
1.0755,0.18056082400991,1.09577219561966,-0.000654014075560034
1.076,0.900170398577777,1.15694816273034,0.0513252981183442
1.0765,1.31595660319305,1.17267878436013,0.0913954671805784
1.077,1.34805529627718,1.15894631998295,0.0572345885857078
1.0775,1.0209166385827,1.15340909502532,0.0840125239102329
1.078,1.51212795452416,1.11472191505551,0.0271603811687988
1.0785,0.612601100471148,1.14561088199626,0.0158414749319609
1.079,0.371020592196332,1.0835011380235,-0.000883098743998273
1.0795,-0.410715613069789,1.06691954637501,-0.0421630111827748
1.08,-1.00371761536377,1.04793442629698,-0.0700284732512043
1.0805,-0.869911307611709,1.01221953552132,-0.0238848830668568
1.081,-0.951725453979789,0.914949046332685,-0.0695054582405297
1.0815,-0.755378944078868,1.00683078222067,-0.0328972129213707
1.082,-1.17292503851519,0.966787857941238,-0.0611041503730801
1.0825,-1.13134068938013,1.0039373323717,-0.0517223692428267
1.083,0.0979097009935102,1.030859648665,-0.0476691961860329
1.0835,0.220432809163862,1.00203469101092,0.00943379066043343
1.084,0.311584312951349,1.12529479187231,0.00695941027430015
1.0845,0.809072907618066,1.11002981558865,0.0590364989061379
1.085,0.968784952388965,1.13418835955742,0.118283412285202
1.0855,1.51886475085191,1.11091268814184,0.0668457366114373
1.086,1.26171228886808,1.12152749871745,0.0482503144546472
1.0865,0.903098848342001,1.08558706379722,0.050198797756611
1.087,0.513058618298143,1.05157702466926,0.0272653346990229
1.0875,-0.20537509971179,1.06072649767029,-0.0325238980235681
1.088,-0.204502714577603,0.996048464984973,-0.0207102963524053
1.0885,-0.755223769081407,0.938678553530787,-0.0189231338862721
1.089,-1.17780059685741,0.96976578136326,-0.0398606848962012
1.0895,-1.27307305005324,0.921089015613174,-0.0541850101929002
1.09,-1.19438254003788,0.928661518303005,-0.0812819970216667
1.0905,-1.16863712868967,0.944240924281358,-0.0551152388343092
1.091,-0.406574605835359,1.01665023589802,-0.0319148901915353
1.0915,0.194085055504936,1.01536184553815,-0.0161405225052473
1.092,0.923927287781425,1.00728897112388,0.019934062380734
1.0925,0.847798026748431,1.05761375428474,0.0800640363469753
1.093,0.831058869650274,1.10548851579168,0.0625338265504153
1.0935,1.25610204566,1.0932392213791,0.0567200857091248
1.094,0.953882439683646,1.08400846335633,0.0585629516548191
1.0945,0.882842004412602,1.02339525328139,0.0149970408776049
1.095,0.55644605366493,1.03151565468806,0.007562437036266
1.0955,0.0967709336867595,1.04019073481126,0.0247412122271813
1.096,-0.0591797809751387,0.956861791332333,-0.0188911699165486
1.0965,-0.869616181330524,0.968822571351417,-0.0483841851742138
1.097,-0.777914309597449,0.945348433382919,-0.0432763454305081
1.0975,-0.967051122524681,0.926532637554263,-0.0641096847542812
1.098,-0.96387727210645,0.916003869434797,-0.0556416513707906
1.0985,-1.11393203640284,0.978019565555284,-0.0686784886972099
1.099,-0.683996158951122,0.920690205836398,-0.0612986279847537
1.0995,-0.000196088698539598,1.01978647560487,-0.0267397481632316
1.1,0.0132483278231357,1.01988505106215,0.021819356442032
1.1005,0.40633163559881,1.05156674315409,0.0235798367337285
1.101,1.28126816224777,1.10551581031998,0.0767805337543083
1.1015,0.480459680557141,1.12062571985648,0.076482538367365
1.102,1.10739158724957,1.20877193667244,0.0508480532082633
1.1025,1.77144019432904,1.0712515890622,0.05352335781309
1.103,0.824879285960217,1.12440947332159,0.0498093156766206
1.1035,0.449252768870391,1.11258910654072,0.0424383119411861
1.104,-0.15332206509997,1.07391486171619,-0.00763868081361771
1.1045,-0.105881190109935,1.03194635021058,-0.021592704779552
1.105,-1.24615226730412,1.01969276814012,-0.022751870553037
1.1055,-1.23200222583817,0.899491279852348,-0.0459383424840594
1.106,-1.0588487058578,0.998211962021552,-0.0700598796879537
1.1065,-1.20074311849742,0.988391372677041,-0.0858434980224905
1.107,-0.875630539433649,1.01906379447075,-0.078792189994349
1.1075,-0.68642839285477,1.00427334868113,-0.0191986578252122
1.108,-0.133529515047025,1.04625367858816,-0.00906712440767
1.1085,-0.168800449366669,1.07486119841993,0.00683117694661394
1.109,0.642722726348665,1.06469987180795,0.0651451735266075
1.1095,0.548958736916434,1.18389718049953,0.0721437651401522
1.11,1.35661520385859,1.09137128014506,0.0656002174403555
1.1105,1.14026772856495,1.16126094560687,0.047222206637278
1.111,1.26781483143889,1.13344563843259,0.0276460364268753
1.1115,0.700706142625116,1.1640133832249,0.0194269455388779
1.112,0.531154168147715,1.12225280090652,0.00817738332426912
1.1125,0.263517992857287,1.02904274400772,0.00227473254398078
1.113,-0.943761026959441,1.10974932367461,-0.0351726697751222
1.1135,-1.3013356821467,1.02426416175369,-0.0171774335524075
1.114,-1.56091407174503,0.989774456458402,-0.0656854677355964
1.1145,-1.00405829566745,1.00632384907915,-0.071636451256013
1.115,-1.05746829180253,1.05532305295656,-0.0874690126958474
1.1155,-1.11424132599246,1.04504986443812,-0.0590566877796502
1.116,-0.212000678088118,0.999206417234812,-0.0177700926091601
1.1165,-0.118176862194927,1.15877765645535,0.0116013270220792
1.117,-0.0939141823614156,1.1393355909349,0.0321537130592088
1.1175,0.460743479661517,1.21049082399695,0.0218502867719041
1.118,0.681339201402643,1.23803583404219,0.0485804183444188
1.1185,1.43407296787061,1.23465624109843,0.0480285959780522
1.119,1.0448621122658,1.22800916649019,0.0269438444275892
1.1195,0.734135562211537,1.26129482280063,0.017650065226021
1.12,0.570626466804784,1.15920480600995,0.0369217902779347
1.1205,0.0933128444163688,1.15979510542395,0.0574826860947948
1.121,0.0608569999768092,1.11543163193855,0.0046560661365722
1.1215,-0.466300957999888,1.11581050917966,0.0177582929240815
1.122,-0.860914348120295,1.0667693024623,-0.0399688024721472
1.1225,-1.05178328957492,1.14102352913159,-0.0746531270506894
1.123,-1.20184978007086,1.1072161086269,-0.0839099263657683
1.1235,-1.33637765732574,1.13015095586425,-0.0737984425843748
1.124,-0.696025426947413,1.15423237798938,-0.0395577555135919
1.1245,-0.652315326997571,1.21659974954424,-0.0286010074383171
1.125,-0.267976262112356,1.18024457428895,0.00725168904394617
1.1255,0.17835391895891,1.19230363487568,0.0169913893044149
1.126,1.04823392472884,1.23030959729844,0.039051683060884
1.1265,1.34327368657766,1.30241487432674,0.0390491717472303
1.127,0.771190702017158,1.30309507785572,0.0463883300167828
1.1275,1.11668259367319,1.30703416524596,0.0387217594780344
1.128,0.997515228755931,1.29538619481941,0.0410295153054954
1.1285,0.43160454970083,1.26111216012177,0.0139518012565625
1.129,0.342204252822318,1.19436039415306,0.0478603987084799
1.1295,-0.237861974278246,1.22643619121123,-0.0315474954407419
1.13,-0.750614672343913,1.24587055703087,-0.00273980860545461
1.1305,-1.16251421763314,1.14604804983922,-0.0746900101395025
1.131,-1.02087870710179,1.20520614067526,-0.0960284221767219
1.1315,-0.9776005061348,1.22050870684268,-0.0646339203176877
1.132,-0.905297684376274,1.16926405194336,-0.0309271749213261
1.1325,-0.771728596398959,1.21844128484962,-0.00643766380539346
1.133,-0.0708539125390317,1.25841882519993,0.0120562019272717
1.1335,-0.0750001918542034,1.31759875596123,0.0209407944149929
1.134,0.619187353103496,1.35008139993093,0.0175936817566851
1.1345,1.2815084105351,1.34822144785142,0.0307070771967369
1.135,1.10325738478705,1.36688197144742,0.0365422859457395
1.1355,0.996341006176467,1.35420521574281,0.046642151030642
1.136,1.58022552226511,1.37261260349007,0.0671127603715799
1.1365,0.766067583403964,1.30007042430053,0.0462580654087525
1.137,0.555486552777446,1.34734066408987,0.0586073200194342
1.1375,-0.200902871054968,1.37491903364302,0.0163899305153787
1.138,-0.373023654275495,1.31375629265476,-0.0423956918344995
1.1385,-0.710464189294336,1.21348780537028,-0.0457161041610419
1.139,-1.09207712616064,1.28306482923435,-0.0601161442141894
1.1395,-1.12408835186373,1.19011595369641,-0.0952114820631221
1.14,-0.847523462878778,1.28517886888563,-0.0596057739002106
1.1405,-1.28147911310234,1.26650446503118,-0.0190046021836594
1.141,-0.530259522059692,1.24636583631663,-0.0196941818261406
1.1415,-0.649094877864065,1.28976561745781,0.00637365236013993
1.142,0.307255535868051,1.36166212454229,0.00529032832478757
1.1425,1.19192513595875,1.41454794147143,0.00343240117513896
1.143,1.25397914206602,1.38589546719636,0.0285982511968286
1.1435,1.18320654943613,1.38907354861381,0.01930955313599
1.144,1.10016990449595,1.40552442003241,0.0525988668767591
1.1445,1.15022671642299,1.43920618973749,0.0644772640009113
1.145,0.972900819555836,1.42583328126088,0.0531002025860135
1.1455,0.303470993860652,1.37659629925575,0.0341109966624886
1.146,0.252632489754466,1.39013098200258,-0.0191507467572021
1.1465,-0.784495551344012,1.31668245272563,-0.0229524092019354
1.147,-1.4277755680789,1.31802768741635,-0.0630396649913813
1.1475,-1.33270668903504,1.25839322710375,-0.0471564247276724
1.148,-1.25185558404152,1.29333709208586,-0.0920122758771934
1.1485,-1.18277863617067,1.30115802987054,-0.0543732350260673
1.149,-1.03602705322105,1.29971123028345,-0.0178236362830806
1.1495,-0.108829273678771,1.32950088211451,-0.024378742004247
1.15,-0.404079314486987,1.39102923048212,0.0126834642306744
1.1505,0.320029314292273,1.42915091885342,-0.029533127472726
1.151,0.581282144321674,1.39341891575972,0.00844410973662799
1.1515,0.969918168924304,1.43110481193365,0.0564703791777469
1.152,1.0338069586124,1.49704417453004,0.042438896456215
1.1525,1.26324935803774,1.47106875443408,0.076484863973812
1.153,0.666123794130042,1.50009560834996,0.0816150505963322
1.1535,0.373946476178272,1.40625653038084,0.0672706628071301
1.154,0.175917858155938,1.38357988102715,0.00206466712886286
1.1545,-0.027847365850679,1.35328201439123,0.00492514765443658
1.155,-1.16983170017336,1.32785130192688,-0.0624439404073973
1.1555,-0.564309693179884,1.34690139662526,-0.0406919398535254
1.156,-1.3993584600878,1.33248134480252,-0.0849244645806926
1.1565,-1.01762526129436,1.42411541628395,-0.0628876567722459
1.157,-0.751324291173429,1.35269822915814,-0.0538682913037311
1.1575,-0.374808891975204,1.26906571783706,-0.055518220757685
1.158,-0.42781688293556,1.33948479409537,-0.00698626927589957
1.1585,0.156477129972831,1.39698860747546,-0.000104621265772621
1.159,0.537405813596337,1.39558463865594,0.0134257281863328
1.1595,0.772867917923569,1.42942555759465,0.035380429400738
1.16,1.20858496888785,1.45018261234068,0.0277122196065832
1.1605,1.28644303955973,1.44238656193275,0.0920930660271129
1.161,0.99675329829805,1.39293116071391,0.0608424106325205
1.1615,0.85367631528903,1.42924839734531,0.0613687539103299
1.162,1.10959973137734,1.37248011099669,0.0302877996349502
1.1625,-0.0018915188610731,1.38021318620373,-0.0110908276642641
1.163,-0.263474158432024,1.26498447911224,-0.0311664511457195
1.1635,-0.935646964505617,1.3177280926908,-0.0533249217846933
1.164,-1.21566307826463,1.2889020358311,-0.0470600314936534
1.1645,-1.28155463047936,1.29582164291423,-0.0577703873679039
1.165,-0.997523679391747,1.27079672364478,-0.0553107212150108
1.1655,-1.12272901736191,1.26647583265011,-0.0390321306036784
1.166,-1.03981986762304,1.31536934784271,-0.0435813080303626
1.1665,-0.136673861694593,1.35342250858023,-0.0151036474344491
1.167,0.188434613532366,1.34745070806908,-0.0101989320221087
1.1675,0.773118883079941,1.36615267864249,0.0241621512427885
1.168,1.03097171943417,1.40380252126477,0.0572704261801443
1.1685,1.35689445149004,1.37442341461606,0.0819188152511556
1.169,1.39959742092457,1.36798915210819,0.0806871688987006
1.1695,0.677880657517622,1.3525011078711,0.0622010010838231
1.17,0.321357349587746,1.39532968320234,0.0273430791030079
1.1705,0.422782489655692,1.36084592775549,-0.0238916285337396
1.171,-0.0731439804281125,1.32449952518438,-0.0285555732317822
1.1715,-0.8102644326708,1.38798324821885,-0.0503597573336704
1.172,-0.610897751672161,1.27835455815476,-0.0399754472884114
1.1725,-1.12742507310899,1.2662085521607,-0.0336443383987948
1.173,-1.16066562178829,1.23432997217536,-0.0477415917197965
1.1735,-1.01161146081782,1.19539751665828,-0.0571155675246035
1.174,-0.628462657788081,1.29750043678136,-0.034093474579264
1.1745,-0.0581538581998535,1.31492792595848,-0.039706848175691
1.175,-0.0654939405640267,1.31936123336929,0.000542002312619069
1.1755,0.00645363721041037,1.27044109171015,0.0219709664210667
1.176,1.06979848209837,1.37371855599506,0.0395084223187003
1.1765,0.847028775167671,1.37701270601316,0.0430232339417012
1.177,1.5008107592994,1.43448364287385,0.0835793364474635
1.1775,0.986320178753816,1.36470214038623,0.0609875978053848
1.178,1.29118822330955,1.32361477840055,0.0396735914543806
1.1785,0.372571606320364,1.28907155541669,0.00618450646014234
1.179,-0.128826617050239,1.27549721019172,-0.0261773501228025
1.1795,-0.05700463858087,1.23741661799569,-0.0486462494268681
1.18,-1.04081049455409,1.25157142925738,-0.0356942021985439
1.1805,-0.835265693591506,1.26237423542464,-0.0400374646940797
1.181,-1.06003106675648,1.1423973215845,-0.0160923551453539
1.1815,-1.20509921675252,1.16918235380585,-0.0540224262877744
1.182,-1.0902673576914,1.17519843230217,-0.0623245983093443
1.1825,-0.184982665064977,1.14413095728865,-0.0466460185850256
1.183,-0.389510618218892,1.22573605175837,-0.0221069923668651
1.1835,0.101537347929616,1.23083954712497,0.0128483122285071
1.184,0.338279013000279,1.25170742172799,0.0212263368633834
1.1845,0.712865400178754,1.32413736279188,0.0556317730993094
1.185,0.984815625350039,1.31842854554164,0.0816149149825855
1.1855,1.6137373659987,1.27609066484456,0.0736691044878369
1.186,0.97777625172637,1.31197245115088,0.0457720258508686
1.1865,0.640921183652452,1.25272003041512,0.0368947632317788
1.187,0.325305414780346,1.21539716069027,0.00393183173790382
1.1875,0.178594087525041,1.19952932223609,-0.00200440044748908
1.188,-0.766140352911759,1.13557175754121,-0.0252167704977412
1.1885,-0.656087793635177,1.12403767549561,-0.0156866626214732
1.189,-1.40707635931417,1.0985519135027,-0.023473751863084
1.1895,-1.21740832496145,1.09360481048906,-0.0494895747261642
1.19,-1.58546732576954,1.09772973715924,-0.0767244084901651
1.1905,-0.780328308791211,1.17052940608596,-0.0536592084070666
1.191,-0.398343897810003,1.15310272351615,-0.0499594720082153
1.1915,-0.320558723131321,1.13929595297493,-0.00381275390155262
1.192,0.374340252744256,1.20775803696278,0.011107166192716
1.1925,0.737702164027231,1.22696424841079,0.0552358754680698
1.193,1.29080184160724,1.24702594149144,0.0697276450096738
1.1935,1.19647865761101,1.22660248411437,0.0643797997932357
1.194,1.42404242731163,1.18052035389121,0.0585736333201701
1.1945,0.971304680748591,1.2241273245738,0.0434108629614055
1.195,0.5343077505778,1.19169523053848,0.0112198689134134
1.1955,0.285089924389912,1.11953322415831,-0.00706881069575807
1.196,-0.198268516083065,1.17155303894169,0.00223658134081432
1.1965,-0.350043413832072,1.07238434335261,-0.0283373154338414
1.197,-0.926267254257746,1.08067767628537,-0.0469232347678707
1.1975,-1.3360939347915,1.00671550887592,-0.0412600740260745
1.198,-1.21988801254537,1.07172238648647,-0.0773475223695245
1.1985,-0.773538022517853,1.02498943578417,-0.0913428129295025
1.199,-0.913613328622631,1.03095929718295,-0.0595116196477389
1.1995,-0.600105507888187,1.09396483128848,-0.0279039642691146
1.2,0.245997667024487,1.08717213074872,-0.00885347065459781
1.2005,0.460605809607142,1.17110901038564,0.0427577347466779
1.201,0.718643330603308,1.19683815806125,0.0407612741845576
1.2015,0.884856101162424,1.15955584521249,0.0684605162581739
1.202,0.809563959605625,1.2343649150151,0.0424831458651877
1.2025,1.16215875528418,1.13493473023948,0.028763830146157
1.203,0.831063193031692,1.11004937884483,0.012421689423586
1.2035,0.648794526474698,1.07059918264266,-0.0197126984465147
1.204,-0.216114378736665,1.04004527110984,0.0183862548089988
1.2045,0.0367998833426916,1.05698921507873,-0.0269333684333104
1.205,-0.572147917160396,1.00191625560072,-0.0157179192460213
1.2055,-1.3883095185471,1.01374487453734,-0.0316384077274749
1.206,-0.895033693282851,0.986306759632001,-0.0727007937786869
1.2065,-1.30599019016071,0.955498878756507,-0.0736204291385245
1.207,-0.920574446302587,0.969593557725452,-0.0381859772147537
1.2075,-0.638476364729125,0.975304340982922,-0.0341823283675514
1.208,-0.512849505793612,1.03204625356948,-0.0213998586636166
1.2085,-0.567560623142754,1.04622739070786,0.0108186590064907
1.209,0.701859391160096,1.10454646739067,0.0447237061019671
1.2095,0.822739615015837,1.00989560714059,0.0459934838606171
1.21,0.971404956221005,1.16809550687392,0.0646845609846583
1.2105,1.28074886828564,1.0813758930097,0.0403556160656646
1.211,0.893592487550459,1.13072276925564,-0.0028313441488819
1.2115,0.974148755236355,1.03086596477805,0.0473724198170414
1.212,0.471274744211474,1.07952088352276,0.0248760140824732
1.2125,-0.247829721208837,0.992588038850662,0.0269988397201903
1.213,-0.224191176063673,1.06823692729577,-0.00605035994269553
1.2135,-0.687159504168054,0.972558326042231,-0.0348325417485568
1.214,-0.751852478184014,0.955712221644794,-0.0629874585964233
1.2145,-1.3975310780932,0.920407254696839,-0.11000130133264
1.215,-1.34272842065575,0.935640035741179,-0.0686791258853546
1.2155,-0.828012139118456,0.961752205197997,-0.0244920290716825
1.216,-0.399822452037929,0.983890516847748,-0.0274752681089916
1.2165,0.0596530526936707,1.00592108551158,0.0152308624418125
1.217,0.294004111000386,1.00058494169961,0.0526195100030074
1.2175,0.631946457452875,1.03226830188904,0.0540103759236994
1.218,1.15550739770046,1.10063612080347,0.0666793605485782
1.2185,1.64537087572081,1.11143854767637,0.0651887153809422
1.219,1.37518181726687,1.0732984862881,0.0221681156657955
1.2195,1.01291554134409,1.13956202379964,0.0450673933180171
1.22,0.546686701269802,1.0681056399865,0.0524658524762593
1.2205,0.416956506844621,1.08449901158964,0.0298922066738626
1.221,-0.268170271396976,0.990212958343832,0.0173641088809932
1.2215,-0.505879714608414,1.03124718657411,-0.00157766610819537
1.222,-0.709721985063081,0.968484702466369,-0.029057437150774
1.2225,-0.884908343571655,0.9667300254811,-0.0694316545258885
1.223,-1.02385236057583,0.90597714267836,-0.0711853814173458
1.2235,-0.716875480233965,0.955255935520463,-0.0932250859214676
1.224,-0.340029681900958,1.0278805330449,-0.0320870796153437
1.2245,-0.906073931202732,0.998735569591071,-0.0314223788001114
1.225,-0.444671044776938,1.03126413684652,0.0244794209864779
1.2255,0.200846376416843,1.08794925625687,0.0369413641620109
1.226,0.30278735920016,1.10772825640942,0.0324415785767199
1.2265,0.970970192971729,1.10324995832817,0.0452744179561646
1.227,1.085148554536,1.12407770724503,0.0535968315948455
1.2275,1.1766318265763,1.13540661169522,0.0459906641312164
1.228,0.973927504306614,1.10093456065621,0.0371773248313097
1.2285,0.39256522403507,1.04911189637683,0.0254463984724044
1.229,-0.0565958985469969,1.08757315969356,0.0333047168482702
1.2295,-0.0927497973290902,1.03257917066336,-0.0189683310005209
1.23,-0.783389650066053,1.00307532120976,-0.0488310583133401
1.2305,-1.33077132751792,1.01706272439746,-0.0642976717062494
1.231,-1.14662212440162,0.920897805690078,-0.107249714269266
1.2315,-1.09796488434419,1.01341459006494,-0.075379601914956
1.232,-1.09020811328975,0.996044595226452,-0.0789516323950558
1.2325,-0.521411389584168,1.02944075895463,0.0055402637644343
1.233,-0.234298522475345,1.07297832996101,0.00751071046429257
1.2335,0.0932910229656786,1.02946132419186,0.0251990556098488
1.234,0.552013861145027,1.16670002194096,0.030106718812587
1.2345,1.01488188767564,1.1311260896984,0.0529797355199614
1.235,1.00075049900741,1.08470778820367,0.0377155251715811
1.2355,0.902038718087698,1.11071444215229,0.0635415784153777
1.236,1.01782968155785,1.194097817821,0.0669016305165183
1.2365,0.831613167809776,1.14718245350454,0.0244774711776846
1.237,0.557130443712639,1.11840484030165,0.0399531596718513
1.2375,-0.0075308823735583,1.10353791520324,0.00449021941488538
1.238,-0.543964204877012,1.03916093526284,0.003175762036586
1.2385,-0.649682963002674,1.05783601798842,-0.0746348653041202
1.239,-1.08399887813887,1.01777813471668,-0.0672254263393037
1.2395,-0.962388351165554,1.03735250635474,-0.0807229033375393
1.24,-1.13161279551568,1.0852147852764,-0.0709964585546982
1.2405,-0.900020740610445,1.07457807251308,-0.0293956477368238
1.241,-0.584609955016341,1.12490252554922,-0.0302739483155832
1.2415,-0.376401740502466,1.15073347070455,-0.0047123927955454
1.242,0.0580917711856514,1.15245661944739,0.0390141861491801
1.2425,0.444595165152152,1.17564018270352,0.0134873304816883
1.243,1.42986481610786,1.22683791696333,0.0238646614099586
1.2435,1.09413497805333,1.18577580003565,0.0364832727934277
1.244,1.37908492380897,1.22121937211861,0.0789208328870228
1.2445,1.07043015610457,1.2346636271097,0.0957774778231574
1.245,1.14912138283225,1.21896153581402,0.0387621937358046
1.2455,0.52124282383167,1.16127206731198,0.0208904238092099
1.246,-0.452603216847573,1.16086120782493,0.0271233985083921
1.2465,-0.642374446019034,1.13018271324855,-0.0480780980900496
1.247,-0.673494463843702,1.07661947007409,-0.0934738613473711
1.2475,-1.0342079836158,1.07384828277722,-0.0658152345031885
1.248,-0.594387413477094,1.08908119512883,-0.0734351604140322
1.2485,-1.06408525237294,1.14610342542423,-0.0716809053593077
1.249,-1.18380280565371,1.15794242541561,-0.0191150197940296
1.2495,-0.31687638242116,1.20575595996866,-1.43108684245788e-05
1.25,-0.227954719202443,1.22641597805886,-0.0154191358187902
1.2505,0.44010613449551,1.24405703782509,-0.0183844971110902
1.251,1.06479136640806,1.26475909089609,-0.0103787500331932
1.2515,1.1280532212231,1.2921206206375,0.0599456914830696
1.252,1.23397208370698,1.33712068918144,0.0693785795312179
1.2525,1.05501551206561,1.30670246871464,0.0858191647729256
1.253,0.857919978243117,1.31940392056692,0.0502193911146667
1.2535,0.533425241053349,1.26903141055624,0.0541624938418166
1.254,-0.55429107363396,1.1832506875493,-0.00990539684439506
1.2545,-0.190245625463683,1.21099176760874,-0.0447167245291197
1.255,-0.434348651380753,1.20172944362627,-0.0599823216358538
1.2555,-1.30377148331961,1.16163425175425,-0.0660824427203274
1.256,-1.51967945211397,1.17348196310066,-0.0748248319656754
1.2565,-0.983735194343211,1.13405954368899,-0.0380673457240839
1.257,-1.35572987116821,1.1742896836536,-0.030137922075708
1.2575,-1.10116456346635,1.19522735021635,-0.0204963628444271
1.258,-0.0909670943039561,1.24370591906416,0.0113580811661965
1.2585,-0.0183450876957529,1.29841849825366,-0.0290025923556939
1.259,0.869343300047264,1.33421419355824,0.019298833791571
1.2595,0.569426749413298,1.37576520498123,0.0343305346203428
1.26,0.947836968615681,1.39305641528756,0.0459969002018512
1.2605,1.21604316421822,1.35742552451108,0.0601733488048036
1.261,1.18485701820372,1.41295997949,0.0469748008761077
1.2615,0.909271187273221,1.35591513633851,0.037839362252444
1.262,0.473893500030246,1.30190789571257,-0.00886368105384073
1.2625,-0.0574512389414294,1.27751063722703,-0.0185937348054302
1.263,-0.570684375112712,1.2512969327999,-0.0378478435991104
1.2635,-0.671687853848823,1.21962687806376,-0.050693585462605
1.264,-1.14312857319786,1.28296068766936,-0.064712419591136
1.2645,-1.04859874090979,1.2321560132316,-0.0488132717325083
1.265,-0.827572814875685,1.27750909195684,-0.0427051787416403
1.2655,-1.45295356006742,1.24943110576679,-0.0178044577297806
1.266,-0.105631798267755,1.33397507456246,-0.0319810352565566
1.2665,-0.302834534642393,1.33314292830668,-0.024451885701394
1.267,0.616419259567852,1.32732520791707,-0.00117293548955409
1.2675,1.06683161258253,1.40965130271653,0.0264072562823834
1.268,0.607860874690072,1.42719371904999,-0.00100137325563551
1.2685,1.17844889241643,1.37608202024129,0.0455128570671556
1.269,2.0005808118562,1.38365289096714,0.078973046997567
1.2695,0.920919432663549,1.4212143005222,0.0791081295109053
1.27,0.799910431745143,1.37793767899942,0.0245574950748571
1.2705,0.369674254962842,1.3586353092607,0.00441934359207859
1.271,0.172383991538834,1.36952990976503,-0.049729154751592
1.2715,-0.283052565390051,1.32922802840504,-0.0767727763063286
1.272,-1.12520937922061,1.33083233230269,-0.0447279568208681
1.2725,-1.20624166379509,1.2956576719126,-0.0308867291093926
1.273,-1.0647694021344,1.32866262293068,-0.0501208072733636
1.2735,-1.05754768835562,1.28356210246153,-0.0433080945894177
1.274,-0.155159921650398,1.31765341073253,-0.0479632872190721
1.2745,-0.314508083166084,1.33837460096671,-0.0310067678575345
1.275,0.109379429499624,1.37517368591564,-0.014981848685034
1.2755,0.214602010481557,1.36923409181984,-0.00734380748018668
1.276,0.46147590029866,1.44939596093439,0.0834318581733063
1.2765,1.24038800226261,1.428116509233,0.0656586307619192
1.277,1.09964894547817,1.42540157903931,0.0723302570984527
1.2775,1.2569876806353,1.52978547614813,0.0571061275470479
1.278,0.678864063455932,1.40814922311661,0.0580869712155756
1.2785,0.778309879417423,1.34793788045301,0.0136641324316722
1.279,-0.309184366423625,1.38012648237348,-0.0120098301479236
1.2795,0.105620368224424,1.33305585051565,-0.003801080319796
1.28,-0.464344585470468,1.38687919039967,-0.0403425157338549
1.2805,-0.943292500239659,1.32757182522921,-0.0507725428163454
1.281,-1.41953833689411,1.30968152666768,-0.0477212854554802
1.2815,-1.22844927670434,1.28925998696214,-0.0638104640378516
1.282,-0.906748078927894,1.31057637679283,-0.0764028600557781
1.2825,-0.37343117775327,1.27834220651201,-0.0373247227778794
1.283,-0.544085701120667,1.33968079058399,-0.0159805948373119
1.2835,0.467747011097322,1.42190142835299,-0.00139928038843126
1.284,1.24528608052076,1.3808152561675,0.0567989505399921
1.2845,0.760880820369544,1.41591995620576,0.0367382634012106
1.285,1.20902103983487,1.46823341805468,0.0569029994828189
1.2855,0.981227579984667,1.46528927107483,0.0874803128834481
1.286,0.609154606649885,1.47078917731696,0.0834298438330256
1.2865,1.15308945544432,1.45644547080842,0.0291405438747701
1.287,0.595852071215437,1.39210158821761,0.00464648812540198
1.2875,-0.127674246668621,1.44238309229373,0.00327107907368461
1.288,-0.393823123634574,1.33618247124707,-0.0148934095863407
1.2885,-0.84236183695071,1.33999666148375,-0.0335516584655989
1.289,-1.40273738582448,1.29007943187909,-0.0436228880760646
1.2895,-1.86453318635315,1.29268268059828,-0.0393875154001883
1.29,-1.10178752959841,1.24318381273324,-0.0648843259288773
1.2905,-0.998478137769597,1.31041138485544,-0.08161765179397
1.291,-0.69606297943626,1.31139620531233,-0.0462610589229195
1.2915,-0.355049887296686,1.3022951868481,-0.0141189225176299
1.292,-0.169507120574654,1.38261210891268,0.0236937596229172
1.2925,0.542586190155718,1.32951957354137,0.0690494536611374
1.293,1.00695206989784,1.42858966917557,0.0665099838288129
1.2935,0.858880502301718,1.45603071826154,0.0811855206970407
1.294,1.23675991472566,1.40432255409638,0.0434142809579057
1.2945,0.897886253887861,1.42193418443804,0.0765506740732134
1.295,0.647066622157668,1.39524605776412,0.0225058242152845
1.2955,-0.0728233975820262,1.33564763724472,-0.00644095107398464
1.296,-0.334434231525868,1.32531378128195,-0.0156144532940122
1.2965,-0.448305731435761,1.25555785343515,-0.00442320226836941
1.297,-1.0783386101387,1.28545154467528,-0.0398834780568108
1.2975,-1.04665405555953,1.27642913721371,-0.0453935375939501
1.298,-0.646074960618109,1.23916422632356,-0.0693843936253675
1.2985,-0.835044260280775,1.22821177225494,-0.070281718084958
1.299,-0.522689116172191,1.31784513479821,-0.0475066879111905
1.2995,0.169608340772873,1.22813783192821,-0.0381608146052555
1.3,0.293848774923059,1.34891226988141,0.00604262975193358
1.3005,0.51976211679536,1.35822357454169,0.0181486987283765
1.301,1.26929574865107,1.38692125950104,0.0804826697184491
1.3015,0.806611791862778,1.40620333084002,0.0732555634210229
1.302,0.968417257941904,1.29515087153144,0.0784038801870109
1.3025,1.58973553483322,1.37691302048393,0.0368210302713818
1.303,0.992593362003424,1.3455283052271,0.0407961962498568
1.3035,0.538966165881448,1.31836932900632,0.0153360900857727
1.304,0.257472930009285,1.26287545526454,0.0264626832772317
1.3045,-0.349594505938511,1.20188229597455,0.00630419581020269
1.305,-0.743077104778681,1.19024625867766,-0.00548835509029876
1.3055,-1.0590730285921,1.20566320040815,-0.0150811159005092
1.306,-1.25792324097033,1.18097712586759,-0.0615139914534664
1.3065,-1.35516110759344,1.19255958894354,-0.0662994387051587
1.307,-0.976830424876806,1.20503788164126,-0.080016236826298
1.3075,-0.813165946192374,1.16440981679935,-0.0466909708126433
1.308,0.0772524993846028,1.22002449971296,-0.0614270428274068
1.3085,0.201587847089106,1.26111888409503,0.00758428794143171
1.309,0.803779593385927,1.24526303849296,0.0510969240940577
1.3095,0.842052464944295,1.33251361733582,0.0417506764781619
1.31,1.06193004841433,1.32499774017957,0.0488337239348953
1.3105,1.45013363702692,1.28654923281602,0.0296371952994695
1.311,1.39648110627169,1.28870953956099,0.0387239926328121
1.3115,0.786852102103009,1.28243290761935,0.0293171718725766
1.312,0.841758130585623,1.21433909982735,0.0267397345147834
1.3125,0.118932139597178,1.14341944725376,0.0128934445784534
1.313,-0.326359541787741,1.17891201373148,-0.0172741435625666
1.3135,-0.230071865929835,1.13831032604017,-0.0282736446365939
1.314,-0.644346081800676,1.07774010907228,-0.0797861567344339
1.3145,-0.907168206819297,1.14302744178776,-0.0843028088483367
1.315,-0.979860528730912,1.11708022114036,-0.0713352969696131
1.3155,-1.00976580966979,1.10979334118352,-0.0841609797558751
1.316,-0.575897305641771,1.14704483249838,-0.0312575355566941
1.3165,0.313192867553939,1.15698966873631,0.0350506372882104
1.317,-0.223056051109192,1.16121360511206,0.0519744501886563
1.3175,0.507911252722575,1.1508525361017,0.0507468660992334
1.318,0.910971499421856,1.20555656049175,0.0477223358100877
1.3185,1.15160698144028,1.23553254099164,0.0290014176164444
1.319,0.668373182839832,1.19126500018871,0.0381809081529241
1.3195,1.0899362840146,1.17498354584488,0.0385979146958891
1.32,0.849005077427342,1.221354186373,0.0298099050104263
1.3205,0.0469412515471396,1.16990351732293,0.0251823286837079
1.321,-0.206904926327857,1.13704848111527,0.00185123925355402
1.3215,-0.849427500110114,1.01832217125129,-0.00580591471810335
1.322,-0.467044143326053,1.03910607206564,-0.0309676534976158
1.3225,-0.984214924656585,1.07359955257979,-0.0993137347265715
1.323,-1.19333762238034,1.03968125782333,-0.0758436347811945
1.3235,-1.25621802220231,0.971745230004138,-0.0588149400693375
1.324,-0.750552797578979,1.07351377396376,-0.0618453528536902
1.3245,0.00425890893537528,1.0711217276019,-0.00761357173558427
1.325,0.0688148499363871,1.12577601320627,0.0124640052666329
1.3255,0.504987537585542,1.06762826307875,0.0366807383956106
1.326,0.474581526541863,1.16895318300215,0.0633538235494405
1.3265,1.06531068380189,1.14310818783352,0.0550651257911598
1.327,1.32307336162948,1.17325152104496,0.0719398467248359
1.3275,0.730350037272069,1.09297879441683,0.0573321903690323
1.328,1.15341955784765,1.15106764990982,0.0434420978017328
1.3285,1.16106502427959,1.03728019134144,0.0738970368403877
1.329,-0.247793392157136,1.08682970507074,0.0200349051883129
1.3295,-0.797750113737462,1.04450945704206,-0.0096644554256672
1.33,-0.682392854031285,1.01619543042281,-0.0466537126751901
1.3305,-0.764211598224005,1.01675271538739,-0.0351979995413586
1.331,-1.13008880428816,0.96507182697484,-0.080237965634099
1.3315,-1.14909691409579,0.962174920934742,-0.0794686252735142
1.332,-0.951864236133407,0.988797116668204,-0.0306671979011967
1.3325,-0.929814179487785,1.04282205865842,-0.0434028775529173
1.333,-0.691722804868943,1.01171742311902,0.0145467417372294
1.3335,0.536850389777984,1.03201857875008,0.0206126941748744
1.334,0.616811114327696,1.03638474990461,0.0180660806730156
1.3345,0.572467590575469,1.14867706979485,0.0190021536792223
1.335,1.34187303925732,1.13471787660147,0.0382098401881511
1.3355,0.801336138766126,1.1276677720427,0.0607590656551808
1.336,0.989937546798055,1.14906650089714,0.0486104735007534
1.3365,0.957026594724268,1.09339178623509,0.041838075927454
1.337,0.204812079524662,1.03916311130981,0.0584206850659924
1.3375,-0.0873677009314833,1.01765107532039,0.0155675973353796
1.338,-0.407438275144514,1.01804082536951,0.00071683677470491
1.3385,-0.283200250346739,1.03038587929373,-0.0472857347274249
1.339,-0.90455338444868,0.973939093705377,-0.0679819546487776
1.3395,-1.22393217369623,0.93641272641265,-0.0734329820492302
1.34,-1.12735910235931,0.94691029360306,-0.0605427695057902
1.3405,-0.93761671004971,0.973457591374389,-0.0339940910087909
1.341,-0.215646107846031,0.974468137378818,-0.0342836123941456
1.3415,-0.212161174299713,0.964720123694327,-0.000491221569929421
1.342,0.0819334617121724,1.01829776677346,-0.0190756372780073
1.3425,0.721498193531701,1.04634574792143,0.0290681049560712
1.343,0.926163375114075,1.05534432970546,0.0248000999582709
1.3435,1.30313722271847,1.08280228211637,-0.00179149083921575
1.344,1.34449510730222,1.10030340448097,0.0474124592645132
1.3445,1.22110204851834,1.05856082571433,0.0859007431304725
1.345,0.822557227690702,1.05841750717788,0.0868812982338421
1.3455,0.437656006778316,1.06679027729089,0.0261362316700746
1.346,0.334973696346925,1.02616123667504,0.00661504986880959
1.3465,-0.83129065703106,0.996573429756333,-0.0437547297897769
1.347,-0.952401866314727,0.956082510509712,-0.0496409219023989
1.3475,-1.49197138365263,0.962118472416582,-0.0804774127960269
1.348,-0.890918435934574,0.92302085453752,-0.0586597793530438
1.3485,-1.01054288821671,0.948941917609911,-0.0463810585037566
1.349,-0.843299396888369,0.903098348982243,-0.00935014851491377
1.3495,-0.843433824848405,1.0075545737544,-0.00623851575778867
1.35,0.0458579677804084,0.968632135808996,-0.00704069518823588
1.3505,0.348102202166281,1.03711024665681,-0.00641757849519948
1.351,0.429229340043154,1.12587290051283,-0.0053177739651636
1.3515,0.725499030158924,1.15601365973377,0.0411469938490501
1.352,0.928700387653724,1.16199150155113,0.0763853064223804
1.3525,1.00376259810695,1.0804906798731,0.104959019326765
1.353,0.451567979944736,1.07784527199689,0.0738577183833903
1.3535,0.494462095141489,1.0755873136351,0.0311100615763193
1.354,0.294373376271513,1.0546556754574,0.00788987729885005
1.3545,-0.37280793410124,1.02282532547564,-0.0212285273824787
1.355,-0.832965231222369,1.02429284695023,-0.0713157315434913
1.3555,-0.869647856633192,0.983287944267535,-0.0625296274301455
1.356,-0.824735506727099,1.00557584847766,-0.0675092378309252
1.3565,-1.21146499513979,0.988391168507689,-0.0501894402954852
1.357,-1.0618601754428,0.999057917046792,-0.0294072369670685
1.3575,-1.01683567843381,1.00013460929744,-0.0246448565930197
1.358,-0.522727269279722,1.05801552975761,-0.0271550410042531
1.3585,0.29170418161146,1.10411701649276,-0.0242468305511821
1.359,0.51050769555704,1.14969873484206,-0.000491116704157123
1.3595,1.0529363214246,1.15230377409771,0.018681069127635
1.36,1.2310163934885,1.10612010223941,0.0665828472650897
1.3605,1.20981823667395,1.21547147182728,0.0680623761577636
1.361,1.20315392963237,1.13924478188855,0.0848183893491216
1.3615,1.14597758696333,1.16293052475166,0.0654555989266538
1.362,0.555582199037883,1.03480417331106,0.0170654443984688
1.3625,0.106493254030193,1.16810287537351,-0.0448166164521338
1.363,-0.421964936764817,1.03345144123142,-0.0301345592787603
1.3635,-1.07513998929165,1.02577207180067,-0.0521725739023802
1.364,-1.13666713608453,1.02295229885075,-0.0514082615102623
1.3645,-1.03284835858071,1.03868796586875,-0.0152334632759687
1.365,-1.33953830184287,1.00542792749897,-0.0566488428585796
1.3655,-0.742941980120019,1.08534371962208,-0.00725426356910068
1.366,-0.456949366562902,1.02199396052797,-0.0443673586267435
1.3665,-0.114833076029819,1.1145506753373,-0.0412560168891763
1.367,0.352781627142718,1.15261994860096,-0.0223493755372515
1.3675,0.661537868864667,1.17150163614926,0.031470097825121
1.368,0.936036474565382,1.15092242033463,0.0374902621689996
1.3685,1.09301399236674,1.23060920843042,0.084291371783098
1.369,1.32737561350354,1.19644900386798,0.08049276896791
1.3695,0.918447896007485,1.23810535941937,0.0527454507817287
1.37,-0.00527787072634667,1.1951375786226,0.0463297129441719
1.3705,0.15554584877907,1.20394367832324,0.0157264985900975
1.371,-0.0906259577331082,1.17551827422536,-0.00695622101506183
1.3715,-0.296638144258563,1.13774675790643,-0.0701785191361318
1.372,-0.512952717176466,1.11862112809804,-0.0580855143325786
1.3725,-1.29426510634146,1.09401548088229,-0.0415078121783732
1.373,-0.920784010694875,1.12303819852202,-0.0581206519509859
1.3735,-0.947595008365001,1.08708495295177,-0.0212255715628295
1.374,-0.813862947730216,1.13189134986787,-0.0423345500280683
1.3745,-0.403395511380997,1.16252564031855,-0.0436024022843833
1.375,-0.00702277590164102,1.18717200888493,-0.0183205433406358
1.3755,0.444526765221138,1.22162227089498,-0.00185144465808102
1.376,0.82063307642034,1.2471239927896,0.0516438285010982
1.3765,0.838131065033799,1.30211599632781,0.0581184795730357
1.377,0.848196719018763,1.34160405410782,0.0753998463554181
1.3775,1.2984894042186,1.33191666961854,0.0795396613157619
1.378,0.801294701596815,1.24928888146842,0.0378227759867799
1.3785,0.888889676252287,1.27399157019029,0.000482387920516405
1.379,-0.0918186853534881,1.25780031167284,-0.0179450965393225
1.3795,-0.424747112525394,1.19465434392314,-0.0364940751953987
1.38,-0.297401190518613,1.19296989353606,-0.039222527667556
1.3805,-0.585537962298018,1.20189777235392,-0.0328970832621486
1.381,-1.34767261439518,1.1458408331788,-0.0502081175266507
1.3815,-1.03860356044574,1.17824040502624,-0.0337970647231021
1.382,-0.601670020734295,1.22202643653278,-0.0401413030891095
1.3825,-0.318970029599511,1.2162772638036,-0.0550000573028617
1.383,-0.597097431101747,1.28234280177149,-0.0299649891963554
1.3835,0.543602839892805,1.29854206510506,-0.00925679969493085
1.384,0.699637277704562,1.29702448937484,0.0369389229729505
1.3845,0.911124724438188,1.38864948652535,0.0549347797363431
1.385,0.997882599419606,1.36849108512218,0.082834837498055
1.3855,0.86465266506971,1.32899232248448,0.0774488348310588
1.386,1.02643325592807,1.34337116870633,0.0617134770863919
1.3865,0.694260995473847,1.32262044475657,0.0165575082685573
1.387,0.985325162799479,1.26205531860436,-0.0202043968553742
1.3875,0.0475149305133491,1.30245995695159,-0.011717103563092
1.388,-0.451000607602871,1.2866964212116,-0.0184243455705978
1.3885,-0.761420601357425,1.27302437151639,-0.0518825012435296
1.389,-1.15481110888136,1.25812364627396,-0.0226378878204841
1.3895,-0.586653510442568,1.25357932835019,-0.0285750733395065
1.39,-0.893177240079975,1.22408840884789,-0.0649980373655518
1.3905,-0.83377250801988,1.23165319515195,-0.0747298639124112
1.391,-0.25210228489381,1.30097338903202,-0.0573593891186832
1.3915,-0.146902171192524,1.30310761022536,-0.0360363283107664
1.392,0.250569193683027,1.35938752629436,0.00725791025536653
1.3925,0.510715667345972,1.36833985636903,0.0524964238423186
1.393,0.779472781529526,1.40194982838569,0.0695843818982585
1.3935,1.48680055029338,1.45481818641055,0.0918368187943993
1.394,1.27759613215907,1.40721691883232,0.0482889366853925
1.3945,0.95459102251962,1.3409806644091,0.017240802222413
1.395,1.07539203745186,1.38736921755836,0.0112714140300282
1.3955,0.280577907630661,1.37963553706736,0.0169083706955798
1.396,-0.0658913268516886,1.38009420231114,0.00982513778899454
1.3965,-0.886869002295397,1.3105547149006,-0.0352051955824848
1.397,-0.731740378030684,1.2988492259909,-0.0404757802417829
1.3975,-1.41150400630964,1.30249544050136,-0.0254973365201189
1.398,-1.34839218274711,1.30340301778764,-0.0460324731963133
1.3985,-0.760956772278407,1.32696694248267,-0.0924106554336032
1.399,-0.667327182006507,1.28687606985747,-0.0881105885197725
1.3995,-0.624082510257824,1.35675808445936,-0.0223782313486453
1.4,-0.0995317928811042,1.35377933780554,-0.00596064765722289
1.4005,0.469979008522348,1.40512786749134,0.0150045612700909
1.401,0.80961113056831,1.46764408600928,0.0611995580760465
1.4015,0.569393840683838,1.43211873496175,0.0837950494476715
1.402,0.798342601919834,1.50174923661305,0.0811394847837873
1.4025,0.604610510714051,1.45164697990298,0.0108451299405546
1.403,0.830651557482358,1.42192285879818,0.047048897296443
1.4035,0.100313943132857,1.43737288298863,0.0150248144027824
1.404,0.31348535548118,1.35880676534041,-0.00538359772313959
1.4045,-0.525172595010393,1.34577811789736,0.00351364436088414
1.405,-0.923640372581611,1.32223967929022,-0.00832105070940444
1.4055,-0.481633081147795,1.28614348153086,-0.0427420079289441
1.406,-0.540326811556652,1.32033855079395,-0.0449768466423121
1.4065,-1.28555308502312,1.33068324545593,-0.0721155105832685
1.407,-0.938047714129252,1.29257359105409,-0.0544448556232156
1.4075,-0.155716762197841,1.35611709691303,-0.0331271672929516
1.408,-0.408536982541689,1.32862878253161,-0.0130965305900089
1.4085,0.567173793702451,1.40555414661043,0.0475127756434251
1.409,0.734524316950213,1.39111078347974,0.0556976222043779
1.4095,0.86072590935056,1.41337574459422,0.050672531402038
1.41,0.956810619335663,1.48415135694423,0.0633794391280339
1.4105,1.51980174630216,1.44350823873043,0.0386586795875041
1.411,1.17170622459095,1.41210709600849,0.0361639455450998
1.4115,0.593645700166483,1.42995767136014,0.0219441392351501
1.412,0.502421290913691,1.37207991324587,0.0245467157884103
1.4125,-0.219490391531748,1.31587576566542,0.0350283499747765
1.413,-0.36686187763493,1.33058927587488,0.019426473129951
1.4135,-0.368341058945254,1.26119499202137,-0.0128331940865148
1.414,-0.859938589960999,1.28936262202777,-0.0495241084156525
1.4145,-1.28489715738191,1.21304423930703,-0.0870409031914342
1.415,-0.956268606409335,1.26372390913798,-0.0789994135418301
1.4155,-1.01951986593788,1.28866809017531,-0.0637216421741834
1.416,-0.0234476893133204,1.31010552754259,-0.023444856857497
1.4165,-0.585837434728563,1.34906531886787,0.00328017404297416
1.417,0.107733425323285,1.33807477384157,0.0390405395010037
1.4175,0.837072412623563,1.40322749030451,0.0670186711762772
1.418,0.720131093827523,1.42226007583237,0.077109625954749
1.4185,1.0806761882345,1.40424873659188,0.0528150925546857
1.419,1.23964962940728,1.53028035977675,0.022490186480202
1.4195,1.23915544836508,1.44466169252627,0.0200781559189465
1.42,0.411875644094075,1.41346905455642,0.0318527326432122
1.4205,0.229807153701194,1.35607769890206,0.0377828642575192
1.421,-0.255114418689621,1.2668186941302,0.0203067973955931
1.4215,-0.555818801089865,1.26535943494319,-0.00912694516035422
1.422,-0.750777120677796,1.24680586110206,-0.06366853873392
1.4225,-1.19518348276593,1.25471183759571,-0.089274226240189
1.423,-0.891698871648945,1.21580469011301,-0.0619994868882556
1.4235,-0.882930605404179,1.25069901731451,-0.0681796585764566
1.424,-0.866637272468807,1.28242892125193,-0.0425394124180015
1.4245,-0.333487063365569,1.27034264038127,-0.0276457758613822
1.425,0.246056774786507,1.26761751654185,0.0304138050334534
1.4255,0.650611026099606,1.33607291908201,0.0367495095376172
1.426,0.91508305944531,1.36437474450797,0.0385493361729552
1.4265,0.97231647289823,1.32430761980228,0.0598045873668265
1.427,0.935175644787509,1.40655943876473,0.0313374184224796
1.4275,1.09473639538334,1.36157327778116,0.0252025175289458
1.428,0.724846040270204,1.32345803297618,0.0453956865970139
1.4285,0.442948501783755,1.30344212861405,0.0886733805201995
1.429,0.368016386146209,1.31220714377705,0.0289439252414861
1.4295,0.0903361316536671,1.25056718625771,-0.0138689175925307
1.43,-0.492438792846003,1.21541812154435,-0.0461407409488942
1.4305,-0.407859748898098,1.17448906067881,-0.0608022466284809
1.431,-1.45381861967884,1.188275333003,-0.0664974957709515
1.4315,-1.06564664331095,1.14387964232759,-0.0912701722112281
1.432,-0.896872694234989,1.18769693812532,-0.0419033461638841
1.4325,-0.237204259181031,1.30000554024563,-0.0262830609200009
1.433,-0.145769669245836,1.21829813650743,0.0167124108158852
1.4335,0.0556373213165201,1.22729850820087,0.0251523140753994
1.434,0.663512855626471,1.29418251116222,0.0332813285780642
1.4345,1.00007898882218,1.26687744463088,0.0539696080202487
1.435,1.08164356816139,1.28000141175435,0.0379274303162774
1.4355,0.580092683322531,1.29050575004634,0.0232018575024111
1.436,1.24105479081217,1.28205832035527,0.0804747776968325
1.4365,-0.127598643508376,1.27039168652011,0.0606858355061545
1.437,0.428090435307017,1.24893294066062,0.0487047668746342
1.4375,-0.387832868847545,1.20306177129771,0.0229659167891078
1.438,-0.489355527955729,1.13885338129906,-0.0209663031410988
1.4385,-0.395125922436784,1.1261596995369,-0.080823966229931
1.439,-1.11261928868302,1.10548369559336,-0.0707102268286898
1.4395,-0.606146184563018,1.093062408325,-0.0875734747240959
1.44,-0.839573256330923,1.14281662549003,-0.0402548952924425
1.4405,-0.899320869202739,1.1827788983658,-0.0456150932612663
1.441,-0.749557041999275,1.11172431699767,0.0122190316455458
1.4415,-0.260191000944062,1.15621028554482,0.00273364145198869
1.442,0.363859075213209,1.19250718009535,-0.012025082121548
1.4425,0.0459638132626762,1.24241862067738,0.021447726351533
1.443,1.07092154192284,1.22406604517009,0.0518834091799724
1.4435,1.1366946805267,1.22069027146481,0.053772925287445
1.444,1.27135802849349,1.23413468811312,0.0462776375084809
1.4445,1.42855129496936,1.16553259375241,0.073573771252792
1.445,0.557102222423675,1.18812666601689,0.0152722813439642
1.4455,0.0247689697813308,1.13691618643093,0.0655164886796305
1.446,0.15890747666742,1.06446386960292,0.00824975703051846
1.4465,-0.299021337179975,1.06433541605966,-0.0107012043312124
1.447,-0.871536129982843,1.04678203539641,-0.0881215342489817
1.4475,-1.17983237776062,1.03416896525488,-0.0633509451491521
1.448,-1.01998740715953,1.01080734023787,-0.0462870606292778
1.4485,-1.26342893717897,1.05334442272517,-0.052716201693453
1.449,-0.725509649641137,1.05170119592326,-0.0290986814285903
1.4495,-0.558449863145648,1.0303988456211,-0.0392410596347568
1.45,-0.204826911642924,1.05349948138338,0.0113256596844127
1.4505,0.640817480360079,1.14509027089477,-0.0133264645578923
1.451,0.749101314176602,1.16087032007651,0.0417753650680684
1.4515,1.31772799014065,1.13197346454607,0.044334133508424
1.452,0.809109097751428,1.1300147412369,0.0449626736657464
1.4525,1.08972752040226,1.14520267356343,0.0804872808900671
1.453,0.57250480888189,1.1313818373718,0.0649146118395931
1.4535,0.676067469809982,1.11080388989842,0.0492192191008058
1.454,0.461879347567881,1.12229713854026,0.0217080684543855
1.4545,-0.0131829110212212,1.08723467105421,-0.0142553721699191
1.455,-1.16465469221417,0.992417070051876,-0.0485346022634321
1.4555,-0.7427200301825,1.01404301956719,-0.0614885199011863
1.456,-1.05999393681897,1.00425011922093,-0.0376655707292543
1.4565,-0.978417059887092,1.00065469520367,-0.015514675218296
1.457,-1.04952615870157,1.00186022412591,-0.0228096520609954
1.4575,-1.04799907568978,1.01463645819783,0.0134787582293074
1.458,-0.0455279703274687,1.0155049577039,-0.0332727212258205
1.4585,0.00864347348279157,1.03391078055289,-0.0273671266005171
1.459,0.437937564684228,1.08815020277602,0.0316577692810051
1.4595,0.874243270829787,1.11982317599546,0.0327931714654674
1.46,1.66114695176276,1.1330221368793,0.0395998831385399
1.4605,1.6508990160652,1.07034924413244,0.0715068071180708
1.461,0.647035694241029,1.09240964488583,0.0687182405749907
1.4615,0.620260315204326,1.1005430711482,0.050048664977661
1.462,0.644072537380288,1.05956982940822,0.0283963635097183
1.4625,-0.518256608084785,1.01792162506236,-0.0118727622418417
1.463,-0.086081503993734,0.991041376130564,-0.0572300106321923
1.4635,-0.817086919114808,0.944724424255477,-0.0656874629036745
1.464,-0.625852426120318,0.984852142877194,-0.0456018923868807
1.4645,-1.29595526573127,0.936756348303529,-0.016631289897293
1.465,-1.25578444628232,0.914301625701452,-0.0207317838719393
1.4655,-0.251808405127718,0.965397663767821,-0.041194673834505
1.466,-0.372108667436389,0.954020578455147,-0.0290968426722303
1.4665,-0.21247065934909,1.01748645093977,-0.0144626504936188
1.467,0.00964009711588854,1.03456982343883,-0.0216229778544046
1.4675,0.9088711743367,1.09369824751649,0.0176518405076259
1.468,0.994693165046363,1.04649841919061,0.0442478766333702
1.4685,0.491536101314337,1.09507898539438,0.0783820765214641
1.469,0.831527900434295,1.1058654409953,0.0837541745633425
1.4695,1.65119598306775,1.06416112833534,0.0757942912633525
1.47,0.629538254835308,1.06720179173904,0.0261578808275162
1.4705,-0.232331586724012,1.05698893202032,-0.00140415956246922
1.471,-0.356820075602022,0.976642352391647,-0.0352936445522128
1.4715,-0.623089238486629,0.99855160178891,-0.0373433623929484
1.472,-0.654877507233779,1.00151691484013,-0.0402534145256452
1.4725,-1.06316697351044,0.94818267062062,-0.0476430552733852
1.473,-1.04739445818047,0.890101746188385,-0.00707958531702486
1.4735,-0.976901806141781,0.941482363757797,-0.064120695441345
1.474,-0.97565060812118,1.0216721446221,-0.0638487222093502
1.4745,-0.102291555565113,0.975616844437556,-0.0594308927242662
1.475,-0.0913181708218164,1.05963974571147,-0.0182920423905859
1.4755,0.27950190742562,1.04903489093608,-0.00250725408911889
1.476,0.783801510141302,1.06249502376547,0.0234096567586277
1.4765,0.954680041936531,1.10751854371283,0.0728398219089894
1.477,0.940905231205445,1.10516935874299,0.0655318901204872
1.4775,1.05246596687026,1.13704836077798,0.059192309269709
1.478,1.35503864399952,1.09096010031217,0.0462595421629517
1.4785,0.652166088457874,1.03699189057782,0.0166279741521391
1.479,-0.0293320280958862,1.04084130183126,-0.0232275398463043
1.4795,-0.48409389574921,0.989972267761769,-0.0500334676194981
1.48,-0.689994491763698,1.04784423136934,-0.0555117191844982
1.4805,-1.29919384987712,1.00342775057228,-0.0161568511105406
1.481,-0.596479993088646,0.991177250571024,-0.0493995484852849
1.4815,-1.00166668589803,1.00888753339691,-0.0445700949391894
1.482,-1.19557086412074,0.992479583926967,-0.0623314160016431
1.4825,-0.599566319121979,1.00306932572905,-0.0375279973931259
1.483,-0.627264785688271,0.981256801268775,-0.0321100120882449
1.4835,0.279814226546489,1.11809580055376,0.0120925559218024
1.484,0.470485476529244,1.09655461931974,0.0452963378968674
1.4845,0.835407675206897,1.1483424444145,0.0758499707632671
1.485,1.10847571270242,1.15144096209694,0.0894130244125968
1.4855,1.28153407593211,1.17357737788872,0.0512720987122467
1.486,0.765749066499477,1.14926757200796,0.0480328910617421
1.4865,0.365595083707404,1.12140143637406,0.0196247476945418
1.487,0.367792405275678,1.14056080478258,0.0159181483309398
1.4875,-0.205728347973734,1.13704756559656,-0.0164672332819423
1.488,-0.287383316586363,1.03068344189977,-0.0345444201721066
1.4885,-1.19551637294112,1.09776982789675,-0.0153302147596545
1.489,-0.752532230698801,1.08971701760853,-0.0493366595857504
1.4895,-0.990012706360368,1.05186923324747,-0.0513608145860516
1.49,-1.29412569560863,1.06651267583664,-0.0762040068526085
1.4905,-0.90248492693193,1.02872445772162,-0.0490247979379957
1.491,-0.305123889694594,1.10489913673167,-0.0540951515903504
1.4915,0.472763924527966,1.12720222341912,-0.0311779503550261
1.492,0.177775038561223,1.18870799374116,0.0101102226135518
1.4925,0.973009070343226,1.21398810549441,0.0411218353757153
1.493,0.686081567613729,1.20491981179294,0.0687981755941767
1.4935,1.10004396521677,1.23839715481359,0.0708295417603915
1.494,0.996263597132222,1.24686085274483,0.0875685090920814
1.4945,0.98583666228737,1.19243893284804,0.0555232397008458
1.495,0.502441735692743,1.22596177487619,0.0135961940230302
1.4955,-0.0901263638807619,1.1751256788539,-0.000335244055399936
1.496,-0.201335289904456,1.15607806849373,-0.013210391457931
1.4965,-0.403684143640457,1.15792262813434,-0.0149598987938425
1.497,-0.947840095538071,1.12616773506103,-0.00887614688357417
1.4975,-1.05965819623185,1.13970541727494,-0.0548261447942096
1.498,-0.962942913862297,1.08349276260401,-0.0584952134289297
1.4985,-0.829158422815699,1.09815707036081,-0.0739842008605442
1.499,-0.91255898885811,1.12568778465961,-0.0684098887397861
1.4995,-0.459140496657121,1.16029113626935,-0.0200263546582934
1.5,0.217649606928388,1.20491382981286,0.0166596332545046
1.5005,0.47460043643181,1.2127650751072,0.0469322572939794
1.501,0.391676280798539,1.33269759069007,0.0513807796921378
1.5015,1.34992179688387,1.29877348006169,0.081576241240184
1.502,0.907795701910061,1.34626164147501,0.0611610546916991
1.5025,0.837156199163596,1.27910783407602,0.0420117677879306
1.503,0.463682452474065,1.26008105518714,0.0203054584678613
1.5035,0.48493505131052,1.23888757645226,-0.00593274991720883
1.504,0.107590050761337,1.26257986085412,-0.000225860994883826
1.5045,-0.345067317899268,1.23507607123156,-0.00843987288971106
1.505,-0.834676060195839,1.17284670240774,0.0076362475044803
1.5055,-1.31244884836982,1.12274949222864,-0.0765383965049608
1.506,-0.2906233158018,1.13403282729222,-0.0784889001604191
1.5065,-0.668352203933416,1.17977797211682,-0.0631517712168049
1.507,-0.986588038695321,1.21666144976476,-0.0998970737809716
1.5075,-0.652952603140335,1.27144133427681,-0.0233986146915474
1.508,-0.174339203043899,1.27122685979982,-0.0128084215189203
1.5085,0.130024007349709,1.30704247880695,0.0360357600406345
1.509,0.368767889340329,1.31173762367895,0.0494011410713012
1.5095,1.05122748791467,1.32303435314122,0.0893706306350356
1.51,0.724567252056412,1.30428648512807,0.0506785138182988
1.5105,1.54810981597263,1.38182326610687,0.0417069880482669
1.511,0.518949978562679,1.32727659103029,0.0383444766140299
1.5115,0.645143992070921,1.27405867031198,0.0397393514038856
1.512,0.608484086227627,1.36764959881748,0.042523243501482
1.5125,0.0294788476677191,1.30339970108793,0.0302909000609057
1.513,-0.765963143083087,1.29206264867942,-0.0167207985098459
1.5135,-0.495010763107632,1.22373967634165,-0.0186291657719213
1.514,-0.917938901537875,1.23765197103995,-0.0549526995997754
1.5145,-1.26098669381271,1.24386526959388,-0.076812800266642
1.515,-0.906454466353122,1.3142942413679,-0.0625898032324558
1.5155,-0.626964035992251,1.28470565527737,-0.0601448190046672
1.516,0.0360033841806315,1.26974486572379,-0.0220609041772439
1.5165,-0.156131939626702,1.31382876563008,0.0196355053271323
1.517,0.18968247292603,1.322062583301,0.0404833922245825
1.5175,0.49585037645568,1.41833017009684,0.0281146218896779
1.518,0.411644182967862,1.39725699984804,0.0630293090530446
1.5185,1.16953371606097,1.46293374150321,0.0370188538151114
1.519,0.525403913721988,1.41673414626756,0.0352603645729617
1.5195,0.825465649302942,1.41381932157514,0.0446874062124261
1.52,0.552749703308586,1.36635188924426,0.0189260479168923
1.5205,0.474197919164459,1.34994619412518,0.014777532253878
1.521,-0.825272846704053,1.37981578670318,0.0189566466422487
1.5215,-0.279606798629638,1.3509798169842,-0.0108568524470528
1.522,-0.943962676184737,1.29699587380573,-0.0619487165889245
1.5225,-1.32799412005792,1.32188016129382,-0.054405522883623
1.523,-1.05635765762829,1.29282158732239,-0.0748803974415761
1.5235,-0.89722940934922,1.25320846048236,-0.0554622182670336
1.524,-0.828857285179177,1.28558646007246,-0.0364256484821623
1.5245,-0.755994217076277,1.31695114553311,-0.00113250868888401
1.525,0.301605079033155,1.36027046861094,0.0210130455979394
1.5255,0.437831606045755,1.40806192465801,0.0238091675554572
1.526,0.545583689256183,1.43403144755171,0.0533274953886054
1.5265,1.25865657510818,1.4277182885822,0.0698912338318335
1.527,1.14449592290029,1.46515522518904,0.0388663482302102
1.5275,0.686105428509867,1.42193139853252,0.0549312766939409
1.528,0.967703688748951,1.44869431769596,0.0281045500227241
1.5285,0.0590160459405052,1.3606000499863,0.0426438874296414
1.529,-0.132352800179919,1.38418098255002,0.0377868579164259
1.5295,-0.224198741642337,1.38671931002091,-0.00129063417203846
1.53,-0.516520226039311,1.3369582465802,-0.0357937713370024
1.5305,-0.871869428599023,1.35408392885841,-0.0784652382634926
1.531,-1.51790868116597,1.29369612071716,-0.0996474976108002
1.5315,-0.829790478516387,1.3072131453056,-0.0627077961333986
1.532,-0.573587736163727,1.29884254468581,-0.059921681269463
1.5325,-0.326958844752213,1.32452437795225,-0.0496039910934803
1.533,-0.404346503333472,1.38010979287791,0.000297412677338609
1.5335,0.0334247713725282,1.40048471179927,0.0246162463607806
1.534,0.252544462479497,1.37098665316033,0.0543025756377631
1.5345,0.873146436184244,1.43651847292064,0.0365581999003418
1.535,1.0633861401973,1.46819359565214,0.0208642610500828
1.5355,0.856706452920663,1.44094687516583,0.0384720643679916
1.536,1.18128246775319,1.41681266120316,0.0201790240663018
1.5365,0.932692368315871,1.43505221693251,0.0541823987415755
1.537,0.551217044222838,1.42308281942146,0.0575822502769846
1.5375,-0.188366085105802,1.40098322725129,0.0325781754581392
1.538,-0.721425549498185,1.41466355678773,-0.033504587167554
1.5385,-0.556093129419303,1.34673472417871,-0.0619427339827217
1.539,-0.588593492715969,1.30857324917981,-0.0577776768342092
1.5395,-1.37063929420089,1.30199370878389,-0.061609689775497
1.54,-1.55065314772648,1.31135246021327,-0.0520796017470578
1.5405,-0.449867475823585,1.31750777236013,-0.0172166667423522
1.541,-0.521080625548236,1.31207006347451,-0.00252873311803275
1.5415,0.162921250418701,1.29428803316456,0.0108877694221864
1.542,0.507319099766929,1.37481066552379,0.036306399067796
1.5425,0.311987966747975,1.3545014210592,-0.00242686120678692
1.543,0.777641267263842,1.41158020851294,-0.000602817494342916
1.5435,0.821399991547036,1.41024584062615,0.0548442719105542
1.544,1.07487508312636,1.41769357260515,0.0626821605617647
1.5445,1.17672162237597,1.45697353492406,0.061040154515372
1.545,0.630089733696445,1.42157790226713,0.0594019727438874
1.5455,-0.26438917282217,1.41479070407729,0.00650079699047627
1.546,0.17750090645423,1.31027714029673,0.00292775475780036
1.5465,-0.504022228946987,1.23722945019593,-0.0483628516686759
1.547,-0.921940559587893,1.30373611944367,-0.0475777515752313
1.5475,-1.52178209283317,1.26147360994956,-0.063348700929885
1.548,-0.951513892352522,1.24548477724801,-0.0539030088361594
1.5485,-0.885947710122165,1.20582515070688,-0.0537922619604689
1.549,-0.631866577230985,1.26056493020876,-0.0280017356309726
1.5495,-0.654762642275509,1.2536695804412,-0.0326069824795379
1.55,-0.182540583113177,1.3000602743058,-0.0170799947247495
1.5505,0.156029721590124,1.30908456244107,0.017470437708576
1.551,1.16289828807255,1.33717921199431,0.00406197320765999
1.5515,0.741147871812311,1.41602463631432,0.052769229865107
1.552,0.994354510708097,1.43004285840579,0.0804752360290394
1.5525,0.771710554687221,1.34670946196432,0.0850728029424547
1.553,1.03305047499484,1.32856116971982,0.0442338802990743
1.5535,0.500388820940783,1.33816503543584,0.0675727223345185
1.554,0.149159795378347,1.30867913827141,-0.00264449666654425
1.5545,-0.0249475461398302,1.20315184931154,-0.052153086210119
1.555,-0.445131356333208,1.19584463576431,-0.0677171298497616
1.5555,-0.685252624563071,1.16018518885096,-0.0603452788084541
1.556,-1.55882349071745,1.19307618007754,-0.0513972057431956
1.5565,-0.970476437169435,1.21345286155377,-0.0348746381408741
1.557,-0.639710576398302,1.17031087532662,-0.0342032717996918
1.5575,-0.525905200691771,1.21597567810801,-0.0156107076468891
1.558,-0.0340297406449867,1.19822561880135,-0.017975781147293
1.5585,0.661047185730449,1.23251231614141,-0.000276625232946114
1.559,0.814633580778463,1.3083915942973,0.0069614572863506
1.5595,0.522736753218798,1.29466479157252,0.0242713855038831
1.56,0.784118747310263,1.31534147551369,0.0555847443316354
1.5605,1.00998776493368,1.32432006899397,0.0798537900494539
1.561,0.782459937762998,1.25402922484278,0.100447015337344
1.5615,0.693645995017761,1.2890881304407,0.0604407625100471
1.562,0.690592772887488,1.21128058954788,0.00388676808832389
1.5625,-0.132841458795904,1.22944320848878,-0.0121415971241639
1.563,-0.454956556487351,1.19281355105813,-0.0363536417770347
1.5635,-0.769785706688514,1.17662835545934,-0.0447949701708585
1.564,-0.773487166369887,1.12720167730131,-0.0643709715209012
1.5645,-0.779766863512336,1.12512482848253,-0.0579767436268038
1.565,-1.02727179389924,1.08835372575448,-0.025427060059619
1.5655,-0.881117889384421,1.06703315280137,-0.0484829091487896
1.566,-0.26785865996411,1.11465486301721,-0.03120723465617
1.5665,0.0504365292654118,1.17470805433214,-0.0174986190266237
1.567,0.380713677197335,1.16579674074112,0.00888063626618122
1.5675,1.42781024936073,1.20595681270739,0.0265890984836875
1.568,0.88582073800587,1.25063016978268,0.0318685446920475
1.5685,1.10647968484821,1.27230413506226,0.0553697296763597
1.569,1.00009951646289,1.21849969085557,0.0874527349304853
1.5695,1.03154004710873,1.18055288300273,0.0554474388689657
1.57,0.479476149904955,1.15948698449874,0.0408584157077638
1.5705,0.510277485495854,1.20596742107244,0.0127023210981294
1.571,0.327096260124376,1.05994311608798,-0.0172159658233685
1.5715,-0.478971319012388,1.08902126182363,-0.0230702840048197
1.572,-0.817106604860799,1.04593389702206,-0.0655016500730349
1.5725,-1.12817741875988,1.0345089084146,-0.0179853670111118
1.573,-1.15428401518348,0.976174619390967,-0.0538832151553082
1.5735,-1.36487424836494,0.989096253744042,-0.040463210531848
1.574,-0.723699263364448,1.09439148493395,-0.0385752751887033
1.5745,-0.602226167409744,1.01579921027417,-0.0126062403324878
1.575,0.313972858426926,1.13967842442862,-0.0131018295210117
1.5755,0.420716900379955,1.11062936539311,0.00673009885292629
1.576,0.723505406936277,1.13449289964196,0.0171932819204612
1.5765,1.2876433063628,1.14488228801843,0.0611879421678447
1.577,0.590529174485721,1.13226608350401,0.0988770337767357
1.5775,1.06799829910556,1.17392128486218,0.0742782225114984
1.578,0.533871440325309,1.12495161240864,0.0232437162677581
1.5785,0.338226827541805,1.12034649397659,0.0227128321181188
1.579,0.194425504340187,1.10609965765752,-0.00290372537042689
1.5795,-0.0346146995791387,1.05456133331693,-0.0215935177196408
1.58,-0.817747746577423,1.01334937841592,-0.0676820506762649
1.5805,-0.735776083684427,1.02993923179477,-0.0367466093388802
1.581,-0.652100800921885,0.941830994536444,-0.0331436780586767
1.5815,-1.23029576785443,0.945184280630798,-0.060535608291758
1.582,-1.12163503647125,0.977436755211006,-0.0616944438802736
1.5825,-0.610984712983602,0.945603711763275,-0.0615886248385756
1.583,-0.10049530065521,1.04353109599607,-0.0642524812962972
1.5835,0.129985812902093,1.0359166314263,-0.00827866265869116
1.584,0.29402764942285,1.0694936737068,0.0476432701190939
1.5845,0.825319841841591,1.08356727748065,0.053778037785887
1.585,1.03476818245749,1.17283746281103,0.0712287454895796
1.5855,0.920227926746565,1.0968532274916,0.0850069156542835
1.586,0.654769072105187,1.10538911982827,0.078859946186346
1.5865,0.816008101538079,1.07160907359962,0.0449025411133882
1.587,0.384495189473034,1.06459032304158,-0.0192234838492665
1.5875,-0.0907464072153398,1.03019846505638,-0.0447743644557444
1.588,-0.53789934522859,1.02016070798474,-0.0104853809064213
1.5885,-0.831755012227415,0.935767012177687,-0.0258729254016604
1.589,-1.1507086801641,0.942320505775026,-0.0499395229100188
1.5895,-1.28994876272231,0.889764317930511,-0.0297814981042137
1.59,-0.664924400843095,0.95503076430242,-0.050897658067164
1.5905,-0.855226458092433,0.988886127477176,-0.0816626940440988
1.591,-0.929148313903165,0.995430638415488,-0.0320872809774033
1.5915,-0.251308826338555,0.986007246067845,-0.00858950334045642
1.592,0.521510087835413,1.05599541777537,0.0100688921150224
1.5925,0.471396876276416,1.05146930046871,0.0782396464294702
1.593,1.31458189024694,1.08285068570911,0.047802356996636
1.5935,0.817385072435931,1.11318676441862,0.0701126370420266
1.594,0.82384465881946,1.04971479365667,0.0607288218832521
1.5945,0.611507368462121,1.06095460672512,0.0401646799351728
1.595,0.896365037272127,1.05398861094795,-0.0114794924134479
1.5955,0.111073576065996,1.04855136428575,-0.0297089993567911
1.596,-0.0247196021343374,1.00435367383313,-0.0258121623173208
1.5965,-0.907966120896085,0.978433371580166,-0.0131121248760085
1.597,-0.936224601843446,0.946266855633845,-0.0246943202215864
1.5975,-0.813901770298074,1.00201777238474,-0.0302978497156229
1.598,-1.34696639795323,0.953862114274281,-0.035124181574162
1.5985,-0.918279279055763,0.923611400244445,-0.0870945873033317
1.599,-0.566980771770576,0.98401496568476,-0.0617732717066837
1.5995,0.0660484893925795,0.933949988206014,-0.0185368489954555
1.6,0.160271793626821,1.05612169032672,-0.00451716269239022
1.6005,0.615106559460633,0.994945332810255,0.0242843495060171
1.601,0.615025072991548,1.1045051862636,0.0478632152183704
1.6015,0.785129160056821,1.0555162675012,0.0782593492173943
1.602,1.0395477212502,1.10854617314272,0.0778772758490274
1.6025,0.753667863034532,1.07382027180457,0.0182277543844704
1.603,1.07191153610367,1.10757784593242,0.0294951622486419
1.6035,0.688678504501098,1.05954698525202,0.0202879348376812
1.604,0.369308282762253,1.04005052512782,0.0171464401802974
1.6045,0.0599013684446334,1.07756526748098,-0.0109037672484159
1.605,-0.630269821473065,0.970667970926229,0.0236173762023767
1.6055,-1.01073784226246,1.00841423596753,-0.0352555353367562
1.606,-0.876437634715086,0.951473642726671,-0.0557860282166122
1.6065,-0.719679504178445,0.965117596853547,-0.0913232208162792
1.607,-0.651398973481883,1.02902315421468,-0.0704162763707118
1.6075,-0.36636849463332,1.02863125877229,-0.0329756399100462
1.608,0.121550506931826,1.05762265144812,-0.00984218954910874
1.6085,0.202316345697904,1.11190126871396,0.00552028991168354
1.609,0.794794123721291,1.09124144055428,0.0495778876075907
1.6095,0.78663224642582,1.13016523233995,0.0809667036048431
1.61,1.17181236671129,1.16475615739513,0.0265394651766288
1.6105,0.67148772151377,1.16672538190519,0.0422654735619025
1.611,1.31227340486674,1.18342649960091,0.0367077513441095
1.6115,0.257281182334771,1.08898995331801,0.0175693468954306
1.612,0.428324727126704,1.09279543889755,0.0353053337353338
1.6125,-0.0865524772232619,1.05635996982392,0.0124125613191775
1.613,-0.666524407921425,1.02203977219846,0.0210513205854511
1.6135,-0.616560760251564,1.06452710342163,-0.0262640591977283
1.614,-0.842713553074566,1.01980173275726,-0.0361936572846228
1.6145,-0.668150597505848,0.99781659570191,-0.087874000396496
1.615,-0.938517773183208,1.0312036603105,-0.0758266903239109
1.6155,-0.643530257503033,1.00347664699285,-0.0538616676951748
1.616,-0.431789637894375,1.04607997883658,-0.046882893936812
1.6165,0.23879516784786,1.12475765295264,-0.011232070417257
1.617,0.536818671086637,1.09754331733158,0.011184532767491
1.6175,0.603319853441656,1.22587385713205,0.109902905396528
1.618,0.893749446379157,1.1660642791148,0.0501481339322645
1.6185,1.44830387590069,1.21916069235629,0.038190569268076
1.619,0.943402436550546,1.20336975927027,0.0491976586323213
1.6195,1.07671136060558,1.21331736075148,0.0360377585828654
1.62,0.380542523233836,1.21461730979677,0.0386220131186245
1.6205,0.0633824865786354,1.21622738022535,0.011002212104556
1.621,0.087774696391621,1.19048375895048,0.00901380603330939
1.6215,-0.329538079265131,1.11716813854619,-0.0285888026192388
1.622,-0.521623703563862,1.10593229924448,-0.0438661167222367
1.6225,-1.12848127420335,1.10868650994431,-0.0777603223886252
1.623,-0.763422761761195,1.15187718392277,-0.0907967201121452
1.6235,-0.879719811803168,1.14103937994253,-0.0747026418807545
1.624,-0.709816189796001,1.08702512495377,-0.0261549897510059
1.6245,0.0470211567527938,1.14402114459367,0.00129875891334088
1.625,0.359261123126144,1.16624085634418,0.0125931809939831
1.6255,-0.187635684845739,1.20576284402434,0.0426102481782574
1.626,0.786581557668628,1.28529942053497,0.0352276749740609
1.6265,0.709172516038959,1.2718611517846,0.0367187520405829
1.627,0.941608265514526,1.34590765750939,0.0313003566362548
1.6275,0.809924942751479,1.31442017458802,0.0392232466291334
1.628,1.19061693592105,1.29831732030227,0.0240784306625779
1.6285,0.800678917362922,1.33290233282108,0.0305736245162925
1.629,0.266383437097284,1.23427061394449,0.0131741246766527
1.6295,-0.0772161583919423,1.23153797485025,-0.0194492836179594
1.63,-0.483493596040725,1.21610885812602,-0.0231056210021175
1.6305,-0.687904106025935,1.16228945498552,-0.06493740646129
1.631,-0.936243209446282,1.18048698024478,-0.107567510760484
1.6315,-1.04351675697818,1.13665172473667,-0.0851206306307718
1.632,-0.731517841809474,1.22549638484507,-0.0630829790596137
1.6325,-0.674986159097278,1.2761870595743,-0.0035353159824594
1.633,-0.351353302165238,1.25979185834036,0.0130457365574427
1.6335,0.0599279118333161,1.21896361026773,0.0409021560360498
1.634,0.467435707439302,1.37366625057112,0.0130508375269588
1.6345,0.784722210361326,1.3059640473355,0.0303702024736098
1.635,1.59889705002111,1.32471925773654,0.0198106134917816
1.6355,0.70766567903112,1.34464912493328,0.0621678502866817
1.636,0.6507355785838,1.35884607203226,0.048054284721746
1.6365,0.756415477829252,1.3114597116799,0.0651325272006774
1.637,0.360974142123031,1.4230278249982,0.0523935758685947
1.6375,-0.182537656324781,1.27784522809438,0.0069876103424748
1.638,-0.291749483425856,1.30651431401307,-0.01049843074101
1.6385,-0.506166827794642,1.2787623486935,-0.0571812668094361
1.639,-1.20613951619751,1.21868591205142,-0.077602159519616
1.6395,-1.11402533161515,1.21243729116525,-0.0917881055877395
1.64,-1.2862358230554,1.29759207548603,-0.0822830747273993
1.6405,-0.760178493390866,1.28658556014224,-0.0187291177833907
1.641,-0.447320695956545,1.25807891565621,-0.0196856331061167
1.6415,0.043637247304244,1.31432532859772,-0.0330846901594239
1.642,-0.019626106811576,1.35227546762427,0.00956704317555038
1.6425,0.669796839836748,1.40484749709615,0.0108694265900621
1.643,0.81932355969179,1.43838731650686,0.0234709667533396
1.6435,1.34269265481237,1.45295298169475,0.0398319371945966
1.644,1.07121702508008,1.45477657622942,0.0562680214313474
1.6445,0.720405736895932,1.42598560132621,0.0362851205409526
1.645,0.537669916646258,1.44947849376656,0.0887953774525066
1.6455,0.117602227281706,1.34900996312824,0.00286709443492097
1.646,0.23294876463444,1.40906175913528,-0.00640262991512285
1.6465,-0.615106426414333,1.34064687834006,-0.0414390870688493
1.647,-1.18100685583277,1.34300896700701,-0.0917014537979038
1.6475,-1.01204210957933,1.28014612807276,-0.0879723072336515
1.648,-0.723176316595205,1.26168783207802,-0.0651301847315443
1.6485,-0.748840043798593,1.31028574220276,-0.0425890969266838
1.649,-0.650846174691124,1.3277131119762,0.00892239664147094
1.6495,0.0743554134997453,1.3549895193062,0.00301471682538495
1.65,-0.146927869341271,1.37736514234676,0.0292709251037685
1.6505,0.436624864923669,1.42239088520566,-0.0131975727128654
1.651,0.473424749645928,1.44353210200316,0.0183918210131613
1.6515,0.716723788780331,1.42419075547727,0.0230905995015883
1.652,0.921555549520475,1.41474474011102,0.0580593215965065
1.6525,1.12195406878374,1.46665165472511,0.0600132568487168
1.653,1.29119487142553,1.44441507994991,0.0637923594806146
1.6535,0.68587444040486,1.43168929415128,0.0364891239804952
1.654,-0.141317373478746,1.34436057571769,0.00951041352523597
1.6545,-0.302154726837479,1.34000844815847,-0.0207845143659506
1.655,-0.731435232646695,1.33861792062655,-0.0402603351200777
1.6555,-0.924653286426869,1.3526717636702,-0.0700606624846969
1.656,-0.695303919193424,1.26546900513891,-0.0420240644239269
1.6565,-0.895839850169298,1.30533546425713,-0.061134951787426
1.657,-0.603077045460651,1.31890596976559,-0.0354715555986306
1.6575,-0.441442990784953,1.34119098004701,-0.0146982352312418
1.658,-0.448780262470653,1.33509040521309,0.00668124227438484
1.6585,0.358957499689518,1.36437457234331,-0.0148413179130796
1.659,0.147607002587804,1.40036904409221,-0.00344100864767048
1.6595,0.97584338167604,1.44130567373325,0.0485960703974757
1.66,1.10744232543744,1.46749497156027,0.0661559685561979
1.6605,1.27975442848559,1.51779772846921,0.0792046343251449
1.661,0.555734449216972,1.39932637126509,0.0852455027822452
1.6615,0.637937935178056,1.45826781979968,0.0788112728874963
1.662,0.374850303179703,1.4332819579104,0.0180481347992876
1.6625,0.0250878598428782,1.36816635703688,-0.0156734207721238
1.663,-0.15115327763719,1.311855819914,-0.0498992782491925
1.6635,-0.51319138253707,1.30301711921029,-0.0553477625228023
1.664,-0.746710260975732,1.28403983916124,-0.0642134317477514
1.6645,-0.958609089540744,1.30224645652066,-0.0573334097166033
1.665,-0.536856152607899,1.29410777489229,-0.046778233970545
1.6655,-0.85554270074442,1.32073891764072,-0.0447480121722999
1.666,-0.458729832724369,1.31787286435791,-0.00167901697598525
1.6665,-0.270073029826898,1.36418012174899,-0.0117452958661398
1.667,0.234388686322552,1.37132327403345,-0.0115099854296733
1.6675,0.77163345540332,1.45277790495636,0.00768324003827259
1.668,0.540865239317377,1.39590755356815,0.0470696653113552
1.6685,1.03377119438726,1.44751277344625,0.0888314148572199
1.669,0.802161409440748,1.49053009295443,0.061539528810131
1.6695,1.04435190083685,1.39163931086164,0.0549749989104594
1.67,0.098374725146691,1.38783352346323,0.052651097711156
1.6705,-0.23941612164702,1.37873656065367,0.00835370319941427
1.671,0.280371545749906,1.32543691602182,-0.0549958741381621
1.6715,-0.520440970613887,1.31973582971101,-0.0634084983818397
1.672,-1.26457591020157,1.27372050937967,-0.0502090392134722
1.6725,-1.37488728952944,1.28814537341437,-0.051382095027067
1.673,-1.02199190022795,1.23355244069431,-0.0603603586096106
1.6735,-0.829847904163642,1.19223614675051,-0.0403190149805436
1.674,-0.601453432789655,1.28190047376463,-0.0414730133598187
1.6745,-0.102007258135436,1.26917161417074,-0.0329487431414007
1.675,0.0832353798862451,1.30721544177067,-0.00802898174868088
1.6755,0.350255243571676,1.35049242778365,-0.00869114538858512
1.676,0.947299124366967,1.2949248119844,0.0267640236483185
1.6765,1.42045861912117,1.35613930275092,0.0830237224627169
1.677,1.00553542933717,1.38811884896509,0.0803245551562625
1.6775,0.891554933450398,1.29438103538896,0.0607979706207168
1.678,1.03050711175041,1.31085942228934,0.0298986169133736
1.6785,0.355097519779144,1.29272655257807,0.0243296298609657
1.679,-0.245419562521167,1.27005446747644,-0.0159764968059315
1.6795,-0.275302331877869,1.27050263823171,-0.0279114440048066
1.68,-0.526343886303187,1.17939021594275,-0.0488323172862967
1.6805,-0.807551848901178,1.19070472256741,-0.0111136973685527
1.681,-1.26125540353383,1.1981742972795,-0.0236844650193145
1.6815,-1.13079754656786,1.18898387486022,-0.0428681963185567
1.682,-1.01342916134235,1.18349058671055,-0.0456879123067379
1.6825,-0.348382280649511,1.2144287214918,-0.039262070250292
1.683,-0.281076042339216,1.26774096917398,-0.0170129574284588
1.6835,0.287504136426156,1.2497434488254,-0.0288209105323433
1.684,0.630605830227,1.31881238936005,0.00624977371420281
1.6845,0.721011399374438,1.3426753201312,0.0506324538439053
1.685,0.453991371681134,1.28420351076393,0.0782331463173987
1.6855,1.08662946049239,1.28613112436588,0.0758484544823747
1.686,1.07872370326865,1.3041672750692,0.0420743881204219
1.6865,0.494696604633611,1.24126075838576,0.00453197176774348
1.687,0.362916050455644,1.18431230552875,0.0132567111539017
1.6875,-0.110416045442953,1.20815209175712,-0.0199559383031653
1.688,0.0583167604119347,1.17908968861023,-0.0212654590322631
1.6885,-0.690010321128718,1.14210849229833,-0.0214139112055545
1.689,-0.850809489088516,1.08519492235763,-0.0131390064116293
1.6895,-1.25645417258577,1.09032674235875,-0.0752290266434454
1.69,-1.13137406352104,1.13226509484279,-0.0584341765103506
1.6905,-1.10666369570021,1.11671782672371,-0.0612770608561287
1.691,-0.297653724553417,1.1241574907855,-0.0538260143616533
1.6915,0.0269935601108913,1.13680377458999,-0.0220177658373975
1.692,0.0405234075038904,1.16863102682573,0.0333944130694823
1.6925,1.30700554636123,1.20315087696987,0.0268117058755313
1.693,1.07009952437394,1.22753820924892,0.0413824900732457
1.6935,1.07889560458557,1.20405243626082,0.0789449621188544
1.694,1.45632327945337,1.19093961151275,0.0279431797274177
1.6945,0.225952727910211,1.20682539663612,0.0322541307990907
1.695,0.561816888057153,1.18565163054698,0.00320173336726853
1.6955,0.241121624278808,1.15047318894129,0.0320994540875185
1.696,-0.0746227317371584,1.09691318731991,-0.00309787563444546
1.6965,-0.73845605812816,1.03297921533456,-0.0155743019988229
1.697,-0.633437207508028,1.05048284763126,-0.019454026909206
1.6975,-1.49932716463309,1.06317237090293,-0.0603631690679666
1.698,-0.96469327378779,1.08382784865989,-0.0670907400270961
1.6985,-0.789068105693661,1.04858330559193,-0.0805503423387068
1.699,-0.690113267702636,1.05696744713255,-0.0522517084619012
1.6995,-0.274465371349759,1.08232598428895,-0.0483684507452771
1.7,-0.190924405402693,1.09743955062661,-0.0044623375735795
1.7005,0.502795760906075,1.09564845066811,0.0138191636087402
1.701,0.585729771797287,1.12349248486489,0.0797346654485965
1.7015,0.483062483212215,1.12148019725455,0.0841843264719637
1.702,0.912603024683521,1.15558816316206,0.0356559249382998
1.7025,0.788409320399734,1.1583867575981,0.0373880752484869
1.703,0.508024671257167,1.16038065068375,0.018710768256589
1.7035,0.603955206417666,1.09662640642662,0.0180766464369884
1.704,0.134376610659586,1.04851514705562,0.0130007990271843
1.7045,-0.310196450338619,1.05414403306071,-0.0186676131723035
1.705,-0.7194742570926,0.971193564606232,-0.0178554013117785
1.7055,-0.417498833970913,0.959632708144032,-0.0454640775236683
1.706,-0.679930630121275,0.928977672441851,-0.0445676100542849
1.7065,-1.02027638604828,0.97624683110027,-0.0771722546305178
1.707,-0.814565036057115,0.992759189229309,-0.0747197883888241
1.7075,-0.203890752334628,0.970739898131361,-0.0798533583047034
1.708,0.202105581886618,1.01874246194742,-0.00356840594488743
1.7085,0.399717915530989,1.07283100512709,0.0214872519168649
1.709,0.395325016179563,1.08670775243971,0.0400799800717104
1.7095,0.616732221176453,1.09240668629105,0.0670348706589498
1.71,1.12881872293366,1.11511067454695,0.0711198735065682
1.7105,0.771285246367912,1.10998083128966,0.0699353060323977
1.711,0.627152923179451,1.06738788126962,0.0501609500674295
1.7115,0.588087804213962,1.1017914890608,0.0185483954000808
1.712,0.602916802549168,1.08299174164506,0.0357744323906109
1.7125,0.0398204130144761,1.036400416845,0.0115757543342547
1.713,-0.302584098539698,1.00856047564022,-0.0283639131331753
1.7135,-0.395235922490937,0.98332343249923,-0.0343066138755041
1.714,-0.835275716308251,0.962992617573176,-0.0748339284219764
1.7145,-1.27047830625765,0.930614903199449,-0.0433148400196167
1.715,-0.728753330744466,0.95911565516682,-0.0363142791737679
1.7155,-0.641751056839365,0.975613447293968,-0.0502552507515694
1.716,-0.49771760439401,1.0244832225565,-0.0491492375392786
1.7165,-0.226974796789435,0.960400633891082,0.0131426308983506
1.717,0.109291923520965,0.994633629131068,0.0179307783639987
1.7175,0.573995559228063,1.08704631569368,0.0635057752146755
1.718,0.632866570382695,1.12165817788018,0.0595922555631288
1.7185,0.840885389693412,1.10808300438529,0.0304986252036857
1.719,0.597094589224322,1.06267312735319,0.0219022117602138
1.7195,0.702897304425622,1.07050396992459,0.0250367590891507
1.72,0.406182692319249,1.09778861912588,0.0368844796681511
1.7205,0.389550217342589,1.0775576575909,0.0478721955752376
1.721,0.240220550148325,1.03235441452276,0.0439632661097564
1.7215,-0.215834281362113,0.93901729880227,-0.0202369425482155
1.722,-0.497401708752649,0.974332883502153,-0.0602951915317479
1.7225,-0.767761736232255,0.888809610229381,-0.0799639370342839
1.723,-0.846260525199921,0.951035705732881,-0.0741078774665505
1.7235,-0.703468137141317,0.949112580235836,-0.0697779087848425
1.724,-0.856401792117925,0.994224305123735,-0.0756054338878994
1.7245,-0.154057508494483,0.994179806251802,-0.00607156607912579
1.725,-0.299637610624811,0.997736491169881,0.0219912504748913
1.7255,0.516924685743436,1.05068971934694,0.0562822788993059
1.726,0.465367294592379,1.08290519395556,0.0399943658348291
1.7265,0.647406580290452,1.0609676274825,0.0834500598487563
1.727,0.868156368575495,1.12433567594054,0.0487612755501346
1.7275,0.60949950440043,1.08675191052547,0.0441787803885731
1.728,0.761508826518581,1.13418828462259,0.04759321679644
1.7285,0.751208683344153,1.09431700991656,0.0483648235662457
1.729,0.0608323418280789,1.03840803636234,0.0390970549332741
1.7295,-0.120440897277214,0.99230473189075,-0.0138488771533116
1.73,-0.536955912226069,0.950535771655643,-0.0369690536588985
1.7305,-0.52640334600663,1.00977747592703,-0.0636238193623235
1.731,-1.00428205408616,1.01398202092358,-0.0377343001410749
1.7315,-0.891291591427667,0.9851379417992,-0.0980539127911759
1.732,-0.211994693463734,0.973224959301106,-0.0483084874991536
1.7325,-0.290401782432628,1.02857353534375,-0.0182844224287945
1.733,-0.477527918800419,1.0459531754922,-0.0169127706785335
1.7335,0.402929979403775,1.08547544960726,0.0223030521507602
1.734,0.241576509061535,1.16065921921063,0.00908448481870791
1.7345,0.758270478869983,1.12906955599112,0.0245184189097975
1.735,1.00506647564181,1.15638525795313,0.0511960440095129
1.7355,1.19611910431095,1.12472518926157,0.037936202015485
1.736,0.787760399448303,1.13425101164016,0.0561492942644589
1.7365,0.805464436508967,1.17261066719497,0.0753577592387909
1.737,0.80321043837775,1.10353884023253,0.0411216780128845
1.7375,-0.476371248709293,1.03884480943447,0.0235451317205349
1.738,-0.629837046981109,1.08532187602795,-0.0153855474226094
1.7385,-0.371795233031713,1.06417743581229,-0.0562206533563064
1.739,-0.959632020260407,1.04862710075922,-0.0661332824542761
1.7395,-0.986793688536821,1.05432394704372,-0.0673944586916816
1.74,-0.700110279345695,1.01714166314993,-0.0621173674343448
1.7405,-0.198442951021712,1.0663702198773,-0.0338142291820734
1.741,-0.796950511829806,1.0752024620143,-0.0297371278703997
1.7415,-0.349885807960255,1.1285203060675,0.0132357417506886
1.742,0.223924495900448,1.1231838670744,-0.022594575451181
1.7425,0.57507200517954,1.18876741425483,0.0273151363976545
1.743,0.852451934436794,1.19929589281706,0.0187986598933704
1.7435,0.88237566802671,1.27907621611899,0.0449772766288776
1.744,1.26523540049272,1.22157906332191,0.0574853252997229
1.7445,0.59791432697054,1.231051615823,0.0814336636832932
1.745,0.625435695577232,1.21605390031103,0.0577653083802998
1.7455,0.490438540489634,1.16447410551412,0.0360826548494084
1.746,-0.0286452006933677,1.18954890740669,-0.00923664925778284
1.7465,-0.626101492454108,1.1421891425352,-0.0502160314959354
1.747,-0.722355615474921,1.14215707502028,-0.0633682400456217
1.7475,-1.00800201515709,1.08103231918244,-0.0451151921024581
1.748,-1.12426720310813,1.07782703527673,-0.0337326790521089
1.7485,-0.544914889397839,1.13032964244009,-0.0375477338857389
1.749,-0.717487693133797,1.15673687663709,-0.0200640325734888
1.7495,-0.503701807615759,1.18452637190246,-0.00493127330501744
1.75,-0.188992376010821,1.22943146593913,-0.0270141545507285
1.7505,0.389375351621845,1.23615933483935,-0.0110100412789513
1.751,0.29364294798817,1.26055845657772,0.0243996838619952
1.7515,0.470736767685145,1.25448819907102,0.0417821240832019
1.752,1.02120748331921,1.3006798122937,0.0694568715673219
1.7525,0.604586887064196,1.31558493024663,0.0516354127196137
1.753,0.650953543929114,1.3263000473997,0.0397011216887667
1.7535,0.663269216329754,1.24821417569449,0.0507093908698875
1.754,0.352640223912119,1.26043832517398,-0.000556422272838571
1.7545,0.143896533706963,1.24277546050163,-0.0322835606792596
1.755,-0.824825071876815,1.23064881501569,-0.0780668042851993
1.7555,-0.607956766228496,1.17761213389833,-0.0687200012512848
1.756,-0.874977193585793,1.14246064308623,-0.0725114107564377
1.7565,-0.643021801637782,1.16662996750555,-0.0152644955973539
1.757,-0.766662208082681,1.17076576609812,-0.0210081860916456
1.7575,-0.368134674049066,1.21871177177865,-0.0222535320280023
1.758,0.0429146808218636,1.20133217537381,-0.037264865989906
1.7585,0.0189828286426,1.26482577091021,0.00492829307806845
1.759,0.353249419171288,1.29948509430262,0.0234607949746954
1.7595,0.416947238415569,1.36742829440368,0.0613132593871445
1.76,0.902723976655979,1.392174616091,0.0811444500453845
1.7605,1.05895428256459,1.38621812400648,0.0486712779083169
1.761,0.69356311081141,1.34719729422631,0.0626840001903383
1.7615,0.683162025258079,1.33564012643005,0.071899419824826
1.762,0.26853240420486,1.28016097564344,0.0199219385215277
1.7625,-0.107922945927691,1.34550401602782,0.00885825610546557
1.763,-0.162676049530829,1.22464924996968,-0.0537044232403913
1.7635,-0.460607764906653,1.28309919982136,-0.0612329876777384
1.764,-0.591348955618644,1.20977695979672,-0.0484264448194769
1.7645,-1.23997559109327,1.24162953219332,-0.0418361063041742
1.765,-0.957012957142134,1.24018773394944,-0.033728793365661
1.7655,-0.583864771379883,1.28846373987732,-0.0434905106321616
1.766,-0.790734497720037,1.333060442103,-0.0529051009643295
1.7665,0.360115301418438,1.31506896267415,-0.0297552949344953
1.767,0.299492891003778,1.39555613658291,0.0162494993895707
1.7675,0.433679988030398,1.34279371444078,0.0263890875030329
1.768,1.07674750824085,1.36866706203134,0.0555384881503956
1.7685,1.04640829874471,1.44237672186074,0.0572617816642707
1.769,0.979271386351818,1.4418596063539,0.0795200394354016
1.7695,0.648067687170227,1.4216133062232,0.0536350421257558
1.77,0.12808900586548,1.34966078215387,0.0154246518978809
1.7705,-7.24139147206815e-06,1.39743848986629,0.0131006027588997
1.771,-0.28278653314459,1.38323316814082,-0.00797586730568266
1.7715,-0.353338470247793,1.32485406122123,-0.0634515575488246
1.772,-0.592314205339143,1.29412644775649,-0.0423916454068229
1.7725,-1.11688790093866,1.25554380525382,-0.0704624609120935
1.773,-0.758813852618902,1.27852479472571,-0.0290566788018842
1.7735,-0.708654797367519,1.32522354981851,-0.0391678975219307
1.774,-0.693625881140643,1.31603280984016,-0.0391273359832694
1.7745,-0.593879234368418,1.33997378841246,-0.0306631493914469
1.775,0.223009999151839,1.38811330697927,-0.012949101490697
1.7755,0.323517018143568,1.37898139833617,0.0209836503437157
1.776,0.408415964244327,1.41686026811443,0.0467782558532776
1.7765,0.937662001560689,1.40991252525437,0.0348867658782661
1.777,1.09540297753562,1.40803922735121,0.0707490028426544
1.7775,0.553545752589674,1.44222145382088,0.0604155801218111
1.778,1.21097533220693,1.4654981843656,0.0473046214980185
1.7785,-0.0719340465184258,1.40435356063589,0.0356988542280866
1.779,-0.287770174916242,1.41557457652686,-0.0103496000003808
1.7795,0.0658776852116872,1.33418629517962,-0.0209439428774522
1.78,-0.486154050947942,1.32937940214252,-0.0618766660996203
1.7805,-0.922199335687786,1.29006750482774,-0.0242436661718687
1.781,-0.945068693504576,1.31496426308784,-0.0561174659942882
1.7815,-0.764972217506654,1.31844797933807,-0.0343395309218733
1.782,-1.03154901780302,1.29607225003584,-0.0358077862984367
1.7825,-0.334911359404951,1.30691021333717,-0.0504650009455244
1.783,-0.0655039301004446,1.27267144432387,-0.002818474574162
1.7835,0.109560917592737,1.34461443429354,-0.00555703042129289
1.784,0.512236849696086,1.44282683846611,0.0172600582781886
1.7845,0.585491667611411,1.4996833649079,0.0516157767340836
1.785,0.70239077084125,1.46522802796909,0.0535563769037658
1.7855,0.864463317736784,1.45688228264904,0.0672618577412332
1.786,1.12881417669914,1.46333533187197,0.0714894592253261
1.7865,0.599429562075147,1.37878702162064,0.0104177550703768
1.787,0.241611912586007,1.43369365181075,0.00979994163265602
1.7875,-0.244816805257229,1.37667854634718,-0.0365281371698248
1.788,-0.63775536634452,1.31510031702798,-0.0287483358424437
1.7885,-0.653368029007767,1.31353245460186,-0.0344810490169692
1.789,-0.610712399517423,1.29607368351547,-0.0291632372324929
1.7895,-0.652425124460533,1.28793975024587,-0.0439447590237681
1.79,-0.774896667674702,1.31541613125943,-0.0564112292928553
1.7905,-0.818384078073947,1.30298985105957,-0.0919666504095854
1.791,-0.555198614795334,1.32381617429331,-0.0258934136450493
1.7915,-0.0291022597519812,1.38998790217123,-0.042738897687543
1.792,0.473438510202472,1.30612760017132,0.0244935966639505
1.7925,0.808531318959552,1.41082068271456,0.0772889636227015
1.793,0.281682368349585,1.3739894091145,0.0565208037696402
1.7935,0.932213230449728,1.43227264572869,0.0833190040979926
1.794,0.701969034158187,1.46977854520733,0.0724514243325891
1.7945,0.693175228155153,1.3581556249441,0.0525747773009815
1.795,0.998283120237938,1.38904472407815,0.0242927872084635
1.7955,0.0444036095629698,1.33245675524677,0.013971169423559
1.796,-0.541270298679621,1.34768633992058,0.0127737301505037
1.7965,-0.41814982808234,1.30059971946865,-0.018902888571928
1.797,-0.770559653753983,1.22868098365319,-0.0542232958505223
1.7975,-1.0164316650251,1.26550179838166,-0.0504492365817831
1.798,-0.737578944998878,1.26404736475777,-0.0586925439147824
1.7985,-0.726349737070301,1.21559042091158,-0.0475858338233404
1.799,-0.562501997160892,1.24062256346263,-0.0594835127806943
1.7995,-0.422208434559213,1.3219827701225,-0.00822187581535466
1.8,0.0875246315230485,1.29530443535227,-0.0236303968561748
1.8005,0.280019670415824,1.35835468580513,0.0450072035620953
1.801,0.702541384524167,1.39802787871373,0.0789471600246893
1.8015,1.01112082838559,1.39503876187045,0.0979419361517061
1.802,1.04101834452945,1.41261548787186,0.0371975986864352
1.8025,0.742740622420078,1.34934317331702,0.0334165014284476
1.803,0.603635652477474,1.37113305991709,0.0103710870399354
1.8035,0.201235655883181,1.36281532552625,0.0368172354999763
1.804,0.369305599880571,1.31939079173815,-0.000827835938141583
1.8045,-0.244548637209655,1.30498705848576,0.018125593881413
1.805,-0.726753846115316,1.16819750861356,-0.0332218806146353
1.8055,-0.638434780962489,1.21854062937946,-0.0283793584407644
1.806,-1.06741771533483,1.18484701726821,-0.0762845578448846
1.8065,-0.82804359008123,1.1820831639475,-0.0675097304905623
1.807,-0.428288511576465,1.21649463295615,-0.0798563076298726
1.8075,-0.32757300202963,1.19808062985682,-0.0815205648914587
1.808,-0.277784405599593,1.23917140178873,-0.017700669451305
1.8085,0.0913361617616498,1.21953057914356,0.011300285021669
1.809,0.944669535157939,1.27539339890927,0.051602025296188
1.8095,0.693512582701473,1.30588658566788,0.0489726825947183
1.81,0.983851430045112,1.29987584481669,0.0641119770226792
1.8105,1.03476101663414,1.28438299849528,0.0375381848924804
1.811,1.09530224080232,1.31579276692188,0.0131906260775785
1.8115,0.707438220686266,1.31132690374719,0.0474125467230282
1.812,0.442991433667794,1.24797658535437,-0.022441418224039
1.8125,0.080537726587317,1.16443563161633,0.0155277529293607
1.813,0.320944746427181,1.16683303318758,-0.0300997064031169
1.8135,-0.43414082595267,1.13317247444019,-0.0396398215901579
1.814,-1.08230875628136,1.03802648146209,-0.0464351249370383
1.8145,-1.25629195808865,1.09351056355394,-0.0675448243351886
1.815,-1.31068063462218,1.12030935701154,-0.0709783878414516
1.8155,-0.274647737692508,1.1325077572171,-0.0592654042103642
1.816,-0.663992862966561,1.0693886725467,-0.00553746649630394
1.8165,0.128573160655839,1.1458450266412,0.011198317942706
1.817,0.370450468029177,1.20410522362906,0.03530024026644
1.8175,0.178366688313661,1.18326756466372,0.0455603152601688
1.818,1.31005926519429,1.23894151648413,0.0527144015139264
1.8185,1.0736809221058,1.19403131347669,0.0442698781659517
1.819,1.39047881951442,1.24926633038339,0.0409529550506821
1.8195,0.889583420509973,1.24778436091733,0.0572105304545918
1.82,0.604449010865559,1.20517050000838,0.0477755082601528
1.8205,-0.0181236859257707,1.14410189870541,-0.0242796972691414
1.821,-0.109872864200871,1.11402911958009,0.0180583544291787
1.8215,-0.424097370503504,1.06359129126785,-0.0337029318296398
1.822,-1.11326145646255,1.04248544297728,-0.0418311983351275
1.8225,-0.909322645124248,1.05589283138265,-0.0646267370618458
1.823,-0.908290756183733,1.03197349736904,-0.0648730693487745
1.8235,-1.04060859451973,1.037602228704,-0.0660567815215155
1.824,-0.548111252200416,1.07287007720516,-0.0593606506372215
1.8245,-0.653052736445119,1.08590105981111,0.00117763262637324
1.825,-0.143436172903071,1.10109045161281,0.0358599473346523
1.8255,0.376120569414468,1.14960982018404,0.0563545463542028
1.826,0.499032704503945,1.14375931207132,0.0382268125197459
1.8265,0.964866717663241,1.11723976537682,0.0403248459056779
1.827,0.857072376196982,1.15721079174106,0.0462059410868046
1.8275,0.684482584466039,1.20911302276049,0.0571047730601487
1.828,0.964359182417474,1.12828423610844,0.0623391570802732
1.8285,0.607267059266126,1.07358427439587,0.0614127356434412
1.829,0.261779405963474,1.08306022667776,0.00941473303634463
1.8295,-0.0646838803070399,1.0309472763941,0.0146282677931761
1.83,-0.305248472350489,1.03959307202977,-0.0301432033266872
1.8305,-0.553115469271319,1.02700476117855,-0.0552396565491257
1.831,-0.923099961825358,0.97449600442272,-0.116559055671145
1.8315,-1.04392710066483,1.00415818172227,-0.0646193152602026
1.832,-0.828076890817424,0.972833855081273,-0.0469139387711731
1.8325,-0.247651233555601,0.985820257574833,-0.0243684086992668
1.833,-0.535137577967679,0.982346339949467,-0.00263309062445207
1.8335,-0.0223464292843091,1.03974344593056,0.0193044051825327
1.834,0.717204324345478,1.12213736539162,0.0334977743707862
1.8345,0.941298959001732,1.10915127576861,0.0191909542928454
1.835,0.776760032838209,1.09363248000672,0.0170141827719963
1.8355,0.893254744349776,1.09692870130978,0.0661935914426419
1.836,0.817616201601475,1.09160194230065,0.0427996359988174
1.8365,0.579071707879355,1.11272809761457,0.0452172450990746
1.837,-0.262444765364409,1.06011197622933,0.0242935279320021
1.8375,-0.10683071062128,1.03444093002582,0.0142496648338997
1.838,-0.270980512437052,1.0029842972894,-0.0261835145457143
1.8385,-0.0345740370034735,0.968112338428859,-0.0318746555601415
1.839,-1.22132332186909,0.903454455629918,-0.0803973009633714
1.8395,-1.10252254425495,0.985191573136656,-0.0850905643036044
1.84,-0.995437545335518,0.899533824102983,-0.0854282930293937
1.8405,-0.963836946398662,0.881841476699441,-0.0342394903380562
1.841,-0.623703692108158,0.969750362625093,0.000789161201206444
1.8415,-0.599480990817387,1.03286399436623,0.0164882906370408
1.842,0.206826943584132,1.03963978763389,0.0137565615587409
1.8425,0.42554205612198,1.05947862861969,0.0147301800294775
1.843,0.931082782506923,1.08303154445812,0.0347343382123204
1.8435,0.94180805851656,1.11028393064218,0.0485687814320562
1.844,1.19374808453451,1.11050862754637,0.0448167787077195
1.8445,1.20210281684988,1.1111267658738,0.0556209484975935
1.845,0.58514728316683,1.04467966592871,0.0601249013599728
1.8455,-0.0748664826644847,1.01218682946864,0.0196179522761347
1.846,-0.0572022516569217,1.03588386484231,-0.0139119071889947
1.8465,-0.104820322199913,0.973817450976542,-0.0478241122497749
1.847,-0.750480966797443,0.939717866845423,-0.0639477543898351
1.8475,-0.799806684720506,0.912613647874458,-0.0631419851913183
1.848,-1.18241265126333,0.913154879838162,-0.0573556640672412
1.8485,-0.475529387273775,0.941319162935257,-0.0187355897366783
1.849,-0.544135078094812,0.98852045623484,-0.00417216429639493
1.8495,-0.452382054638016,0.965104197689733,0.0138718406775753
1.85,-0.418506033898845,1.07455558099696,-0.00909477810139502
1.8505,0.174817824380285,1.10438679983019,0.0314199033240013
1.851,0.387845002176454,1.12396058083908,0.0398687221261515
1.8515,0.72879158224671,1.10900854699375,0.0250330888259104
1.852,1.02621983940575,1.10231902659286,0.0459106256191125
1.8525,1.10248261556065,1.14474367405582,0.0707013533291212
1.853,0.763996489197378,1.10140886640465,0.0472814245886235
1.8535,0.474201469158021,1.08818973033618,0.056844759243661
1.854,0.211557255973858,1.08537806502633,-0.00281067176164449
1.8545,0.429394770179165,0.972461100257902,-0.0546254776446977
1.855,-0.469567367387987,1.03575983436327,-0.0598420815384772
1.8555,-0.758663719004143,0.967627036536673,-0.0638883157968617
1.856,-0.52894857655968,0.92285528800536,-0.0853614106150551
1.8565,-0.90085881109608,0.969058101925752,-0.0429262448727205
1.857,-0.961685694502314,0.963277143099984,-0.0246246971764744
1.8575,-0.319289054185495,0.988034492445232,-0.0378209471562718
1.858,-0.323092012093583,1.0155817173128,-0.0167259576898052
1.8585,0.168242917239117,1.09573944776019,-0.00667895721709117
1.859,0.671463882749203,1.08653208828512,0.0133652416857608
1.8595,0.925427729866128,1.11800513468156,0.0567153987373316
1.86,0.491964342738935,1.15720085110976,0.0673355472039182
1.8605,0.346213880448513,1.11881227910723,0.0731266151710011
1.861,0.673677964456197,1.18256454974957,0.0580046342689622
1.8615,1.05525246601206,1.06239865640339,0.0450856310144499
1.862,0.404100808790465,1.10836397542182,0.0278778679180159
1.8625,-0.037938195066494,1.07613697132773,-0.00369999100238841
1.863,-0.384183905069868,1.08975775628904,-0.0235297551128359
1.8635,-0.382286032732378,1.05909119583705,-0.0610514849909438
1.864,-0.765590953432474,1.05093296670162,-0.0514734490402003
1.8645,-0.816464691816587,1.01436617493974,-0.0314661600316273
1.865,-1.41386224777407,1.0928627035414,-0.0212251107974478
1.8655,-0.765431720382228,1.04138492822651,-0.0202970263035133
1.866,-0.446497221509318,1.08288270278575,-0.0136840239035871
1.8665,-0.332395192259178,1.09453712017223,-0.0257457330766074
1.867,0.227147309322375,1.18770394689837,0.00500879098637384
1.8675,0.399753562849073,1.15210470432199,0.0248571662202796
1.868,1.00786633731378,1.162582968541,0.0386965581147637
1.8685,0.776673131198844,1.21144648302057,0.0687722654274614
1.869,1.24538524483566,1.28683212571667,0.0933275296350426
1.8695,0.779314987445665,1.21040396754537,0.0414374606916575
1.87,0.77373424032259,1.17970842810546,0.0277081560647198
1.8705,0.803813569636161,1.17984831548383,0.00325464861892416
1.871,-0.100496769731131,1.16079260564025,-0.0412612992253472
1.8715,-0.0767789980144069,1.12114738423611,-0.0485954704464948
1.872,-0.988398568572229,1.12579601840587,-0.0461486009394841
1.8725,-0.433064206887301,1.05510821451254,-0.0541585180507671
1.873,-1.23474490854664,1.05911235203493,-0.0277883577522478
1.8735,-0.861744179053816,1.00738134307757,-0.0349713387866647
1.874,-0.721181906598522,1.13861596017113,-0.0666556829838586
1.8745,-0.631112743035912,1.20931477603644,-0.0181387441425473
1.875,-0.327010426780008,1.20714348097371,0.00365828784171944
1.8755,0.50530049084602,1.23765501338653,0.0234578473066985
1.876,0.291724463817591,1.28916774939,0.0457240821288021
1.8765,0.509338429854565,1.27570010733285,0.117840769628548
1.877,1.21355084701366,1.27967839427971,0.0723363831574413
1.8775,0.887770182167698,1.30676252627602,0.0806422516220754
1.878,0.813692474513318,1.31045345662357,0.0537615065479795
1.8785,0.223991258079544,1.30185016564126,0.0292594510940756
1.879,0.0676773184471796,1.21255081226185,-0.0002325883579779
1.8795,-0.155132647785093,1.21328169419558,-0.020439587064536
1.88,-0.506066262000468,1.1412873373485,-0.0461483819167667
1.8805,-0.339920785514247,1.17578330068737,-0.0320210583377452
1.881,-1.07138337241168,1.15202586995275,-0.0479846375622213
1.8815,-0.952692816013988,1.19200565255942,-0.0303238015808799
1.882,-0.578473685936733,1.20806973483974,-0.0695347925606457
1.8825,-0.310428425860209,1.24848627369489,-0.0563493278272235
1.883,-0.725018554520921,1.29066011950485,-0.0449943810656522
1.8835,0.0187223058516588,1.32899139512882,-0.0126062591156073
1.884,0.279282241677392,1.25731881383383,0.0253244392973829
1.8845,0.713132907847195,1.34545304963041,0.0584905951712405
1.885,1.01381361750317,1.32438011963827,0.0744153222534066
1.8855,1.03977365661018,1.39254267854257,0.0964915977027486
1.886,1.12693032925448,1.34871246399688,0.059790113984285
1.8865,0.748601494488573,1.33389427504884,0.045041090704789
1.887,0.42118418003399,1.31436749174838,-0.00567394005198724
1.8875,0.236397882946237,1.27833645713874,-0.010170730190865
1.888,-0.235038549712022,1.26893587378784,-0.024372123122879
1.8885,-0.967387453025364,1.29085785826659,-0.0132669468592672
1.889,-0.813367043169155,1.26686279762737,-0.0231987850029114
1.8895,-1.34094762616211,1.24318926065128,-0.0363314738754921
1.89,-0.605804447570319,1.23934655948101,-0.0668388113477124
1.8905,-1.24259918071989,1.17149447126967,-0.0866450551930816
1.891,-0.584821899340605,1.27229466969492,-0.058912924321183
1.8915,-0.0928005028303791,1.33328419435536,-0.00697908115741827
1.892,0.221300868286368,1.3680109010905,0.0448345021798811
1.8925,1.0162703100619,1.39476416797004,0.0343576806135341
1.893,0.797370310449,1.37700390326085,0.080631723056197
1.8935,0.757894260811707,1.4199836228921,0.102884651509328
1.894,1.05796147328006,1.40376888233674,0.024642839653281
1.8945,0.481416680286098,1.4531201479335,0.0425631822105243
1.895,0.681393968637191,1.44078444059326,0.0176083320757455
1.8955,0.293305788936583,1.40084023105846,-0.0212172355126425
1.896,-0.214369424107774,1.34254797820759,0.0042241744052821
1.8965,-0.602012803100602,1.33948837868089,-0.00935504071114962
1.897,-1.01162670517057,1.27274512643707,-0.028771427914198
1.8975,-1.35077307873631,1.32883102229181,-0.047115617564078
1.898,-1.0305147424765,1.30808036394641,-0.0726025655338846
1.8985,-0.643720847831728,1.28255262350831,-0.0766603849491257
1.899,-0.812383345972383,1.3323713513697,-0.0472218344226392
1.8995,0.0553301954879307,1.3381590568895,-0.036681879920924
1.9,-0.222077830397036,1.38933495782321,-0.00460532215406159
1.9005,0.875917837051789,1.38108953581812,0.0257417738884762
1.901,0.460413739630763,1.4358817693181,0.0648871460953446
1.9015,0.861976197345314,1.42683370929615,0.0911274109461551
1.902,1.28196383622746,1.41561086967841,0.0520028875870495
1.9025,1.18796603320923,1.43231769082266,0.0268808246276529
1.903,0.523098551604646,1.42465180440635,0.02983710338617
1.9035,0.630054265319412,1.43957943198113,0.0160043027591945
1.904,-0.162732607566952,1.35674419197792,-0.000332499130403537
1.9045,-0.656315301150203,1.3782038285469,-0.0255852554799883
1.905,-0.377866367211829,1.30507454052423,-0.018431900305344
1.9055,-1.21249529545682,1.34402082953664,-0.0329802115652305
1.906,-1.44190665376021,1.3039937733957,-0.0797397311898047
1.9065,-0.922241413018293,1.2970648789196,-0.0718942605049167
1.907,-0.43325267802043,1.27623524366466,-0.0507427109091225
1.9075,-0.238227936341723,1.29836406410626,-0.042363291010967
1.908,-0.603329345280339,1.35278234947773,-0.00371643389810974
1.9085,0.12499614386997,1.42700180109456,0.0365224882567834
1.909,0.645270858292955,1.41857332238303,0.0623963401627156
1.9095,0.954353966137499,1.40889784030045,0.0741886929012718
1.91,1.26749324129738,1.47962093906378,0.038663268199454
1.9105,1.31703911751499,1.4526152794535,0.0580007928190094
1.911,1.04844739722142,1.47334680600181,0.0651169894196754
1.9115,0.275013828896176,1.41187493448395,0.0423360115144453
1.912,0.349267433604854,1.40766836898049,0.0141035805695014
1.9125,-0.344977905158803,1.3290075019438,0.0280787000360743
1.913,-0.0309553749496663,1.31547465148125,-0.0164160543772032
1.9135,-0.195173848035768,1.33431415478999,-0.0029729043226319
1.914,-1.3338710934249,1.31011948694204,-0.0824746295497127
1.9145,-0.710314718258614,1.32082705539392,-0.0693518023751386
1.915,-0.961480409393266,1.30196896851818,-0.090361760211023
1.9155,-0.828889790684573,1.30464114536532,-0.0523398658446034
1.916,-0.665740671517066,1.34215972777109,-0.031543092537026
1.9165,0.200505348483385,1.37056153642399,0.00220268516690874
1.917,0.324644932749338,1.40814239734534,0.0132028033154886
1.9175,0.511068993492761,1.44647211012318,0.0455871451945466
1.918,0.880991166928641,1.43974391152527,0.0697346288768803
1.9185,1.15673257654273,1.42089799443709,0.0560924916661087
1.919,0.685889664885017,1.3830407157876,0.0350734918434438
1.9195,0.577601606901729,1.38920349998566,0.0331808910004961
1.92,0.712438423206972,1.3610891210098,0.0446291006712847
1.9205,0.624982709839004,1.3387613490559,0.0414474890225351
1.921,0.197374317786774,1.36667757993689,0.026129846145483
1.9215,-0.471513345600841,1.26356377067154,-0.0195734414588871
1.922,-1.0407296493704,1.2848918825994,-0.0729884168971198
1.9225,-1.45918132549203,1.20260417031119,-0.0517060863275643
1.923,-1.14809927645799,1.23099143026494,-0.080717134521923
1.9235,-0.548338665851376,1.24158500492019,-0.0536556242614918
1.924,-0.7656612829567,1.24134512413851,-0.0230067738878645
1.9245,-0.266927545815636,1.31038002335356,0.00182313172902027
1.925,0.0531948294647007,1.29581167096499,0.0100734776799646
1.9255,-0.212948565840597,1.36871560939394,0.0261556481415792
1.926,0.940707941135827,1.33312461179825,0.0508583258090277
1.9265,1.33603498983728,1.33129191335956,0.048665778708754
1.927,0.90545211981684,1.38870508053688,0.0241449150718846
1.9275,1.12159858465012,1.41963278952235,0.0254581948846153
1.928,0.516968998988405,1.38451607838464,0.0251390318526862
1.9285,0.590565680978957,1.34948130423213,0.00452400202957963
1.929,0.64565262654772,1.30408163850546,0.0171115544139291
1.9295,0.100085706701991,1.30106862339277,-0.0306318788380984
1.93,-0.713410441623643,1.26044296954417,-0.0248304122189234
1.9305,-1.02819214677994,1.18503453103834,-0.0710337133057342
1.931,-0.886204566398354,1.1834921344291,-0.0823932215798286
1.9315,-0.958580659108261,1.14839080115549,-0.0985554292620855
1.932,-0.788566951306531,1.17699689419035,-0.0344618969184989
1.9325,-0.220176873838754,1.2215139232852,-0.000305725953848781
1.933,-0.172282100442901,1.23271182966136,0.0266071165507467
1.9335,0.530673430196013,1.2154973810649,0.00574196350211477
1.934,0.429940300074983,1.30761885095526,0.017986817630098
1.9345,0.671388549702919,1.31882688816808,0.044169712548786
1.935,1.06796676147054,1.33390459735843,0.0332845597014434
1.9355,1.01902583119461,1.30740458096846,0.0576438242436956
1.936,0.77462857334228,1.31508933802813,0.0629947181644342
1.9365,0.228596476419889,1.27919681818049,0.0394159262745667
1.937,0.0572903942121286,1.25049941456132,0.0571533144245431
1.9375,0.15421376054669,1.19812108890187,0.016101986147916
1.938,-0.200401783293821,1.15496837408782,-0.0332621577502269
1.9385,-0.992172447245678,1.09522772902185,-0.0445949409361437
1.939,-0.796258950615825,1.110383188606,-0.0899393062636167
1.9395,-0.778842274235896,1.08264408118376,-0.0717495753187522
1.94,-1.16195729572213,1.07944814022591,-0.067925286238833
1.9405,-0.952772911169706,1.10054468928721,-0.0196694054590861
1.941,-0.14109135376286,1.14237211275957,-0.00306178260037042
1.9415,-0.552771370143516,1.11291382362008,-0.0121670094555951
1.942,0.338483324260928,1.184965162857,-0.00292464927090455
1.9425,0.780589585948412,1.1926437250375,0.0324817579814347
1.943,0.322098754871722,1.16649980406505,0.0713269847521982
1.9435,0.863009368538992,1.1517596690723,0.0476650601919413
1.944,0.601590576880375,1.24764019406064,0.0740490483152334
1.9445,0.791999499287809,1.19233888143353,0.096627561437398
1.945,0.430064265516507,1.20062672171556,0.0485338668335392
1.9455,-0.186160132366631,1.15772358162302,0.0290436406245333
1.946,0.0403251138245077,1.09884460471147,-0.010479358674522
1.9465,-0.28971643400304,1.10739499710715,-0.0323594460037122
1.947,-0.856230427757649,1.08019433212064,-0.03557721337276
1.9475,-0.733901477125882,1.0419935085414,-0.0620001539233762
1.948,-1.24455394528296,1.05931442278239,-0.0669002414315332
1.9485,-1.13218469280425,1.04449146280533,-0.0439889752994355
1.949,-0.911265039519818,1.06908135701788,-0.00898524475786699
1.9495,-0.362249099426652,1.03374448365941,0.00597497102573139
1.95,-0.131048689640048,1.12644320630911,-0.00545412631440468
1.9505,0.812624499408142,1.06775518739006,0.000344136896608435
1.951,0.604692677097087,1.12711479049277,0.0124850806642993
1.9515,0.963087988645204,1.1742612887964,0.0426500416841202
1.952,1.05072136456123,1.14616161860866,0.0672430718092292
1.9525,0.957289763586398,1.16684316269963,0.0958343225268176
1.953,0.748072705173193,1.15216382290871,0.0639417973886145
1.9535,0.748704160586086,1.08987971133213,0.0403086983339287
1.954,-0.177192120273273,1.10074353616248,0.03491754556541
1.9545,0.182956742448854,1.05233392288652,-0.0476967192634837
1.955,-0.362151975792802,1.0155821411973,-0.0568931672920878
1.9555,-1.05392372107018,1.01879318485514,-0.0862046796640527
1.956,-0.614107792741759,0.971716708448296,-0.0681100505419508
1.9565,-0.595850151130908,0.944033228673738,-0.0649586085941349
1.957,-0.339317707735211,1.00119285355448,-0.0188022792124614
1.9575,-0.638346436740992,1.02312199630447,-0.0435653872614071
1.958,0.18426026204674,1.00202144440626,-0.0204056615623158
1.9585,0.179535787727017,1.0970567866961,-0.020801202255146
1.959,0.0709703700900363,1.04614688212119,-0.00776821290126284
1.9595,0.504515461455537,1.07486760803512,0.0593434407936192
1.96,1.09446241678456,1.12930608632219,0.0388068196846749
1.9605,1.35274795357302,1.050092753044,0.0700936234091679
1.961,0.524110507121946,1.06602809040912,0.0666383729186592
1.9615,0.59239184388661,1.07502554378118,0.0627450085153552
1.962,0.169263574870263,1.09504258608267,0.00501955274081295
1.9625,0.469933534829017,1.07043861557669,-0.0183691994427505
1.963,-0.557358557221564,0.973068217724982,-0.0191426092360689
1.9635,-0.286875400925445,0.951252898926506,-0.0663305190731664
1.964,-0.975181288697211,0.964121866777384,-0.0394501906070549
1.9645,-0.709073372227046,0.973179624586789,-0.0505249139162082
1.965,-1.19164649974348,1.02419181339736,-0.0320844760170466
1.9655,-0.322023611098155,0.970871242474645,-0.0255414421821135
1.966,-0.986497901217319,1.00741205252835,-0.0588256823283644
1.9665,-0.0327221570765151,0.998335952393593,-0.0190518538491573
1.967,0.330125810624251,1.0109278623899,-0.00774957386542525
1.9675,0.326229123953467,1.07134810668586,0.00094173270093742
1.968,0.521591036618894,1.09560574196374,0.0556048742009779
1.9685,1.04009173278172,1.07445520032345,0.088987299474922
1.969,0.628546487281307,1.13379767108752,0.0635730819798273
1.9695,0.755745767567792,1.13027262258069,0.0804151692136461
1.97,-0.174002065762202,1.0794615006398,0.0245731764986433
1.9705,-0.295662991604048,1.0819724057524,-0.0181326072775558
1.971,-0.124360727831124,0.995166031679821,-0.0165215208018824
1.9715,-0.155445383349809,0.942885478351644,-0.0345335517883262
1.972,-1.10788458764745,0.922082708342916,-0.0306866739202111
1.9725,-0.688660203073736,0.959305367181789,-0.0451048809394413
1.973,-0.776979125768855,0.933870923402994,-0.0452952520919526
1.9735,-0.963436371205381,0.966097819218017,-0.0245176833991805
1.974,-0.62345958798058,1.00388701315884,-0.0583942444907662
1.9745,0.21582890476252,1.01425286527357,-0.0498658342750088
1.975,-0.350145253491623,1.04695638224307,-0.0223470835188885
1.9755,0.451908040869793,1.00880064834184,0.00237867131727144
1.976,0.668934008555449,1.07082886999346,0.0400671173488156
1.9765,0.895983734500052,1.09915464095248,0.0511647032217323
1.977,0.897829915201386,1.16145440009602,0.0796206873901975
1.9775,0.927173518852002,1.11888151637809,0.0891990636637612
1.978,0.631214843636413,1.05354577564939,0.0326078643953938
1.9785,0.0105049817709009,1.12904222072309,-0.00857652994912539
1.979,-0.0331480401994719,1.06825151739419,-0.0223675140042015
1.9795,-0.165282338096553,1.02622268850238,-0.0281468614765142
1.98,-0.464388037141125,0.986502567560049,-0.0338925849253421
1.9805,-0.608959888942629,1.0192725812072,-0.021759888869614
1.981,-0.328637900561987,0.94914655244305,-0.0339297521239627
1.9815,-1.29725723159897,1.04288530259794,-0.0383572621115761
1.982,-0.589372540277214,0.985466727463769,-0.0360501380948793
1.9825,-0.49466451892224,0.985142264767349,-0.0500560872282949
1.983,-0.233115782791324,1.00374667728594,-0.0482332411839764
1.9835,-0.0606059101583807,1.06788407565631,-0.0177374394903423
1.984,0.401154197949075,1.11033919024665,0.0303827770276587
1.9845,0.862562947615083,1.12372301808352,0.0640337199221131
1.985,0.961133678077598,1.13150768730332,0.0850539348416879
1.9855,0.495211225380651,1.17698774116397,0.0641961216931972
1.986,1.03930831950151,1.13272563093041,0.042122320581303
1.9865,0.677161391470273,1.15006723935428,0.0184628674438082
1.987,0.804107076270856,1.11205496366106,0.00698175721313418
1.9875,-0.278094665076572,1.1132348546859,-0.0109183105439555
1.988,-0.510944794326495,1.02167630449782,-0.00943383104921693
1.9885,-1.05239935650977,1.07568632735717,-0.0364483081008857
1.989,-0.810999607567309,1.00216947968627,-0.0553813774984409
1.9895,-0.646588119767722,1.00396976718067,-0.0436875665331082
1.99,-0.97282816008262,1.06757689838118,-0.0727369734029708
1.9905,-0.820795160569094,1.10739022838894,-0.0540073082806097
1.991,-0.505640748518582,1.07014673401914,-0.0414873239514168
1.9915,-0.152500817342317,1.1217368075992,-0.0347397132360348
1.992,0.478794641605045,1.11351642434662,0.013328424024378
1.9925,0.530748587467959,1.1324458488624,0.0492591951975364
1.993,0.635892539391709,1.24074104305101,0.0631025631378994
1.9935,1.03868934323023,1.24328734925495,0.0764472515761923
1.994,0.538757212534634,1.22407809082639,0.0583711232917443
1.9945,0.905815918378385,1.20288756424586,0.0330263539284472
1.995,0.474689648415995,1.16499164004389,0.0265979210355186
1.9955,0.757484308918137,1.16281451197513,-0.00776372014940884
1.996,-0.274389950158959,1.1988723802638,0.00367061067476822
1.9965,-0.325246999118899,1.12276091194747,-0.0177452192421402
1.997,-0.659983199913773,1.12840550829531,-0.0256346863245291
1.9975,-1.12104402721181,1.10418816875824,-0.0427035535396967
1.998,-0.673832739964226,1.06202307954053,-0.0557374463487324
1.9985,-1.36577800637007,1.06271806840881,-0.0411580333161155
1.999,-1.09862688205583,1.16771681359165,-0.0687460053831129
1.9995,-0.656505691326102,1.17270729717488,-0.010310491834908
2,0.326405775882448,1.28541662975016,-0.0138551596355199
2.0005,0.574984241303059,1.2294804893737,0.0154750757063223
2.001,0.298824147251032,1.2833408924414,0.0641895891385768
2.0015,0.763419922892216,1.29035229770609,0.0742046366618379
2.002,0.705613874656325,1.27846801037798,0.0607219407481348
2.0025,0.907672203994916,1.27415010854929,0.0473676339424575
2.003,1.21333941331814,1.25849932603415,0.0383413543361677
2.0035,0.210923469285442,1.30041822313032,0.0366608645090097
2.004,0.599069960742385,1.22922862527722,-0.00814771392591708
2.0045,-0.338260548854891,1.19139886778178,0.026278113766916
2.005,-0.687454597063499,1.1924961265976,-0.0281993507594148
2.0055,-0.600846453091619,1.16127708433257,-0.043936344062344
2.006,-0.698898029775491,1.17148036758391,-0.0572604070217181
2.0065,-0.80607670462816,1.12315107631887,-0.0950347076786351
2.007,-1.11972275855678,1.15860928555133,-0.0837799139672388
2.0075,-0.696845909449167,1.22106569405429,-0.0641375107985155
2.008,-0.438667903750288,1.22736361827802,-0.0338175871786207
2.0085,-0.0164301714509459,1.26527206494555,0.00741912023053273
2.009,0.233741297597002,1.37267510722189,0.0334289583968191
2.0095,0.792887074098871,1.38283282744524,0.0528498563054963
2.01,1.10002019674831,1.35609873896351,0.0515375782189939
2.0105,0.826150476111328,1.33437166440684,0.0357094234225802
2.011,0.944234058648901,1.33865137823626,0.00570862286003993
2.0115,0.799147170806497,1.41953841682595,0.0537736091640848
2.012,0.361130992527724,1.32763139054138,-0.00262491731590268
2.0125,-0.0681403741162505,1.31384521452723,0.0321925701735206
2.013,-0.463212576076575,1.28084991451306,0.0175702175440795
2.0135,-0.899776660299418,1.29213109623672,-0.0341095653679496
2.014,-0.873208876454854,1.22099138995874,-0.0724752857006627
2.0145,-0.847697875659553,1.21784548527129,-0.0530419528481303
2.015,-0.892330913497759,1.19348341475628,-0.0685227330919163
2.0155,-0.630523736255971,1.21901398468579,-0.076594177095309
2.016,-0.416652938247503,1.29919943577251,-0.0276235948804684
2.0165,0.0561967923795353,1.32009254359206,-0.018259879098779
2.017,0.0633483895265332,1.37874418793522,0.0631949630571815
2.0175,0.492583190300779,1.37032363050573,0.0593662848694748
2.018,0.810481957874146,1.42277347822389,0.0298360472383303
2.0185,0.778332967290997,1.44534388003033,0.0690271454056039
2.019,0.942312576647565,1.48332513671737,0.0128890944898449
2.0195,0.305959147640036,1.41446260794086,0.0192046178639307
2.02,0.636373470847007,1.39347866993966,0.0437372498596847
2.0205,0.336158820780776,1.3768968842554,0.0421403130701057
2.021,-0.11150602842051,1.34883262562313,0.0147097767752514
2.0215,-0.5156236855688,1.31514522402089,0.0170483099359937
2.022,-0.791690983680336,1.35550116732596,-0.0519329458309217
2.0225,-1.26963047835482,1.32394294777743,-0.0803423957727118
2.023,-0.611008051854181,1.26933507934032,-0.0738230988243205
2.0235,-0.64321488454476,1.31895604668579,-0.0870873411179262
2.024,-0.878562632158393,1.35073494187698,-0.0458471744237383
2.0245,-0.69555625885044,1.31228802339766,-0.00103363464781388
2.025,-0.0963123536839506,1.33901428999021,0.0135688112703863
2.0255,0.496334901673733,1.39162158181046,0.0363740634457168
2.026,0.814504301978866,1.43543388126016,0.0306801694135861
2.0265,0.934965648866699,1.45086514440058,0.0594160494844067
2.027,1.07570533309624,1.45263823334865,0.0384270911845601
2.0275,1.28068414611811,1.45878694714186,0.0682068275492469
2.028,0.255931334746634,1.41063683490887,0.0345922540386554
2.0285,0.543720231774564,1.39044549041559,0.035028518703693
2.029,0.0973222454290073,1.39928277672908,0.0241167134697456
2.0295,-0.407227722824936,1.35345509832889,0.00837191626612093
2.03,-0.340715147053173,1.32015087708817,-0.0412257028230803
2.0305,-0.748070103781435,1.2609354736709,-0.0793282035639053
2.031,-0.568517331059894,1.30770087268818,-0.0994610075974375
2.0315,-1.12689821331846,1.31281518404618,-0.0685043807472821
2.032,-0.958191906693089,1.27054519937353,-0.0694782394649271
2.0325,-0.411095929341569,1.32659079940896,-0.00836087448931697
2.033,-0.44162062631443,1.35862800489118,0.0189021248217509
2.0335,0.141031834678319,1.41320188239286,0.0342288741688833
2.034,0.325047031899268,1.39460839605132,0.0369389881550533
2.0345,0.954629217919381,1.42002876845706,0.0273696223059576
2.035,0.948923637982919,1.42843924543454,0.0477261539919986
2.0355,0.779322919886762,1.40233415915119,0.0422076150563681
2.036,0.638983596581567,1.44921776353013,0.0609341652514763
2.0365,0.502897447612577,1.43790612032953,0.0755826539543839
2.037,0.923281333491364,1.3778740346236,0.0520731983815996
2.0375,-0.0124057534113061,1.3425624282033,0.0396451714564219
2.038,-0.375346030851762,1.30489057983281,-0.0328102203944626
2.0385,-0.653078525874402,1.30748150327535,-0.0799502387442446
2.039,-0.418738982858187,1.32609710567341,-0.0785765363290948
2.0395,-1.31289347900351,1.20005744542561,-0.0567624131509899
2.04,-0.560168561515762,1.21877387286591,-0.0365752953588083
2.0405,-0.858852427925526,1.33041166286285,-0.0186722358565945
2.041,-0.492823393230798,1.29871818923911,-0.0291942904298453
2.0415,0.0589370179894979,1.34468361492799,-0.022422746878253
2.042,-0.0150641646928525,1.4095970323174,0.0176660107444981
2.0425,0.624065749095379,1.44470016124651,0.0343430655153982
2.043,0.724796461277866,1.4179612761655,0.0213381799352915
2.0435,0.515052500906859,1.44524719519399,0.0660690362850924
2.044,0.912679529894705,1.42852551465986,0.0564448300248862
2.0445,0.888139466611954,1.42327693705059,0.045768656621301
2.045,0.676648618537823,1.37462464436509,0.059475063981116
2.0455,0.0772849643773709,1.31046551289678,0.0133001540602771
2.046,-0.114274728075753,1.33978604491649,-0.0148650568539589
2.0465,-0.268085015405625,1.30987890267722,-0.0546003791601755
2.047,-0.544130038490364,1.25275350365217,-0.0635998866916454
2.0475,-0.933424261827646,1.23006803450083,-0.0572628665268553
2.048,-1.1951447602631,1.196413430361,-0.0622296625564798
2.0485,-0.727019384571426,1.22797858616791,-0.0354278784612543
2.049,-0.522113389394414,1.24026721765766,-0.0372284117398431
2.0495,0.0511943143249735,1.2686689539031,-0.00274942729483998
2.05,-0.388450197787737,1.35525712469788,0.00912414654322933
2.0505,0.234711679512496,1.34216206505827,0.0196160469148774
2.051,0.70961652212868,1.34102470501215,0.0251505048587897
2.0515,0.76896565493214,1.37585070098963,0.0171824890310036
2.052,1.38319254989755,1.37927269605665,0.0797888673971996
2.0525,0.742824226960525,1.39771836180838,0.0682601735365685
2.053,0.0851241825790146,1.37035349368052,0.0813128811550731
2.0535,0.605093532709751,1.3470630550576,0.049403124488456
2.054,-0.239823109483902,1.28953032885781,-0.0206816923036852
2.0545,0.110629462681633,1.26149363881697,-0.0254530597966761
2.055,-0.414420479667926,1.25109038437419,-0.030233353185185
2.0555,-0.826228382541215,1.19715424853413,-0.0800999205177411
2.056,-1.10599535069843,1.13237919282955,-0.0558115709593686
2.0565,-0.396492273208709,1.18001080491375,-0.0383486670322165
2.057,-0.662413716353797,1.15333541400354,-0.0349683646406064
2.0575,-0.637201747357318,1.19548783877314,-0.0384664757718992
2.058,-0.391546121616865,1.20600756697884,-0.0171254636267268
2.0585,0.0646609231831222,1.22521873592669,0.00911203841745025
2.059,0.735887004246175,1.30403523283693,0.0154709217526732
2.0595,1.15221749309286,1.27717173493601,0.0267885725383206
2.06,0.839237413442565,1.29863725734261,0.0698493990408061
2.0605,0.980180683619368,1.3000820411027,0.0811476131723819
2.061,0.872539590717063,1.24305213863964,0.0891914414036281
2.0615,0.186612767868089,1.29884569471402,0.0658475885979038
2.062,0.357070476858193,1.22955426896595,0.0208463101744728
2.0625,-0.124510684390928,1.22403213013882,-0.00949484472773797
2.063,-0.428816560867541,1.17417089689764,-0.0309229985808577
2.0635,-0.636154310462136,1.17006607812957,-0.0581941653715984
2.064,-1.51357004915417,1.09180781122664,-0.0665357683223612
2.0645,-1.05581193773365,1.05052350461648,-0.033285620885634
2.065,-0.641929874384035,1.08593250825397,-0.0450586990042288
2.0655,-0.64291834766493,1.09214452772619,-0.038604206540318
2.066,-0.549760395190707,1.09351773605862,-0.0233073603125564
2.0665,-0.194666782820564,1.1882482903504,-0.0517510384133317
2.067,-0.0528578108642509,1.2076723147884,0.012573764749814
2.0675,0.338779746867484,1.22696862021894,0.0191225949521149
2.068,0.59120640357487,1.16391205761073,0.0604372354471082
2.0685,0.810689376466636,1.17307837186696,0.0673624277978251
2.069,1.00406088391157,1.26753948316869,0.0610805391106201
2.0695,0.731308432349617,1.20794553560297,0.0681579279727451
2.07,0.492737858054249,1.19646856227855,0.0256402657573845
2.0705,0.00799569666807584,1.13916353089909,-0.0194746237593615
2.071,0.135375092858803,1.06394546705037,-0.0314371347283718
2.0715,-0.361105275590613,1.08110057049952,-0.0175173408593192
2.072,-0.530075023277419,1.04765682588416,-0.0612991458620405
2.0725,-0.773982643491487,1.11765445417921,-0.0551744434454616
2.073,-0.667657800296919,0.994863710315212,-0.0516987275984183
2.0735,-0.410110581904669,1.02158187314932,-0.0313861969423524
2.074,-0.704148865246988,1.01789092897597,-0.0282381224191779
2.0745,-0.184940223083617,1.12794294515392,-0.0380903332851825
2.075,0.169824973103674,1.11540337919038,-0.0373149352234462
2.0755,0.318276457096693,1.08350166821329,-0.0125605450350592
2.076,1.07380861660658,1.1514275868906,0.0644178137624793
2.0765,0.542761083356477,1.11725415613842,0.0472656205971773
2.077,0.746836684823869,1.15038416553526,0.0615777684161484
2.0775,0.84683055406149,1.24400449157132,0.0587903992682509
2.078,0.67672835668165,1.14531033802695,0.0434518867277117
2.0785,0.363251106322114,1.07657625884533,0.0221605728527428
2.079,-0.0109520040737213,1.08434658685307,-0.0211961931735175
2.0795,-0.0100454850630874,1.02414853542853,-0.0197868867882793
2.08,-0.52598777964931,0.983625780469286,-0.0316565030989964
2.0805,-0.935429401223073,0.963036312853989,-0.0459468222657311
2.081,-0.425269130685656,0.980624914319424,-0.0623222221433743
2.0815,-0.625289647584311,0.997724280670316,-0.0418871631427941
2.082,-0.361142905315862,0.980775211707201,-0.0500266501777023
2.0825,-0.517127129676318,0.962207611297059,-0.0417005182951439
2.083,0.263028418476708,1.00290857142284,-0.0471624362779365
2.0835,0.338722148285185,1.10657299713385,0.00242661153371065
2.084,-0.0338832942936511,1.06004977038879,0.0484611183134612
2.0845,0.352328221087573,1.08710309238854,0.0636767932954045
2.085,0.971094758382714,1.15088872173736,0.0978975922203167
2.0855,0.836742437154272,1.07524889624797,0.076641912182915
2.086,0.748848172708508,1.12702911527228,0.0764371580431373
2.0865,0.862330044359504,1.07347565053731,0.00442352419012372
2.087,0.744728151151783,1.03797275984959,0.00611254900541314
2.0875,0.0978088341023288,1.05774040349212,-0.019876287835633
2.088,-0.287236305872923,1.00223718529706,-0.0157674163530456
2.0885,-0.0304894983876082,0.981371758341346,-0.0457801275971275
2.089,-0.786647113837273,0.962813993298775,-0.0534340401727656
2.0895,-0.977215465246073,0.95074846674731,-0.0528154980058026
2.09,-0.972506684637215,0.921446762230635,-0.0750784264692329
2.0905,-0.85116987704231,0.925999121131129,-0.0613422484716261
2.091,-0.396694419462188,0.998888092697362,-0.057243331266053
2.0915,-0.32371288998861,0.994811675236097,-0.0177049663384378
2.092,-0.249354082174414,1.09086067484043,0.00499369403319711
2.0925,0.187434977344983,1.05848823329975,0.0359055996327555
2.093,0.83958589128603,1.09910289038992,0.0658166837108117
2.0935,1.12257346911074,1.15492175496004,0.076417587893345
2.094,1.15025462259761,1.09720684402382,0.0755529542590649
2.0945,1.30836782742614,1.09836780678326,0.0332082825986577
2.095,0.237216983150457,1.06161230612856,0.00846341990818655
2.0955,0.55611857875519,1.08652644395607,0.00466305953305388
2.096,-0.0879078427436137,1.0187945351945,-0.0128335933900159
2.0965,-0.533261561290474,1.01810846780195,-0.035869594086335
2.097,-0.77233112619935,0.949997839530061,-0.0365204387712559
2.0975,-0.599178637958014,0.898723467374048,-0.0337357210971292
2.098,-0.699572366009974,0.943335882337619,-0.0929117019188748
2.0985,-1.23291988439155,0.988798726750923,-0.0665806045680443
2.099,-0.334872063869476,0.994124824421128,-0.0464290754860738
2.0995,-0.111479460703876,0.991288946695943,-0.0254166173592081
2.1,-0.0590830662194575,1.02872049552171,0.0056243043809817
2.1005,0.0723598536302651,1.03177045685726,0.0462844040176758
2.101,0.398235517937328,1.10767461276749,0.052462884267116
2.1015,0.471524502002788,1.08152096968402,0.0638859691474954
2.102,0.848250225735278,1.12506465480243,0.0633343987737578
2.1025,0.722982280099383,1.07923437059628,0.0360393992294329
2.103,0.586353350324515,1.10340543526663,0.0421705270752499
2.1035,0.470638453905599,1.12711938437835,0.00603044822210939
2.104,0.0336937582479945,1.05702475860919,0.00318950951105992
2.1045,-0.638607564348639,1.03801037802858,0.0121433543616483
2.105,-0.656113510235391,0.992841223652999,0.00532991578213608
2.1055,-0.858182941902075,0.945143466637123,-0.0390158908218152
2.106,-1.27500043174571,1.01312654903969,-0.0414881642728982
2.1065,-0.624475711969234,1.02187258075526,-0.0879329698477034
2.107,-1.26862582544934,1.00132758710934,-0.0762765786740381
2.1075,-0.400461529681601,1.02580493655311,-0.0509546638029575
2.108,-0.287748789396048,1.0541300669125,-0.018478067917742
2.1085,0.0167921673179124,1.03550109523782,0.00830056086522414
2.109,0.576412603462064,1.11287076991601,0.0280244528466594
2.1095,0.58694692118233,1.15699572220837,0.0561306584320685
2.11,0.761288731328975,1.11590625690367,0.0794871147089195
2.1105,0.640351607772542,1.1929165363502,0.0617014443043109
2.111,1.05940405993092,1.12982070426981,0.0376204859378292
2.1115,0.836370682050882,1.13871617881539,0.0410591808211219
2.112,0.488009556644507,1.09401289802543,0.0196086647132151
2.1125,0.132813573019238,1.0843545851805,0.0180528438693029
2.113,-0.134680261769915,1.09734417725062,-0.00368199119862761
2.1135,-0.41449073671819,1.01976203933025,-0.0232077926042404
2.114,-0.678622595903555,1.04589441455411,-0.0663197333150084
2.1145,-0.699140077490505,1.02353485810912,-0.0643314530828543
2.115,-0.993843817004416,1.04363354551328,-0.101500497091071
2.1155,-0.654102825765282,1.04306432101627,-0.0767160190765853
2.116,-0.275890095171888,1.11927513807794,-0.019795455683511
2.1165,-0.28892408504718,1.16107019807393,0.00641983165971193
2.117,0.213564422517913,1.15131426704422,0.0341032789544565
2.1175,0.45734754071656,1.12285556089738,0.0271726047237479
2.118,1.03452710911464,1.20737968101896,0.0376768668155294
2.1185,0.960471939441395,1.26206399268244,0.0615947537082285
2.119,1.1158205708093,1.22984799880636,0.0370600782406689
2.1195,0.879458482585363,1.20752081052392,0.00212083966650975
2.12,0.756092817255378,1.19922526411952,0.0343720534780422
2.1205,0.189487798683494,1.08950925254672,0.044339042802123
2.121,-0.0785959619901864,1.14741431943235,0.0321887698777991
2.1215,-0.569728378021342,1.11601682601924,-0.0143605667711312
2.122,-0.563043310220064,1.09962179252618,-0.0472344086106108
2.1225,-0.0458590750301093,1.09946129057431,-0.0817919183844973
2.123,-0.830103597846642,1.06052531231372,-0.0693083058504867
2.1235,-0.785966685736041,1.0664893285353,-0.0851693853298878
2.124,-0.371333150608008,1.15397396224737,-0.0614048592541309
2.1245,-0.705923702869425,1.14521039445107,-0.015728829828365
2.125,0.282057088619525,1.18537914368514,0.0339527189655651
2.1255,0.103015851799074,1.25523044547186,0.023039593498413
2.126,0.727363875926492,1.25424242851407,0.0450247774294643
2.1265,0.842904386625524,1.30696712983161,0.0279601783189753
2.127,0.836548414501022,1.30497376107298,0.0664993114093922
2.1275,0.633683730156087,1.28944266172324,0.0504953184997263
2.128,0.762879944054435,1.28524541949359,0.0281529934471071
2.1285,0.692819256739615,1.24035972543802,0.0593495726704166
2.129,0.27774471918097,1.2645822484698,0.00744042371483652
2.1295,0.136581053216939,1.2509666887831,-0.0245562593208989
2.13,-0.849171489146981,1.21859604914517,-0.0263297186860205
2.1305,-0.716194101902872,1.19279968987542,-0.0725814341604807
2.131,-1.17626100587995,1.15387854971324,-0.0942681651371819
2.1315,-0.809867005638994,1.12953935399203,-0.0567662562231378
2.132,-0.585223352769257,1.17911088277946,-0.069211613848559
2.1325,-0.6935015883665,1.25654344714821,0.0159836929670577
2.133,0.108524491940806,1.26913314051713,0.00331123651620944
2.1335,-0.0117987099293025,1.27162803760927,0.0131662963587418
2.134,0.566745320906123,1.28814259793308,0.059758664093674
2.1345,0.57013116912885,1.3129044072792,0.0437419594250636
2.135,0.621290923330235,1.33566901867693,0.0264160278205233
2.1355,0.666478635396653,1.36286962231388,0.0604030297967791
2.136,0.408427752433833,1.35521280076626,0.0489136743629204
2.1365,0.96352780369905,1.32878971950247,0.0658587537133841
2.137,-0.298165489943134,1.29842120127647,0.0578391641238222
2.1375,-0.322511601783947,1.30371801191764,0.0139868579386212
2.138,-0.809677509311434,1.28633636006091,-0.0224653503430088
2.1385,-0.918667877983938,1.25284813140905,-0.0441542799136411
2.139,-1.46833704115582,1.18876073790527,-0.0763293371061487
2.1395,-0.69903308624237,1.19062870165277,-0.0596185860529392
2.14,-0.799343491948009,1.25949813719287,-0.0727535500184296
2.1405,-0.91340656076061,1.2538655816703,-0.0352579211771254
2.141,-0.735126012902001,1.25749131796312,0.00204289316736277
2.1415,-0.43611119864154,1.39467441075554,0.01831440920895
2.142,0.141900597373659,1.38858847868766,0.00238022848446511
2.1425,-0.00569060449697018,1.40455278274254,0.0161093100958818
2.143,0.819544655463294,1.40857744720864,0.0347474282394831
2.1435,0.812554944810612,1.41859253181216,0.0498312329455869
2.144,0.749299738280679,1.48848872846641,0.0725947657135047
2.1445,0.880541858455025,1.38919851637272,0.076502399786007
2.145,0.585831700653477,1.42399345030201,0.0340264487166305
2.1455,0.125084088156547,1.38998416390993,0.0218720730013592
2.146,-0.0987521649696817,1.3648716916602,-0.00803044804841914
2.1465,-0.442430816676534,1.3176672415033,-0.0502361188604448
2.147,-0.810696509312429,1.35335178264001,-0.0814744224285667
2.1475,-0.529472203960787,1.31957247963078,-0.0789173281155593
2.148,-0.546514362928494,1.23911869183132,-0.07828276462651
2.1485,-0.749724656663208,1.30362624549377,-0.061466292075701
2.149,-0.837479726846715,1.33083661308767,-0.0311040113713402
2.1495,-0.605517245428722,1.33507152125605,0.00601503931608494
2.15,0.0627510542847162,1.37685182382915,-0.00510414168421254
2.1505,0.246009794208963,1.44111040379156,0.0280617691313218
2.151,0.377088727788802,1.43525887543181,0.0230549231694291
2.1515,0.800018528592275,1.49828571887413,0.044622684738887
2.152,0.549707955419428,1.42860563520133,0.0735325036340053
2.1525,0.891025680131201,1.4390714804129,0.0545178473741718
2.153,0.254791466238361,1.43133490840172,0.083010304751202
2.1535,-0.205348034237978,1.43101100334651,0.0429709722142846
2.154,0.0541208676913231,1.40126421056026,0.00109145355642318
2.1545,-0.456073573904499,1.38756957973791,-0.0284526357807497
2.155,-0.114870872655008,1.35072590602663,-0.0475620427604622
2.1555,-0.371560982600525,1.32202273944827,-0.0635317249151131
2.156,-0.984395738922431,1.32239662106017,-0.0661924660331128
2.1565,-1.07290504147726,1.3416171427606,-0.0271061362840055
2.157,-0.768452123759912,1.33670404837851,-0.0470506003175471
2.1575,-0.576236013590811,1.28363630676805,-0.0196644682401828
2.158,0.135996070305449,1.33310725786009,-0.0357716082697041
2.1585,0.0189101247554345,1.33104991912152,-0.00315581647403634
2.159,0.708685721870899,1.4733884321407,0.0105061708627349
2.1595,0.960642225800847,1.42914648964713,0.0301924015200779
2.16,1.4337386590675,1.45038715927278,0.0691199414197041
2.1605,0.748495618958642,1.40248463378666,0.0594160973452075
2.161,0.645651110196384,1.42408019631526,0.0497687064997654
2.1615,0.997188752451424,1.45695137491618,0.0755174454025761
2.162,0.12631915572508,1.36967678069425,0.0715377917912333
2.1625,-0.453875742480254,1.42365484544308,-0.021397732980981
2.163,-0.289120527014861,1.29570354100294,-0.03716613291345
2.1635,-0.452788400703174,1.27620141752633,-0.0468411354995941
2.164,-0.854411182582429,1.30702578344852,-0.0426613042461135
2.1645,-0.929851289568221,1.2392531971966,-0.0574734737051858
2.165,-1.1431298231434,1.21262751540027,-0.0447417613365132
2.1655,-0.219264011826219,1.31423935000882,-0.0274773033680736
2.166,-0.355968255737901,1.28429588133674,-0.0400306873640852
2.1665,-0.242609313977843,1.33147923309867,-0.0102357579859164
2.167,0.310124870236068,1.35968392973775,0.0129785075178849
2.1675,0.704076938357426,1.43616861205626,0.0442857782830745
2.168,0.449534123298529,1.42164474480075,0.0342474964799248
2.1685,0.884052782176319,1.42722144081579,0.0940931035842008
2.169,0.706999705965637,1.42835423838429,0.0682656425852115
2.1695,1.12391364234196,1.34748717563042,0.0504093099522935
2.17,0.534776270065522,1.36733145571075,0.0431206157686075
2.1705,-0.0717562566114923,1.35760759692639,-0.00535425690609787
2.171,-0.133287158142075,1.31137771586926,-0.0385854798510963
2.1715,-0.293267151975134,1.27004898474945,-0.0376483424980991
2.172,-0.123342160897164,1.26827673477273,-0.0573194317874068
2.1725,-0.790406929801315,1.17136507505727,-0.0428195585240489
2.173,-0.696783375074166,1.17710484825725,-0.0377991853301795
2.1735,-0.460949464506001,1.23709277185391,-0.0431861838439579
2.174,-0.448540072501333,1.20491151586875,-0.0400898857738499
2.1745,-0.526994567703261,1.26149157131906,-0.0327574223439744
2.175,-0.0402661385701956,1.29077656575179,-0.025331954326776
2.1755,0.14498957846176,1.32124191202937,0.029003324259528
2.176,0.752018152200361,1.36151776874233,0.0316884404145461
2.1765,1.14541152451988,1.36904127430756,0.0874614616568285
2.177,0.833016384110976,1.39457990487637,0.0750678718026076
2.1775,1.06258993451512,1.35797313335432,0.0623402290666362
2.178,0.472938153358403,1.3769625963587,0.0537719414646076
2.1785,0.444362912020286,1.34176056568106,-0.0329213480484925
2.179,0.0611087088048647,1.29110685395383,-0.0243412640018342
2.1795,0.198808333681415,1.30868426177004,-0.00532137931990323
2.18,-0.419824223310715,1.21627575715329,-0.0291599490260588
2.1805,-0.516573523811464,1.20931118851641,-0.0280066901997169
2.181,-0.90942019218683,1.18265123911449,-0.056495579106013
2.1815,-0.982329991584243,1.21442854742661,-0.0525789569876919
2.182,-0.609454206000592,1.14264147270245,-0.0576863651732252
2.1825,-0.697493391190271,1.17076194162674,-0.0630714329967018
2.183,-0.548933319556679,1.21109952454432,-0.0353093189742966
2.1835,0.0295312932052868,1.24200188632002,-0.0113580301618786
2.184,0.803553198900869,1.26445579917477,0.00928749677280907
2.1845,0.547576790954611,1.27389997929712,0.0359702517219334
2.185,0.852012247769384,1.27303586697088,0.0613559544560977
2.1855,0.687580494231351,1.25208570072398,0.0545723730120736
2.186,0.245210097000065,1.23728078327482,0.043630015914413
2.1865,0.573326508465158,1.28721418060474,0.00668286978771043
2.187,0.731617772959224,1.17118369818714,-0.000995936497343701
2.1875,-0.0828820759173289,1.20920980343074,-0.0204689372154274
2.188,-0.595631087301149,1.16806870268724,-0.0287381072766521
2.1885,-0.820486677878326,1.15006341112348,-0.020381444729557
2.189,-0.665965578342059,1.08186840733322,-0.0367660457643251
2.1895,-0.939924187021089,1.10929469253836,-0.0497434191629677
2.19,-0.549506526588662,1.1015718436949,-0.0861135114248642
2.1905,-0.713243904286626,1.13601821275232,-0.0610856503487503
2.191,-0.924152549949005,1.11180774597761,-0.0158455895865458
2.1915,-0.21463469932283,1.2098448713422,-0.0137390037403665
2.192,0.385826272269524,1.21163279717608,0.0254578369568645
2.1925,0.747780692470518,1.20786548880735,0.0290576382815406
2.193,1.02664253458985,1.21926576914007,0.0752894750532551
2.1935,1.07070595302105,1.19671526824095,0.0620134287165378
2.194,1.08873013277434,1.23905290321533,0.0660460131575629
2.1945,1.17854677300429,1.22188476492325,0.0144748692541014
2.195,0.874340180961778,1.20631485757311,0.0333708650827736
2.1955,0.251487843112751,1.14891051895721,-0.0177239004796296
2.196,-0.223631448042225,1.14261404429108,-0.0161263698586161
2.1965,-0.471934139148067,1.0645296815743,0.00647567251941394
2.197,-0.46718089876842,1.00877515158946,-0.0170384469474767
2.1975,-0.491283021023399,1.00662930980494,-0.0603790353520524
2.198,-0.894251227101396,1.07388085294551,-0.0358977935938502
2.1985,-0.37633253648427,1.05246282713338,-0.0825257024273796
2.199,-0.751954159616353,1.00943132115244,-0.0525179583230904
2.1995,-0.42319013913179,1.06104156904073,-0.0279425408761569
2.2,-0.0967377191472238,1.10433313854942,0.035614390608478
2.2005,0.141262376590339,1.11196910143409,0.0528724703147816
2.201,0.78779333632169,1.18899848389344,0.0603816196927536
2.2015,0.706936873219251,1.15441805479408,0.0639084589640384
2.202,1.29408122537736,1.15038925671424,0.0165699248980376
2.2025,0.790407490340131,1.13610917147675,0.0578570077998632
2.203,1.10806000680409,1.12199048393663,0.00279914366817208
2.2035,-0.206478804909575,1.10541874413783,0.0100005901103308
2.204,0.194763720259436,1.01595864884206,0.0214732720441774
2.2045,-0.136066948213458,1.07030596247912,0.00465395873148262
2.205,-0.00522028494438204,1.00925985325783,-0.0112258926972304
2.2055,-0.636898468482812,1.0402524054629,-0.0452206147478531
2.206,-0.3721535283923,1.01113846812611,-0.0701065984581628
2.2065,-0.343617000758229,0.939574114776533,-0.0762588796287499
2.207,-0.857039784537473,0.999805175494723,-0.0578717352130573
2.2075,-0.786253984896638,0.968858209875362,-0.0594313342141928
2.208,0.00786402895209737,0.99460271736887,-0.0126180165332754
2.2085,-0.0996238771399833,1.04259444997909,0.0154875347781152
2.209,0.36095379536061,1.03575100254304,0.0362420419463189
2.2095,0.49722501678973,1.06653467530041,0.0461805130925794
2.21,0.815066170651929,1.11766955729375,0.0572494210329112
2.2105,0.977834004091278,1.07619693103858,0.0525029428322943
2.211,0.92925737002417,1.05826204686347,0.0115677745070059
2.2115,0.602136275093775,1.12911385707584,0.0157717841784105
2.212,0.0687906258950419,1.09088903420769,0.0315132238856294
2.2125,-0.211731928033575,1.06283597837824,0.00380098344610444
2.213,-0.232335186327637,1.01384924284087,0.00515967905766333
2.2135,-1.11390357012128,0.969345295293289,-0.0145252112015065
2.214,-1.04402924813939,0.992334692048767,-0.0698387810913163
2.2145,-1.21901056550353,0.994355299953142,-0.0641035809540451
2.215,-0.870469144197788,0.93159037707684,-0.0789283707355255
2.2155,-0.51738422632949,1.02166869546566,-0.0550773754748735
2.216,0.191924856828317,0.933202465847503,-0.045222146833364
2.2165,-0.104885921291235,0.963281004521245,0.0113059106608973
2.217,-0.0608751235364259,1.02304589541853,0.0271937925028965
2.2175,0.373495544155119,1.05171097797731,0.0534719857280389
2.218,0.813818804540479,1.10298478980573,0.0389656623772866
2.2185,1.06883929976695,1.12008062074236,0.0228553012537446
2.219,0.698466571629848,1.07729168951717,0.0350781563680801
2.2195,0.697744009045054,1.11620774423814,0.0246068458090316
2.22,0.782922339393568,1.0883173044055,0.040408319179175
2.2205,0.26171705124587,0.996976842879999,0.0220453750700561
2.221,-0.0835926938867575,1.02868818168764,0.0256138858057997
2.2215,-0.4812617514895,1.01549378484775,-0.0115688080054047
2.222,-0.733395233933134,0.930207626652768,-0.0530835708567136
2.2225,-0.521914510895217,0.93050395559838,-0.068861789827264
2.223,-0.958024885816732,0.974210898005354,-0.0755288335247312
2.2235,-0.75974470203005,1.01859399643305,-0.0573789335764834
2.224,-0.824200219493049,0.961058541099482,-0.0408897926460516
2.2245,-0.153247714516078,0.988290009887462,-0.0532733454463277
2.225,0.0622940323256122,1.04469111230583,0.0317035453946345
2.2255,0.414463561775748,1.05198648790037,0.048171298746823
2.226,0.558617950861073,1.06077417117867,0.0447181909016892
2.2265,0.561617589875458,1.06840305464477,0.0311879469890623
2.227,0.802626922750662,1.06532358118828,0.0352676121221372
2.2275,0.46401312420635,1.16946269130415,0.0369781415373128
2.228,0.551252459157528,1.1131239735344,0.0529331607855097
2.2285,0.974317177281331,1.08918016313672,0.0383536642015812
2.229,0.521479088435236,1.06351596080865,0.0145948286885628
2.2295,0.011808887597698,1.00188027754045,-0.00364119110802296
2.23,-0.37524119788285,1.01703648869417,-0.0465344546550123
2.2305,-0.489572053180947,1.01870455971629,-0.0688013922473892
2.231,-0.712451646825016,0.925625713599216,-0.101908715094267
2.2315,-0.576747588115397,0.988016209836102,-0.0708165777382171
2.232,-0.394404715810999,0.995882598575295,-0.0612989520571873
2.2325,-0.739647747595793,1.02332016045541,0.00671812426231053
2.233,-0.252631229421852,1.04401790710119,0.0229567767991659
2.2335,0.0964503652270069,1.08916842942076,0.0301054929930761
2.234,0.257975526998551,1.07574477979366,0.0166809906735064
2.2345,0.385910463158907,1.15014802209371,0.0273569707512226
2.235,1.10101242006589,1.15870155241879,0.0292246734191081
2.2355,0.988461374095876,1.14925359960907,0.0609228443040635
2.236,0.516968043591735,1.17057250730886,0.0758637220926493
2.2365,0.300106146599622,1.12585140307999,0.0652668035357726
2.237,0.409655992705953,1.10580474576898,0.055106244329878
2.2375,-0.172209584750515,1.10779665718026,0.0407167080524505
2.238,-0.602324995555328,1.05539868273487,-0.0183369792754338
2.2385,-0.624745987390695,1.00037345394409,-0.0707212850589414
2.239,-0.955063990802837,0.984965317294402,-0.0794751729647483
2.2395,-0.607954406499082,1.00590096086722,-0.0716232159790985
2.24,-0.204970085627718,1.0932360948705,-0.0856494218580673
2.2405,-1.05836357616218,1.12455125647687,-0.03471660561532
2.241,-0.186408680881205,1.08077328808026,-0.000172169649274027
2.2415,0.0026587114998485,1.0687292173359,0.0064238344747348
2.242,-0.00639937385734923,1.149598599146,0.0113942523294799
2.2425,0.723055596855057,1.20145951618829,0.0165989622077904
2.243,0.471077947839785,1.28271044025507,0.0482114399414545
2.2435,0.3357291618593,1.27258555745565,0.0526244843138003
2.244,0.52532193256966,1.21309198020465,0.0562799943472285
2.2445,0.837348638990673,1.18247899572923,0.0523592961890363
2.245,0.584796537744604,1.1874651365987,0.0944863713639857
2.2455,0.454653190321541,1.14554987006683,0.0153024174536797
2.246,0.0199058676695523,1.19390460075852,0.00085427854011674
2.2465,-0.0799346104465413,1.11724716394208,-0.0393416112923137
2.247,-1.13288997445876,1.10596588853922,-0.0704780289973907
2.2475,-0.855690563945585,1.07511502361508,-0.0638011638292983
2.248,-0.908722708145639,1.12188093872647,-0.0829166449887729
2.2485,-0.755882367032205,1.08636613118799,-0.0419842175495811
2.249,-0.294020851112814,1.1579815496712,-0.0270974543032408
2.2495,-0.470640127231541,1.13609771371705,-0.00321590026023543
2.25,0.0631133876766188,1.20835985267389,0.0173315816201419
2.2505,-0.17623824834007,1.21945072907417,0.023149732748332
2.251,0.331585042154045,1.285978411088,0.0119219272621192
2.2515,0.975669429715526,1.26404397175475,0.0559345598246556
2.252,0.380911504440864,1.27620897971167,0.0382197297459585
2.2525,1.13191269819754,1.26854636818961,0.0651846883532477
2.253,0.509335963077094,1.28480239386641,0.0708941323774807
2.2535,0.525998439544977,1.25506727821444,0.0184446490140662
2.254,-0.191569522969883,1.22933546557441,-0.0219504933655151
2.2545,-0.0146457426678104,1.24847897335351,-0.0573543662481424
2.255,-0.480886802184422,1.23654395197596,-0.0760553818240365
2.2555,-0.376630319832081,1.17105183100848,-0.0720613853600151
2.256,-0.939457874100003,1.23226691334874,-0.0331902237885341
2.2565,-0.986470053215756,1.20461306400503,-0.0425743352365216
2.257,-0.878802854509659,1.24638723225012,-0.0428745918462477
2.2575,0.0135629903164692,1.18903874779535,-0.0120616218017716
2.258,-0.285526817093437,1.2354234836578,-0.0104605996920778
2.2585,-0.299914530863136,1.31269586440624,0.010590926049343
2.259,0.630440586307275,1.33725396851939,-0.00345215781577282
2.2595,0.635167192642739,1.38480863856861,0.0157740279658974
2.26,0.687193070773857,1.37304384866973,0.0684063679336485
2.2605,0.943555559875394,1.38139230005873,0.0341015163269523
2.261,0.960044529472922,1.35734128364584,0.0763853587057065
2.2615,0.399073870713126,1.33664992845848,0.0341752196721013
2.262,0.327942125264632,1.35090349352525,-0.00162849467290125
2.2625,-0.077663727973223,1.31142048697776,0.00375738331613522
2.263,-0.444637681972736,1.2788913201847,-0.0278417036471581
2.2635,-0.439096604987185,1.27326314146594,-0.0707420580994618
2.264,-0.55705825388844,1.22152363979204,-0.0775200219421818
2.2645,-1.15574619705041,1.20981452684402,-0.069736080354286
2.265,-0.49727216263186,1.26698454930875,-0.0288446402694766
2.2655,-0.590399775173445,1.2733853055867,-0.0598305869486974
2.266,-0.451345296970893,1.23835215483304,-0.0501996128092718
2.2665,-0.499172817131152,1.30035629215759,-0.0165003273450426
2.267,0.138157228304167,1.29562808382392,-0.00676344824885632
2.2675,0.461046477662488,1.40625937445055,0.0311915663367685
2.268,0.713082589755521,1.42307322134705,0.0390807854212514
2.2685,0.690142023684445,1.42745413600138,0.0749913044247271
2.269,1.03065120111739,1.44005826697733,0.0775124347652977
2.2695,1.0787793100843,1.39702940746884,0.0909072870714424
2.27,0.788925397862413,1.38474129512998,0.0285884170592004
2.2705,0.144575025644751,1.37572675397444,-0.0120787698619215
2.271,-0.0179909726253105,1.37874352909231,-0.0251897549104283
2.2715,-0.289901546340821,1.33674766496235,-0.0441385025081322
2.272,-0.781633302659331,1.29760754101924,-0.0645044885320961
2.2725,-0.775644659368836,1.32043767481344,-0.0457988514242329
2.273,-0.958225830453843,1.283512933415,-0.0398063007155584
2.2735,-0.717763330047241,1.27636184847908,-0.019584099381601
2.274,-0.153421696652159,1.34063863956258,-0.0600558191351747
2.2745,-0.34566574728524,1.34974543902797,-0.0547990203072056
2.275,-0.182690346694219,1.33819929877038,-0.0505819949641239
2.2755,0.643162180896427,1.36919381864104,0.0218154819431271
2.276,0.773809004956731,1.406582435813,0.050918095248274
2.2765,0.602830510413305,1.47439811228189,0.0468309572495682
2.277,0.625412413799028,1.47381963705713,0.0649918010536231
2.2775,1.1241454968219,1.45456278482278,0.0623560480085412
2.278,0.632712525747116,1.43388211442285,0.0359251024371668
2.2785,0.436937338875621,1.42260788906943,0.0214617852375812
2.279,0.188927506773046,1.42938985079784,-0.0108426748687612
2.2795,-0.358840860299713,1.38200095244163,-0.0277876312283589
2.28,-0.204127078703904,1.31652978717084,-0.0205319178122588
2.2805,-0.0958490065232036,1.30680211867685,-0.0542231742670091
2.281,-1.4177342679122,1.31745556350638,-0.0311618008620928
2.2815,-0.746147512385017,1.29004806064467,-0.0163206577487012
2.282,-0.447433820759226,1.3460851330769,-0.0442630658493175
2.2825,-0.674890293006846,1.34317385345864,-0.0356663555935294
2.283,-0.178895463429913,1.40244780900821,-0.0188682134490578
2.2835,0.144095438808129,1.38171742290979,0.0141467898967822
2.284,0.2399348258231,1.40471755160562,0.0115531676017154
2.2845,0.800091979107395,1.49921024158409,0.0581211310379804
2.285,1.07311185907213,1.40564895178242,0.0645870069775156
2.2855,0.863063146388564,1.43324108996082,0.0647165630336828
2.286,0.824159438582168,1.47234980887065,0.0272709365923396
2.2865,0.416878792907784,1.46749518447202,0.034355684484023
2.287,0.57722471785835,1.36682464234245,0.00449709640529533
2.2875,-0.0225676456459648,1.39571445919817,0.0337991903118367
2.288,-0.187333946284374,1.3644355952362,-0.0129565526717477
2.2885,-0.259426328293492,1.35330849308999,-0.0269029845776063
2.289,-0.805285935841364,1.31731427858089,-0.0679148501538092
2.2895,-0.854673236899975,1.29561607084583,-0.0368791428238608
2.29,-0.745414853954652,1.26255810531567,-0.078914076972864
2.2905,-0.677970968731119,1.33835896929531,-0.0582904607276741
2.291,-0.706150574360939,1.34242955187178,-0.0386202831272398
2.2915,0.0194375771336146,1.3188087083091,0.00505658781208533
2.292,-0.159687031986271,1.39356250397048,0.0188766375283404
2.2925,0.398155112531578,1.37683018623361,0.0266047324882212
2.293,0.329048817480027,1.37735650708466,0.06131359877578
2.2935,1.11766629353274,1.41242627070331,0.0926545005803488
2.294,0.813513210151043,1.42437216442151,0.0604447249036843
2.2945,0.800527415158844,1.44457914167302,0.0407230486987603
2.295,0.408144297176829,1.37910865116865,0.0247062610204412
2.2955,0.597160727352634,1.35932201958988,-0.0140287586238552
2.296,-0.201999746414746,1.33318792486429,-0.0163136111859418
2.2965,-0.100244730561803,1.25607376058515,-0.0238596965179378
2.297,-0.332447046857314,1.25597533872251,-0.0053224551732955
2.2975,-0.89743935299036,1.23715065419606,-0.0438427921440793
2.298,-0.696392949307957,1.21838083231531,-0.0747602081084177
2.2985,-0.69689939663635,1.20829368710203,-0.0730779362413877
2.299,-0.0223403466768425,1.22500561204863,-0.0473340194097576
2.2995,-0.544858007870804,1.26984465575934,-0.0310913282716581
2.3,-0.396137151343381,1.28625665495598,0.0171869145436691
2.3005,0.373912105699885,1.37535689599364,0.030551932176867
2.301,0.30830006306643,1.33164614890645,0.0254915108367029
2.3015,0.580497577185847,1.36770005622553,0.0554658403058505
2.302,0.885466582373086,1.3592897195174,0.0611038199253108
2.3025,0.44018790741218,1.41041522683243,0.0343997163883623
2.303,0.887351775565182,1.3876829776424,0.0427114980743857
2.3035,0.492572272668861,1.30040298933382,-0.00859832779496662
2.304,0.456324051403739,1.30624956395379,0.0110453919312921
2.3045,-0.277783023739759,1.2312172639764,-0.00450699981525906
2.305,-0.243940812314772,1.24673345354896,-0.0553454876217034
2.3055,-0.957900712264333,1.25938973522575,-0.00768608331952228
2.306,-0.728636900737498,1.16858846777319,-0.0746485392697512
2.3065,-0.507851814783233,1.15142229998533,-0.0682426043544822
2.307,-0.839869786880432,1.14534182283915,-0.0588841287438029
2.3075,-0.449942211269274,1.23198175594857,-0.0572881008438875
2.308,0.209094149617663,1.23756376866882,0.00103609467020516
2.3085,-0.0955632545489748,1.27128335201407,0.032945415427953
2.309,0.108878640078865,1.26304743703975,0.0349838782361637
2.3095,0.851421448929087,1.261621643352,0.0722512207371598
2.31,0.756824661138158,1.28097850375407,0.0534073847766062
2.3105,0.52505432224113,1.27933926225347,0.018224247424514
2.311,0.501941458221781,1.25937441720201,0.0432533014432147
2.3115,0.635249238781499,1.264209611966,0.0548523979492541
2.312,0.356230595684313,1.22549743888396,0.0295100583327886
2.3125,-0.0878945842774112,1.23304693075693,0.00794038369260754
2.313,-0.237641405078751,1.15120754868945,-0.0191534346770308
2.3135,-0.40718999699616,1.16026711062365,-0.0259495847695923
2.314,-0.907349835643761,1.08381602575514,-0.0652121542362189
2.3145,-0.879044466469965,1.15975455881173,-0.0886922967873075
2.315,-0.942777126777903,1.10639936183738,-0.0860958364410728
2.3155,-0.281749826967952,1.1105327642272,-0.0857652640385539
2.316,-0.705203497727314,1.11781589119648,-0.0318243040757803
2.3165,0.303243023434626,1.13792005393558,0.0105168819349629
2.317,0.056505803679082,1.16495441354023,0.0377181301559634
2.3175,0.469628737044451,1.19165146017522,0.0533305066434521
2.318,0.914597385330312,1.25714980430393,0.0354620963257357
2.3185,0.969847333671892,1.24117352387297,0.0267992394899807
2.319,0.6999157977538,1.22106137080868,0.0198914045329317
2.3195,0.897002549461799,1.17530961648949,0.0316541432892147
2.32,0.174794531029265,1.12984265709874,0.0242576700180162
2.3205,0.544073109904421,1.20393446491978,0.0310157510170526
2.321,0.189986668291164,1.11102860605073,0.0484239546803084
2.3215,-0.380160644137862,1.07859003767332,-0.0293954217390217
2.322,-0.514347566880977,1.02167898505947,-0.042104428634154
2.3225,-0.51449020032839,1.05557844287903,-0.0943228838840971
2.323,-0.87866468753394,1.00232157718345,-0.086836727572649
2.3235,-0.585850640761626,1.05961548148925,-0.0604891776929874
2.324,-0.374487147108487,0.976082698272497,-0.0727274863845403
2.3245,-0.200734026079326,1.08106829192476,0.00724421568211748
2.325,-0.355133058330104,1.09970229942862,0.0373857806799439
2.3255,0.209702378904716,1.13504675546092,0.043321630589421
2.326,0.0518438006519605,1.13187374728279,0.0293009454096232
2.3265,0.625691660365829,1.08350942351542,0.0600459985139165
2.327,0.598151601017415,1.13107474464318,0.0418517084582631
2.3275,0.734029145893344,1.23431749800469,0.0338110017853357
2.328,0.708381512843412,1.16451841143512,0.0263294080664156
2.3285,0.591350842633846,1.08490163566082,0.0383626679950161
2.329,0.0640527207169888,1.09179392579109,0.0313320366859961
2.3295,-0.188043627312444,1.05829669566598,0.013900490186041
2.33,-0.214763434638626,0.940265140066111,-0.0447146841080156
2.3305,-0.348086727998019,0.981335197686035,-0.0584509307100833
2.331,-0.727575231142305,0.916260501465707,-0.0947947942761682
2.3315,-0.566522224346642,1.00933672375473,-0.0908452264320974
2.332,-0.854387411909166,1.01142009210101,-0.0333461591241662
2.3325,-0.0712694630173661,1.0455676978538,-0.0428438537158052
2.333,-0.363530117693047,1.08707079831305,0.0184324253953468
2.3335,-0.0921963699254423,1.05579438453231,0.0399570308277051
2.334,0.517640098792042,1.0638958327067,0.0219302388997153
2.3345,0.596301360225117,1.10963109777445,0.0232267573048679
2.335,0.35942922204217,1.11981518864031,0.0172224612522881
2.3355,1.06261957329544,1.1101055189669,0.0360440794244908
2.336,0.89285106002708,1.10044595184655,0.0657918644527308
2.3365,0.955808320850669,1.05596534905982,0.0675842313246455
2.337,0.366149642354894,1.06108322035733,0.0399054132387216
2.3375,0.176245690574088,0.98830228165612,-0.0072326935962863
2.338,-0.580199818314809,1.00593877299956,-0.0284816014640758
2.3385,-0.0786552188584328,0.990029586153603,-0.0624481686841985
2.339,-0.125430459384047,0.97282553120607,-0.0845975722982698
2.3395,-0.887472827090573,0.971226510560582,-0.0822100509933703
2.34,-0.928425361515931,0.962975334280763,-0.0296759102707951
2.3405,-0.361321749648594,0.987169020294908,-0.0295626539380195
2.341,-0.665991310686734,0.982788369511043,-0.0164184257268606
2.3415,-0.0610061668458235,0.999625378184499,0.0367896401982387
2.342,0.163510143348771,1.08246540095449,0.0182296876430652
2.3425,0.672698368490618,1.01203760437761,0.0526129088403617
2.343,0.17711885775702,1.05440641011594,0.0490167633849998
2.3435,0.809418980050334,1.07469528957818,0.00888078392610978
2.344,0.843902427630529,1.11619715691291,0.0332245150761124
2.3445,0.22620513906105,1.04657996561743,0.037720818756158
2.345,0.425923219324534,1.06605194798821,0.0398722031468864
2.3455,0.354267242185454,1.05564452540459,0.031697591467714
2.346,-0.418194677515424,1.00108973193506,-0.00336547265444048
2.3465,-0.456446542985513,1.00344644199765,-0.0265478205180795
2.347,-0.56074776990213,0.979854037752378,-0.0769683147002398
2.3475,-0.883397505864351,1.01870435611722,-0.0555049631441046
2.348,-0.396494632682828,0.901974769907528,-0.0575572851503445
2.3485,-0.523551914786732,0.936652477246786,-0.041570962943033
2.349,-0.686217271107426,1.00085623845569,-0.0173508655399161
2.3495,-0.208257213482052,0.993498398862478,0.00858291416317062
2.35,0.28220414921586,1.02114435484121,-0.0049268842216742
2.3505,0.353115829661543,1.03853582022734,-0.00417522459257785
2.351,0.68037928874979,1.12160105471224,0.0154154598984415
2.3515,0.875944598192223,1.12904688949733,0.0617180646911754
2.352,0.973471111031578,1.14130561114955,0.0705834589036731
2.3525,0.420749183411288,1.11920483615655,0.0551210754775104
2.353,0.439482112248873,1.04709380536641,0.0723196870396342
2.3535,0.292281229666042,1.1435544807895,0.0291858592174231
2.354,-0.300382624883812,1.02944633764926,0.0306764442931563
2.3545,-0.546825055570559,1.04251295908957,-0.0589892660207533
2.355,-0.374594998450686,1.0488000725134,-0.0795092521975302
2.3555,-0.576680955600843,0.987446893522638,-0.0525077227029953
2.356,-0.54401103202369,0.971018595141673,-0.0669694247751028
2.3565,-0.683625689241131,0.998541058201595,-0.038865206083538
2.357,-0.85775414469022,0.980641220179191,-0.0387185606606159
2.3575,-0.46753145679094,0.992613122114609,-0.0188138111695928
2.358,-0.375241383263193,0.977622840620461,-0.0461666000455292
2.3585,0.315608247952777,1.07100636152173,-0.0179943700404341
2.359,0.00203383569728938,1.11347307618416,0.00997768705419717
2.3595,0.822159065762668,1.1805360845247,0.00996535891010002
2.36,0.873989642525138,1.17369159393129,0.0538000402688367
2.3605,0.979615341440766,1.19118436263909,0.0697742468116152
2.361,0.568130907257344,1.14945576965552,0.0648524334730269
2.3615,0.588446527582244,1.18358537241779,0.0558938445277569
2.362,0.279633300679705,1.14773310658596,0.0221229944519422
2.3625,-0.377712323317194,1.08379848764945,-0.0262610721903482
2.363,-0.168594414488031,1.07128541925979,-0.0428656027398444
2.3635,-0.428137587532295,1.00324588056074,-0.0397860957064199
2.364,-0.897813696393287,1.00717937222327,-0.0406041072809524
2.3645,-0.475234552359466,1.04023992453472,-0.0635867956197531
2.365,-1.18943562930681,1.01284906934249,-0.016392707130179
2.3655,-0.708771880702129,1.04954898912335,-0.0241273329998039
2.366,-0.476549668204281,1.11968964172632,-0.00297753481912627
2.3665,-0.276971622595677,1.0945281663144,-0.025678252019008
2.367,0.0295104967389358,1.14604816607876,0.00326928155461551
2.3675,0.582742543723179,1.14847380539987,0.0542706377609372
2.368,0.445050319562491,1.22754643961023,0.0474202643072715
2.3685,0.788996953315755,1.23745230953097,0.0783327239728814
2.369,0.665361266961634,1.18004828559036,0.103975010913067
2.3695,0.631060333771725,1.19254901204558,0.077133897954187
2.37,0.944663935077678,1.18561172667391,0.0379389617871445
2.3705,0.0597929351579028,1.1000825387879,0.0312892515525954
2.371,0.122992929099981,1.11597856399239,-0.0163296144285741
2.3715,-0.368646397570081,1.10633753460787,-0.0751106938616035
2.372,-0.596776309406845,1.12784848103968,-0.0486614320601915
2.3725,-1.22184619812805,1.09450153843381,-0.0542446974800531
2.373,-0.527715858518573,1.06798731523902,-0.0555614907618263
2.3735,-0.671042950281705,1.10625850458898,-0.0501782314107819
2.374,-0.645314018009568,1.1584858805412,-0.0469033450692169
2.3745,-0.279269523971006,1.16207664597795,-0.0178362857156954
2.375,-0.0272518922528659,1.16044039093573,-0.043078188886646
2.3755,0.746531152535231,1.32418721157495,-0.00602032497910378
2.376,0.259722777296584,1.27121046856467,0.00782251307708657
2.3765,0.568545798332342,1.33145554392099,0.0919607238036923
2.377,0.84751538352503,1.37868697912978,0.0546882689759356
2.3775,1.20842987737882,1.33598007924142,0.0591910184586212
2.378,0.66771183707768,1.28529420985965,0.0738004145008231
2.3785,0.654972547322594,1.20855807926117,0.0178549807178305
2.379,0.286267134609458,1.19991176497236,0.0136136667512991
2.3795,-0.0149068421564984,1.2064397053077,-0.0292710837753692
2.38,-0.138079298121444,1.20221462292204,-0.0402156894238152
2.3805,-0.0877953246124564,1.23622594074954,-0.0440478155060773
2.381,-0.731511434667325,1.24683058472772,-0.065532242597345
2.3815,-0.840778267575217,1.20492427239722,-0.0462121715447164
2.382,-0.613452429455119,1.15689603173259,-0.0267087435565792
2.3825,-0.535357165900223,1.21334623253121,-0.0348004773439154
2.383,-0.772241042219773,1.31756973496374,-0.024255559828659
2.3835,0.0689701693122573,1.28530259830452,-0.0277818983920318
2.384,0.418422765601316,1.31529661566398,0.0475456653384335
2.3845,0.510431968350765,1.3148070426327,0.0803685393058069
2.385,0.688717771842229,1.37307202947218,0.0951934348119321
2.3855,1.08855080681587,1.35418472506381,0.0598138940136594
2.386,0.72720581956014,1.37997348375808,0.0674812023686581
2.3865,0.526992078209416,1.38721722060237,0.054612679812187
2.387,0.12202989459518,1.38453014677263,0.0294660019718509
2.3875,-0.139310958137263,1.30529888695311,-0.00973343233967391
2.388,-0.312491613327939,1.35380359786087,-0.0256298413440454
2.3885,-0.502110837644707,1.31245985133121,-0.045815386015262
2.389,-0.608681984978855,1.21869134240364,-0.0324805500318502
2.3895,-0.369590323215532,1.29005661989686,-0.0479002567948029
2.39,-0.402495996656564,1.26175389451543,-0.0499259294437576
2.3905,-0.900042930738201,1.23728197620851,-0.0657867454741143
2.391,0.0636054731850418,1.32923153319791,-0.0466019202751331
2.3915,-0.344058663812215,1.35120182537278,-0.00802480869854548
2.392,0.836596396317576,1.3733858197735,0.0264294735644391
2.3925,0.50777784870813,1.38887959271361,0.0753101342300205
2.393,0.54803694348922,1.37683357117918,0.0838128167036324
2.3935,0.259727405540451,1.49510080783733,0.0838180869517831
2.394,0.665424192555169,1.46434962590288,0.0602476844044946
2.3945,1.04290970477395,1.46809706869013,0.0253704502146353
2.395,0.354390456424021,1.41372756102646,0.018890492794504
2.3955,0.0808511473108526,1.36201772324688,-0.0262609267097096
2.396,-0.425782758443814,1.38233616410966,-0.0193789950012897
2.3965,-0.66829980073717,1.27886845248581,-0.000463668026665306
2.397,-0.744050188137496,1.31300371913841,-0.035352008124984
2.3975,-0.649685374438045,1.26510305153321,-0.0295549931357973
2.398,-1.29165974308193,1.28581638648816,-0.0488815715436092
2.3985,-0.536652616673094,1.31411719821342,-0.0624373199830953
2.399,-0.652411684218113,1.34139730827825,-0.0658578385231546
2.3995,-0.0850298672060842,1.32973176935818,-0.0253302667456498
2.4,-0.00108643290447221,1.36228916971114,0.00212705300432305
2.4005,0.175338414468004,1.32652945472897,0.0326838138427985
2.401,0.6574519397963,1.38431031398703,0.0796851582898619
2.4015,0.829041447155047,1.50937739790427,0.0881591459036303
2.402,1.28128312468829,1.46644192482482,0.0997373517879404
2.4025,0.413098941833095,1.46955725745438,0.0584324970657336
2.403,0.422613595255713,1.40115687076202,0.0301540110507073
2.4035,0.0680406769260145,1.40462167260271,-0.0232313342940637
2.404,-0.0452735465963741,1.32826415785945,-0.0095286842867379
2.4045,-0.31929604567554,1.31134558914698,-0.0145184090380828
2.405,-0.566313880255488,1.28642211011489,-0.0261818186072375
2.4055,-0.772079320562801,1.25501115822651,-0.0251007051914539
2.406,-0.889310290753524,1.25948327765639,-0.0542367140183924
2.4065,-0.820863128143025,1.26387378004537,-0.0660021653835179
2.407,-0.547445138159566,1.28848857130489,-0.0686332108277618
2.4075,-0.177130450160497,1.36940307226325,-0.0513983631385667
2.408,-0.283950978965166,1.41939127127047,-0.00880212448594124
2.4085,0.553961755619939,1.3651174798453,0.017570214642131
2.409,0.591372619098562,1.4256001856083,0.0185321113631675
2.4095,0.901679291805156,1.43428439351541,0.0458942295535138
2.41,0.491413709962308,1.4175041585725,0.0760648677340653
2.4105,0.315653795991399,1.42497593003874,0.020696178042395
2.411,0.782156342376467,1.39080237510916,0.0588601797151694
2.4115,0.615892470790407,1.4548229187962,0.0219678904458442
2.412,-0.140202638379583,1.40105418738276,0.0124509444268014
2.4125,-0.371468425943317,1.40345462444734,0.017534034507238
2.413,-0.19674767076871,1.31778061549412,-0.00775532849459449
2.4135,-0.270327015374001,1.30118115194616,-0.00907446807219843
2.414,-0.360598565338188,1.31008893120343,-0.0719832971067903
2.4145,-1.00118536916904,1.28432748588628,-0.105392572603473
2.415,-0.584020615229761,1.32995857092929,-0.0658222056961911
2.4155,-0.441949098697179,1.2731458314412,-0.0752475558585113
2.416,-0.380288865443114,1.36490454878018,-0.0075007799838306
2.4165,-0.359800673075472,1.33662046979351,0.0122312011274026
2.417,-0.0840139961689798,1.36988976295756,0.0306568017045496
2.4175,0.639096080753087,1.38546136440045,0.0565893452186256
2.418,0.23147217379621,1.4008310932213,0.0514221804891313
2.4185,0.684655670717262,1.47598899922959,0.0509740024173132
2.419,0.793374328731945,1.39881165225857,0.044274607468104
2.4195,0.924888967144253,1.44759669113774,0.0403780491209725
2.42,0.363781833723496,1.3815038115912,0.0193182743757384
2.4205,-0.156251628157885,1.35359843659334,0.0369007228136456
2.421,-0.00967047864135998,1.3271387115663,0.00922733983184202
2.4215,-0.551469313030936,1.28889980382098,-0.0306036440378457
2.422,-0.14978686862994,1.225006806237,-0.0288141545904541
2.4225,-0.950234368088623,1.21715892585819,-0.04142601983306
2.423,-0.726576241531625,1.25309074762304,-0.0602689693726801
2.4235,-0.18675876172864,1.23566584255026,-0.0613691693837098
2.424,-0.263970037748845,1.2637309861335,-0.0458097933908233
2.4245,-0.287848268494173,1.30025724139302,-0.00429288593428638
2.425,0.119791360243401,1.31025099225184,0.0211118723629044
2.4255,0.884206395638487,1.31851639476435,0.0427522997163947
2.426,0.877289440166653,1.35061387959964,0.0372134461903708
2.4265,0.364530716864843,1.40777168249778,0.0259426747630547
2.427,0.814429715903217,1.39072875833601,0.0439528386196116
2.4275,0.998180539457172,1.38689593115573,0.0301489116609234
2.428,0.209198141745355,1.37151544782192,0.0391801390965429
2.4285,0.442812719902561,1.34590154712209,0.0589276477279218
2.429,0.0793693378522591,1.26155308546215,0.0193536440652172
2.4295,-0.119173328559384,1.32529179443408,0.00379754129579302
2.43,-0.653253698682714,1.21462351860777,-0.0387929973959864
2.4305,-1.10588900629824,1.19573327598381,-0.0750482420400293
2.431,-1.02318568975467,1.13404017263317,-0.0787556689440454
2.4315,-0.286222365725945,1.20743487530483,-0.0752975483325145
2.432,-0.681235633169494,1.19874658973748,-0.061280412476369
2.4325,-0.689472075746743,1.20349924206759,-0.0301000085912316
2.433,0.175932474086184,1.23902334121492,0.0264198100485458
2.4335,0.326004894945089,1.27194744710009,0.0318243533745892
2.434,0.154283557304882,1.28080015377425,0.0388082736674441
2.4345,0.860301070609522,1.21280553761721,0.0263536610914952
2.435,1.00764696568051,1.29541568216414,0.0331808062282072
2.4355,0.572529189425789,1.29292801186687,0.0210733153507704
2.436,0.829289587893166,1.2990061146701,0.0610050741243966
2.4365,0.43250967478931,1.25478546058597,0.0386771295696057
2.437,0.595081492346931,1.23831122258535,0.0588560910233714
2.4375,-0.315516450750408,1.20289790029787,0.0167538833443363
2.438,-0.384415878561032,1.16078562259584,-0.0249481892809426
2.4385,-0.319629732405249,1.15644536625223,-0.0554639775117608
2.439,-0.713473088165552,1.11660324434165,-0.0703403195071
2.4395,-0.620799143272582,1.12841790390407,-0.0862604144696435
2.44,-0.294385135182254,1.08351477196341,-0.0639068628075763
2.4405,-0.69691195212729,1.1590077469303,-0.0176953155690257
2.441,-0.642983063170978,1.10437763119591,-0.0416222940688787
2.4415,0.294581879754359,1.14536824730787,0.0194926612124069
2.442,0.0810816723695767,1.1350082787806,0.0307438131136722
2.4425,0.52958261300453,1.18285390917881,0.0279486320036828
2.443,0.50081827509703,1.25636954072759,0.0417764441470985
2.4435,0.359582387797821,1.23931227490504,0.051558021874809
2.444,0.514815928721229,1.19213745190853,0.0740295266388683
2.4445,0.974029129986647,1.22069181468749,0.064440024873108
2.445,0.34583243356033,1.1591545693158,0.039570566237842
2.4455,0.152652815375607,1.08613907766402,0.0241145672145646
2.446,-0.0208288969816002,1.09914409602835,0.00878599619469883
2.4465,-0.0741126829696074,1.14245462292266,-0.0349861147705075
2.447,-0.550881439307217,1.0620969423802,-0.0750795734181621
2.4475,-0.791483217867166,0.977742633784926,-0.0505299238734795
2.448,-0.975742995127335,1.05085770486848,-0.0580873971501143
2.4485,-0.545583521511305,1.09190862551847,-0.0625461916539423
2.449,-1.04497871758745,1.04563539944223,-0.0145549951639791
2.4495,-0.57489396701904,1.06393945330698,0.00985295674812777
2.45,0.184081200930769,1.11238600192349,0.0229878978927912
2.4505,0.392767469692263,1.0950637403014,0.00626195428574687
2.451,0.203326149091273,1.15106457071529,0.00920941812421857
2.4515,0.824816020822629,1.23257522416274,0.0196165782534874
2.452,0.878925615049364,1.13357025976306,0.0643179975230455
2.4525,0.429514659638589,1.15511167615989,0.0797700015763179
2.453,0.569800950592008,1.14770989740463,0.0779426928016154
2.4535,0.767938211266846,1.12230752889267,0.0372385601503915
2.454,-0.0278098383266318,1.10361240362353,0.00249513354023024
2.4545,-0.526486819242095,1.03810468728053,-0.037274231061087
2.455,-0.408358305700633,0.991847964025549,-0.0531282440092591
2.4555,-0.783526195570653,0.989025625008112,-0.07164578257859
2.456,-0.838175795320443,0.919023988227357,-0.0488753530730383
2.4565,-0.645827527393324,0.967906314114825,-0.046413285633275
2.457,-0.656858072460465,1.04990235680844,-0.0415853365645577
2.4575,-0.543015577492692,0.984067879154495,-0.0172598573053613
2.458,-0.447299999677084,1.03687674378694,-0.00464614223263298
2.4585,-0.109642892038707,1.06892300927814,0.00420761292534871
2.459,0.110831634305329,1.09196752572899,0.0316309650591483
2.4595,0.435118404740291,1.10311297877136,0.0469162607034415
2.46,1.16381848963783,1.09377136316862,0.0529361134623198
2.4605,0.796209593833481,1.12608366601697,0.0780702600811803
2.461,0.550930879708988,1.11352889431523,0.0829370685998979
2.4615,0.488653217618847,1.09183073880998,0.0373842874460846
2.462,0.341253204340698,1.07840932506374,0.0369520930121666
2.4625,0.0690185719361435,1.02370576221422,-0.0234835985207856
2.463,-0.200143730198864,0.962242608703241,-0.0182278783698383
2.4635,-0.24762004309965,0.948358960839602,-0.03022261438717
2.464,-0.773517713849077,0.974115228327179,-0.0597060276309377
2.4645,-0.669454653452408,0.975762810035542,-0.064231034807196
2.465,-0.877076343067351,0.92803321659433,-0.0461825023148781
2.4655,-1.04991696637513,0.920253683971509,-0.0378645269942358
2.466,-0.508796108972122,0.952186427765104,-0.0188475089294241
2.4665,0.259341185193073,1.04206000823744,-0.0179722097942987
2.467,0.100123914774974,1.06870398352608,0.00390455762219446
2.4675,0.701561162607222,1.09147182261569,0.0440408835224705
2.468,0.791133314302079,1.11746543211761,0.0497720058501082
2.4685,0.59591920484232,1.09772411691553,0.0716247454432178
2.469,1.22344036500302,1.10343651445826,0.0713712847563144
2.4695,0.858700110846317,1.10969692677304,0.0556082892245231
2.47,0.671345303406493,1.09562827102595,0.0411519694491337
2.4705,-0.0388668840549719,1.1187025349793,0.0102083917909713
2.471,-0.256772140585894,0.981627431020077,-0.0329940964155504
2.4715,-0.203497754433662,0.986617750726797,-0.0451609722288935
2.472,-0.28391141190362,0.974225632830046,-0.0511862259571767
2.4725,-0.727123650031615,0.91166962212857,-0.0429077458746599
2.473,-0.327997580672435,0.898808215587819,-0.0499350368983232
2.4735,-0.717214642106635,0.957711092050511,-0.0443632074868024
2.474,-0.338832946586179,0.949861165055244,-0.024809188460334
2.4745,-0.277857512935319,0.998013831531493,-0.0771911068044842
2.475,0.273487737201853,0.99959275414804,-0.0261791920353729
2.4755,0.196831805591024,1.05672463085762,-0.0151071474514541
2.476,0.510137572005893,1.08968776816445,0.0490466341152259
2.4765,0.307466963466112,1.03790577345723,0.0844153414755355
2.477,0.830487296166528,1.13834139048348,0.097704321481355
2.4775,0.741702745886254,1.05145505195458,0.0767477974653304
2.478,0.714648674343773,1.1085732547347,0.0595372533889117
2.4785,0.448764961316653,1.08039363994285,0.0168196503243783
2.479,-0.0725960094647081,1.06049754352501,0.00676590285126766
2.4795,-0.0219390470705117,1.07246716204936,-0.067426412748002
2.48,0.208395610936094,0.953772699550959,-0.062367406255752
2.4805,-0.798247553476712,0.961881556131362,-0.0452457446253484
2.481,-0.508907298276521,0.951106257484147,-0.0319916656404753
2.4815,-0.886290384126662,1.02467737690025,-0.0292424524695479
2.482,-0.864653270404483,1.03126630424199,-0.030228633773089
2.4825,-0.724458285676422,1.03597929685553,-0.0769330513567167
2.483,-0.0438765104932383,0.996600233587245,-0.0162663136344895
2.4835,0.102899702930092,1.06315706021035,0.0212154526078348
2.484,0.581939400098886,1.12499864838825,0.0295651047647432
2.4845,0.533797492243088,1.14597657498512,0.0396770200758215
2.485,0.42354263430287,1.1329552901882,0.122444006473202
2.4855,0.703094055949987,1.20620097570801,0.061240925122347
2.486,0.663831527303435,1.13822744578173,0.0627505129550507
2.4865,0.669183819937023,1.15365784085885,0.0215675188061403
2.487,-0.0251257554281265,1.18135753066648,0.00408890779006573
2.4875,-0.460781874853269,1.14738073973169,0.0138574368062145
2.488,-0.16267502808564,1.06242631811106,-0.0329309705519119
2.4885,-0.709859181391963,1.07005496005877,-0.0104416038201817
2.489,-0.804250743537303,1.08468253305421,-0.0090278313664581
2.4895,-0.614032471329798,1.00034248645678,-0.0342880150351445
2.49,-0.711545791686754,1.06676774457333,-0.0463372314292246
2.4905,-0.538850341498144,1.11290018718174,-0.0417084283288097
2.491,-0.0665492426978431,1.11372871872859,-0.0544388840384321
2.4915,0.17215229263815,1.15336052678441,-0.0251248414064138
2.492,0.188026220249748,1.14949186490266,0.0073599851186513
2.4925,0.309286946628435,1.14135888153022,0.0651644244319371
2.493,0.336649869703912,1.18323293354959,0.083556192267167
2.4935,0.817680729868721,1.26834999060886,0.0861646555931765
2.494,1.31687961273904,1.22732705136348,0.0359712087194796
2.4945,0.896533198485447,1.24380902137819,0.0268679745598504
2.495,0.498057461433368,1.1711233024028,0.00374690242557456
2.4955,-0.0875735329016577,1.12508387818626,-0.02309869946135
2.496,-0.400641130648403,1.09111310310063,-0.0112785675950699
2.4965,-0.494433881143434,1.13852111585719,-0.0189638764299407
2.497,-1.51430872939243,1.04594814569493,-0.0152012855030626
2.4975,-0.609904393822088,1.14501245109808,-0.0288418399664772
2.498,-0.438521758138087,1.13706096555853,-0.0740414393888799
2.4985,-0.651649041888089,1.1232935492472,-0.0648625091958813
2.499,-0.595601776513015,1.16760483794448,-0.0667918106153881
2.4995,0.0619528231987972,1.16281939117547,-0.0305935110417335
2.5,-0.106935705678172,1.14492837570805,0.0208981534772515
2.5005,0.131331240226659,1.23018950995647,0.0172498770439541
2.501,0.744963389444369,1.24346627356928,0.0611730019549401
2.5015,0.679959711512599,1.3238961877308,0.0761612348386123
2.502,0.589724248407452,1.30835154112182,0.0344611389987644
2.5025,0.927584295745922,1.31104919294672,0.0594698943039203
2.503,0.457355015110785,1.27744623496104,0.0310035709311303
2.5035,0.733468911373208,1.24321687230875,0.0510792838141513
2.504,-0.0634353743324322,1.25438505844751,0.0202024274703224
2.5045,-0.334798881312138,1.20732587839919,0.0111062862887636
2.505,-0.597447980664141,1.2395177977621,0.00791749296743682
2.5055,-0.543261530449505,1.1705637895351,-0.0411202716657778
2.506,-0.409243195629263,1.15102169782686,-0.0413115708868249
2.5065,-0.643967324761472,1.17263492616899,-0.0752084536901353
2.507,-0.438973090639254,1.22694943068003,-0.061840438928327
2.5075,-0.12605789789263,1.20222965131457,-0.0471454853843809
2.508,-0.218166811600604,1.24768708752416,-0.0191942099804304
2.5085,0.330920468104774,1.24027497867019,0.00672218292328373
2.509,0.329222888546535,1.32088433971289,0.0489191441195642
2.5095,1.10122182964286,1.33287194865862,0.0620915136423904
2.51,0.77620394527811,1.34933168907583,0.0577623989275246
2.5105,0.609754131848392,1.37483091308754,0.0461342325006257
2.511,0.701437448480865,1.36772943624997,0.031056029847021
2.5115,0.328361728162843,1.35303869952403,0.0355876592808978
2.512,-0.105974388408256,1.42177886409005,0.0332743907269311
2.5125,0.0874450734283796,1.33720326488099,0.0268392073809323
2.513,-0.216754166269156,1.33066947889465,-0.00241290089606604
2.5135,-0.34772948163582,1.30821649300692,-0.0345891451017129
2.514,-0.886858431461715,1.23545886324472,-0.0302067299474171
2.5145,-0.946358862046704,1.22542983335267,-0.076545582704353
2.515,-0.832577794994922,1.19705850940946,-0.0834046095905164
2.5155,-0.826455291568649,1.23557798538847,-0.0717303655842781
2.516,0.313372562687585,1.28254142403419,-0.0307283251876876
2.5165,-0.000619077573563123,1.31995997445904,0.00750748039838766
2.517,0.0222162800929444,1.36541877138168,0.0290489684755201
2.5175,0.544433203383816,1.3903288001725,0.0480705194041165
2.518,0.93694613220039,1.37327660313267,0.032174358253505
2.5185,0.901702990282159,1.41295471790966,0.0349339901289028
2.519,0.961338062937751,1.47767289357308,0.0219979056797216
2.5195,0.749420002352257,1.40797056772964,0.037047004990812
2.52,0.0611828616306244,1.37129820034374,0.0488938000848654
2.5205,-0.00470256473457661,1.36658299398561,0.0205378376823803
2.521,0.171605385781831,1.35671020973954,-0.000927424930157496
2.5215,-0.408295931609458,1.30859713887023,-0.0304984541297824
2.522,-0.508920801655858,1.28637602245768,-0.0379884672781106
2.5225,-0.569297944986505,1.27642312966299,-0.0676669817723169
2.523,-0.998222194925406,1.32074400203607,-0.0777622183217033
2.5235,-0.625848894756452,1.31947048324771,-0.0515774969006951
2.524,-0.618051527322632,1.29077289936958,-0.0636600299529067
2.5245,-0.642406039546786,1.31777179908797,0.0125106883841341
2.525,0.0983082423137122,1.3186575235793,-0.00378996833418365
2.5255,0.0627482393012354,1.43601024075287,0.0517603196389504
2.526,0.383289408255146,1.42528755690061,0.0445921346918558
2.5265,0.33786545554594,1.43996945851329,0.0322178923388774
2.527,0.591086568629364,1.46115663453339,0.0497912908507955
2.5275,0.816674210061225,1.41364785798151,0.0564050277329661
2.528,0.965394183896678,1.41142528056581,0.0425315719131804
2.5285,0.0750095992492985,1.42236553724639,0.0562072249790919
2.529,0.179423944770129,1.37917395298178,0.0527287050968783
2.5295,-0.0538411613572128,1.29731953276484,0.0156744748704116
2.53,-0.175447871756547,1.30931471931511,-0.0142850333047511
2.5305,-0.311848474148417,1.3203139150988,-0.0778844466697112
2.531,-1.00557683943227,1.33373114605784,-0.0957638760466556
2.5315,-0.713636093510891,1.30407353992755,-0.100150418232943
2.532,-0.318813326276791,1.31670521852913,-0.0361042379263341
2.5325,-0.299780724057401,1.31812778377322,-0.03310151603194
2.533,0.165532011815585,1.3657465033795,-0.00813729510028038
2.5335,0.397069849958859,1.40524783246599,0.00402755368755681
2.534,0.943158384326035,1.38956387104356,0.0255658369680257
2.5345,-0.0837891954738527,1.47103532795353,0.0243539683207064
2.535,0.621975569705213,1.40272521911904,0.0403898501677615
2.5355,0.654965450782236,1.45436675332164,0.0299875862794805
2.536,0.314531800912345,1.44029392738487,0.0496591304134634
2.5365,0.376821705641927,1.4782712358955,0.0574595921279982
2.537,0.62822713713396,1.39253074843323,0.0663064587114873
2.5375,0.0148233658008639,1.46877450155796,0.0324751852980226
2.538,-0.0324271110441634,1.33203278726711,-0.0269304727134371
2.5385,-0.0980492121024333,1.29176824671677,-0.0318655136892762
2.539,-0.742301161524829,1.3645055738681,-0.0592921267162066
2.5395,-0.840993426750728,1.28434257173088,-0.0865677836033608
2.54,-1.03298555895219,1.27904279206916,-0.065948322002705
2.5405,-0.639342514566815,1.30365261956827,-0.036253815526273
2.541,-0.535007574570595,1.28999117132878,0.0125578076149114
2.5415,-0.147509238605497,1.30248940865367,0.00256456248231167
2.542,0.127486056133183,1.3547738660134,0.034244514429052
2.5425,0.252442623957073,1.40111829826377,0.0196441950270111
2.543,0.337908714161195,1.45158397452968,0.0617975553496248
2.5435,0.631502259414015,1.46216807768965,0.0693567593706044
2.544,0.729453537639003,1.43744103384356,0.0305881931657423
2.5445,0.399834036517447,1.44533114827132,0.0779379577408542
2.545,0.522213417757224,1.46506174129811,0.047671750013124
2.5455,0.14762471614192,1.37537625743579,0.00478972217410168
2.546,-0.157706110464405,1.35188976980882,-0.0179125138519044
2.5465,-0.127715787519024,1.28201366004698,-0.024926340147172
2.547,0.0078225992647567,1.30112024958664,-0.0734428141045074
2.5475,-0.489949982842987,1.21304135707184,-0.051045363828032
2.548,-0.575722329243458,1.23003636229126,-0.0551866965414992
2.5485,-0.66633073421895,1.21810466490102,-0.0318447173931666
2.549,-0.472470405255509,1.24132607745299,-0.0409561042950974
2.5495,-0.126121197544913,1.34026019443011,-0.0230707515273957
2.55,-0.138245070744543,1.29960892607141,-0.00410339257376453
2.5505,-0.101756183995711,1.31866611585312,0.00401432778829943
2.551,0.611841679328497,1.38442655710844,0.0181196013737206
2.5515,0.491343664437212,1.35737584177346,0.0568557458150919
2.552,0.833794062879764,1.38021530638706,0.0485539464800659
2.5525,0.492998093646197,1.37953839769228,0.0808400375336246
2.553,0.254175647284973,1.31812729038954,0.0495688187056525
2.5535,0.0039213069035508,1.30649721617544,0.0265951786067425
2.554,0.162558622116259,1.34281813554485,0.0107145826082376
2.5545,0.305555690557807,1.25470973687191,0.000119508296484626
2.555,-0.382527181096857,1.2467391235071,-0.0418849779944073
2.5555,-0.498729147796102,1.23315930503609,-0.0962880316607404
2.556,-0.68680284812182,1.1966819559541,-0.0690085986561018
2.5565,-0.665104664180517,1.17869405539076,-0.0565682809792892
2.557,-0.0296601293496833,1.22046373619236,-0.0493533743234752
2.5575,-0.627575354760758,1.15956895067075,-0.0015650310050071
2.558,-0.222577293287727,1.25709862003841,-0.014612297044993
2.5585,-0.0762893131837182,1.18213018809574,-0.0299599677214533
2.559,0.53260859231995,1.23171911640422,0.0135509392294739
2.5595,0.630037586749185,1.27571137216531,0.0277125575338586
2.56,0.616981336475365,1.29605344471895,0.0418277981326954
2.5605,0.918707129002218,1.24844672109834,0.0811567854395096
2.561,0.413170781017046,1.30950122983821,0.0606688687612384
2.5615,0.532568015767329,1.26149404603217,0.0548250208513455
2.562,0.32040383056273,1.20072204768233,0.0110897987378436
2.5625,0.393462809650851,1.16386112092239,-0.040337983612767
2.563,-0.135541910991838,1.13687836886239,-0.0507694618300701
2.5635,-0.494095893842069,1.11082243899329,-0.0582093837591201
2.564,-0.999335824557336,1.11021599540306,-0.0480326288052089
2.5645,-1.09988172296627,1.10045216098604,-0.0360841863628711
2.565,-0.54991734528383,1.08357958087478,-0.0445753385156809
2.5655,-0.740098325449155,1.10875037613472,-0.0290431342774404
2.566,-0.41352774700379,1.11030777641937,-0.0348866591079883
2.5665,-0.309234641391961,1.15938481395984,-0.0199294340101607
2.567,0.227680683331893,1.22649636382192,-0.0258857974805805
2.5675,0.487718002699895,1.22837632842887,0.0294938703881876
2.568,1.05482252046198,1.20600364652385,0.0489219212585155
2.5685,1.17406849251682,1.22952848434593,0.0705801163167948
2.569,0.984882267180923,1.21597027361432,0.0900044082680326
2.5695,0.889314181394625,1.19255323459361,0.0475154136334197
2.57,0.137953299624759,1.17124908555552,0.0469412773166029
2.5705,0.50100009908524,1.18315827536132,-0.0151861483561797
2.571,-0.327128901056938,1.098836431296,-0.0229148739767194
2.5715,-0.752413359273111,1.08855037103773,-0.0464483552776074
2.572,0.227794890661547,1.07432160428766,-0.0531866926090014
2.5725,-0.616079521779678,1.00586682273876,-0.0331265158631769
2.573,-0.895713866999562,0.983822548575264,-0.0247467950909604
2.5735,-0.659714031496217,1.05643741957839,-0.0322556448614253
2.574,-0.483265927081438,1.05858563403444,-0.0380581702057568
2.5745,-0.786620449073471,1.05225378278703,-0.0383189058531269
2.575,-0.17888751601325,1.12846522999655,-0.0478013943627267
2.5755,0.401349131045865,1.12962767796754,-0.0101034380086348
2.576,0.509053119445337,1.12942745653986,0.0570886074853827
2.5765,0.245277375376017,1.1425432845935,0.0667401986330213
2.577,0.606085359035185,1.14474512453072,0.0769901265592299
2.5775,0.657013138751406,1.11970566296723,0.0712160211587442
2.578,0.58291880281707,1.21795300844414,0.0489368466130744
2.5785,-0.068006179577484,1.04000539261798,0.0124538533799262
2.579,0.155313322367391,1.08555435472911,-0.00132306899043924
2.5795,0.200778680445213,1.04451093273511,-0.0349055550548899
2.58,-0.827049285869049,0.975444758054741,-0.0537958590735159
2.5805,-0.506244315508195,0.986505145805421,-0.0274240223729916
2.581,-0.3805457326811,0.988953803132732,-0.0153827135870434
2.5815,-0.621246290592279,1.00558379141675,-0.0524789249505615
2.582,-0.468352539633133,0.986364730993172,-0.0366386749872597
2.5825,-0.547252092296161,1.01861946245582,-0.0520409109386329
2.583,-0.227559232145936,1.07883028149971,-0.0348328025178005
2.5835,-0.194843521783995,1.05009452243376,-0.000577675436770425
2.584,0.32063519955127,1.06236990330241,0.0211574065387259
2.5845,0.423152794465915,1.05745376384539,0.0689802063868229
2.585,0.528200914420264,1.13894393595397,0.0687434193849494
2.5855,1.08860576232065,1.09967660240416,0.0689309323876243
2.586,0.629542569552232,1.14896829446775,0.0579797422385836
2.5865,0.65581699501802,1.08877128971883,0.0540694339311483
2.587,0.361765440396577,1.05563857703063,0.00278274645837785
2.5875,-0.25372183392319,1.01175058649588,-0.0281366442871917
2.588,-0.740309433252209,0.98240863868231,-0.00360588245253999
2.5885,-0.856423709281076,0.933250261682296,-0.0286175351699094
2.589,-0.589130270814192,0.970880325838641,-0.022352261514764
2.5895,-0.801078220862733,0.931535399307042,-0.0515534252069483
2.59,-0.501622200258253,0.966458981411061,-0.0623349045690338
2.5905,-0.655116651156458,0.909589214979999,-0.0756725591323702
2.591,-0.680728521449778,0.993603448385562,-0.037050004085693
2.5915,-0.0669970585808413,0.983454805508913,-0.0148881723390885
2.592,0.455953875577391,0.993249154650613,-0.00162007889338265
2.5925,0.493350145856357,1.06026617942583,0.0395695921867367
2.593,0.566764188559676,1.1063059720485,0.0782022244440872
2.5935,0.608097636315291,1.12982204519911,0.0601280967874573
2.594,1.0302366339714,1.13590515998724,0.0684812585968764
2.5945,0.841507944144066,1.07622489914632,0.0114212686367306
2.595,0.319209116342988,1.03835482730591,0.0274987635607541
2.5955,-0.15612777624059,1.1323518868902,-0.00636534512820416
2.596,-0.319324205784941,0.994500218289311,-0.0136071370231141
2.5965,-0.266147719523156,0.961864448322524,0.000816806436858287
2.597,-0.832004124701147,0.975110079148062,-0.0380010317221833
2.5975,-0.786422902844007,0.914621585257168,-0.0594870104199595
2.598,-0.754229033307517,0.924095514088907,-0.0370505864731414
2.5985,-0.820875306931999,0.90657951672889,-0.0812009276652622
2.599,-0.652277211369018,0.965436360283916,-0.0523130088055396
2.5995,-0.323347090975396,0.964004561986878,-0.0269701900581384
2.6,-0.13771023841318,1.04055444096713,0.00465715931069633
2.6005,-0.0688906530696976,1.06540704664387,0.0429325769495353
2.601,0.679957974730985,1.0648730633516,0.0527847046709615
2.6015,0.425355341755939,1.09428350742008,0.0824317473736418
2.602,0.981367703114751,1.09785100852592,0.0720381795450442
2.6025,0.602627389655556,1.11831185025553,0.0484215267123043
2.603,0.480713850545584,1.08096152851369,-0.00350987560734343
2.6035,0.672516922969008,1.08791598146333,0.00542378199234952
2.604,0.155954487777546,1.02778714732606,-0.00101028977845743
2.6045,-0.280471196690343,1.04345679273146,0.019188336507037
2.605,-0.63187032500509,0.996009896714087,0.000125421304552021
2.6055,-0.73988017613854,0.921145443786135,-0.0420569160202638
2.606,-0.610239579683183,0.980233920859098,-0.0359483248062759
2.6065,-0.498309086053654,1.00565418024162,-0.069812145922672
2.607,-0.598252699450718,1.02907090667728,-0.0607319356825412
2.6075,-0.547990354884123,1.02120203941057,-0.0823118059158253
2.608,-0.0958235811515336,1.0889403045438,-0.0238855878348389
2.6085,0.258343248336357,1.09813548951285,0.0109274209190453
2.609,0.242538172400114,1.17237709373496,0.0473680795217316
2.6095,0.917198900350827,1.1431803428076,0.0656093440428613
2.61,0.595604096406512,1.16732610974465,0.0586305445798627
2.6105,0.945033353185615,1.17310288965909,0.0312025212627509
2.611,0.895153453827509,1.17272635076575,0.060217638215763
2.6115,0.508148759050968,1.16684951007336,0.0378000677570022
2.612,0.24443778895469,1.15214409646192,0.0296572744038386
2.6125,0.218002602756076,1.06449213399166,0.0331273735426584
2.613,-0.716425291973656,1.02945193898407,-0.00589615888159271
2.6135,-0.485211209919807,1.08714346904826,-0.0271573903591592
2.614,-0.635097483422343,1.06220612296561,-0.0312463535716358
2.6145,-0.628056680754955,1.00401182839287,-0.0541580419608039
2.615,-0.906688638717048,1.03571817969339,-0.0995365346469745
2.6155,-0.907793865931661,1.11135201314574,-0.0288536774881867
2.616,-1.00669721860372,1.04795163868092,-0.023822046656873
2.6165,0.0459889410592806,1.12530063561162,-0.000745777656949779
2.617,0.448619325285485,1.10773736126971,0.0314046770868591
2.6175,0.31219293577963,1.18597989783188,0.0419238174766647
2.618,1.20274221663539,1.21478294949565,0.0418400162742167
2.6185,0.546872654894768,1.21532781469616,0.0605187779717013
2.619,0.379172377580888,1.25352195772597,0.0668304744554787
2.6195,0.571169387635446,1.21431309428692,0.055462973037611
2.62,0.44935158096112,1.23802591420945,0.044236556097094
2.6205,0.349486529024515,1.21256931244318,0.0417976345193511
2.621,-0.0598844409046307,1.14572317994005,-0.000256494734923462
2.6215,-0.537340074731112,1.13780656959962,0.00946099999248598
2.622,-0.934744034336784,1.1176639972497,-0.0212457393272473
2.6225,-0.830349939087769,1.13049864554697,-0.0911685709098775
2.623,-1.05825216845146,1.13959755969891,-0.0908220326601593
2.6235,-0.469317869590577,1.13798486708882,-0.0449229720942517
2.624,-0.517742302940983,1.13702924690171,-0.0427387760560108
2.6245,-0.72769637893259,1.13931444342743,-0.0123704028558909
2.625,0.0913986687014705,1.16131638153295,-0.0138460795661895
2.6255,0.0337503581365602,1.26712571130208,0.0363531161395684
2.626,0.829085627756381,1.32397873398467,0.0337938607455749
2.6265,0.662583665030366,1.29411636572795,0.0325074914787039
2.627,0.773620959461075,1.29585079662867,0.0173545818854124
2.6275,0.48563648395307,1.32686125504404,0.0509081104662205
2.628,0.683580212503147,1.23808922959133,0.0889911951603951
2.6285,0.361812821312513,1.26223979800964,0.0350249490460398
2.629,0.143934122254568,1.18581340612894,0.0267216089314999
2.6295,-0.258404159238809,1.23336625961266,0.00553342407554644
2.63,-0.260582739944969,1.19862259823793,-0.0457578392258102
2.6305,-1.21505820864581,1.19148965517245,-0.0561031075372695
2.631,-0.662609545259464,1.16200757380451,-0.0782921606646323
2.6315,-0.441854799029582,1.12305655367503,-0.0815481625179834
2.632,-0.652605658297961,1.2244345432478,-0.0512693203232424
2.6325,-0.276525757844338,1.19955782486713,-0.0106217349546623
2.633,-0.326991297776504,1.25596588679967,-0.00865660733322238
2.6335,0.132937924604483,1.31326520745676,0.0239714271101402
2.634,0.19892821990512,1.33448479388693,0.0302295625008043
2.6345,0.837826326946654,1.31948102978305,0.0200376831400405
2.635,0.798177862869196,1.35498624064693,0.0560865656632978
2.6355,1.0581664719648,1.36399821588551,0.0271658499129564
2.636,0.63693811311127,1.39677649658812,0.0657082797960533
2.6365,0.474861020548896,1.39186462967453,0.0420051860305306
2.637,0.341616522796366,1.29959574413348,0.039189213466319
2.6375,0.362097676170615,1.27521820356555,0.0307477135029656
2.638,-0.860735331175117,1.28391903533358,-0.0176521241745054
2.6385,-0.908484156029242,1.25818456255749,-0.0828001668124215
2.639,-0.33001039837063,1.25014973564636,-0.0863570958512983
2.6395,-0.239801987535725,1.20846442813983,-0.0874442933990903
2.64,-0.730695440167449,1.20677704699967,-0.0707825405123922
2.6405,-0.211959423181663,1.26245756546686,-0.0256154590203795
2.641,0.198469896767674,1.32836412616685,-0.00582140619422953
2.6415,-0.0420759232062663,1.34179583693706,-0.0132029189429557
2.642,0.0636755407278173,1.352096921431,0.0652232989241672
2.6425,0.300289519864943,1.37417834078131,0.0229698809005737
2.643,0.538582076065315,1.37528848471818,0.00273676993576156
2.6435,0.900624700122098,1.44998004869049,0.042081004469054
2.644,0.658171777350634,1.4512885847932,0.0500022113165429
2.6445,1.1116254531879,1.41206653155873,0.0526495405693335
2.645,0.33430074104262,1.41068447565842,0.0424033568579344
2.6455,-0.00162408042873288,1.38246907184759,0.0484533538503974
2.646,0.046770848651085,1.37455151002285,-0.00202292662714277
2.6465,-0.284588977153385,1.36972381239343,-0.0431343692782149
2.647,-0.433530447602598,1.24625404747247,-0.0679671102828663
2.6475,-1.20118972055942,1.27753130424708,-0.0704295383945894
2.648,-0.748567676230723,1.28247482001705,-0.0659984158059513
2.6485,-1.10293335979179,1.25567995437542,-0.0555574848165654
2.649,-0.441215931675514,1.304672082764,-0.0487327616124362
2.6495,-0.0708938584427039,1.36477579263101,-0.00560043476071285
2.65,0.294894756542805,1.34837366724487,-0.006359357859856
2.6505,0.450291329278827,1.3387071982218,-0.00534066163665034
2.651,0.608228841185479,1.39783334886011,0.0168827061689718
2.6515,0.837734966085559,1.45593818688839,0.0465991581904804
2.652,0.695906923916327,1.43280029198665,0.0599694396987202
2.6525,0.666910303678207,1.48143452016924,0.0820074194294793
2.653,0.803121852534132,1.42244529384701,0.0753159152629078
2.6535,0.614397339014299,1.42379155817198,0.0548088239985805
2.654,-0.0285983431391024,1.37091909281848,0.0104167580667807
2.6545,-0.626102114914236,1.3784328095774,-0.0404418742927504
2.655,-0.991587005679066,1.28325475132284,-0.0229873156325921
2.6555,-1.00562842320529,1.36175667282158,-0.0393524415201253
2.656,-0.94791422199649,1.29481876124172,-0.0771532708548897
2.6565,-0.585994734841634,1.29724964917098,-0.04188065444483
2.657,-0.793629098892364,1.26939942991902,-0.057540609323388
2.6575,-0.438724555030536,1.33257295592698,-0.00341587591397776
2.658,-0.0842180118573904,1.35729253703415,-0.0139714478236422
2.6585,-0.257583737563051,1.3525843241883,-0.0211913338156885
2.659,0.129355085751277,1.43478198734186,-0.0345748196887839
2.6595,0.359419267500295,1.49982860771053,-0.00157658087583665
2.66,0.474314724741049,1.48874279554036,0.088929031299278
2.6605,0.598150567706225,1.45385554616128,0.0470966159741529
2.661,0.838533104021828,1.46407218746951,0.0856394349561629
2.6615,0.358554485774661,1.43498250777649,0.0445149813733879
2.662,0.434574388479084,1.41464504472667,0.0273130854350615
2.6625,0.0850817514676689,1.30904126469277,0.00252366843377896
2.663,-0.212941468963566,1.3129989970753,-0.0328949706172952
2.6635,-0.241324469241319,1.30485719054969,-0.0381413917372161
2.664,-0.106024549878016,1.31321819537778,-0.0489212786583963
2.6645,-0.340139263884895,1.29588827035151,-0.0524427285717516
2.665,-1.06959073530909,1.28371124433038,-0.00614117288191207
2.6655,-0.41313971293941,1.23423324491795,-0.0148969628872583
2.666,-0.652791950635378,1.27736397155075,-0.0480340859968129
2.6665,-0.591419287950693,1.38691420824999,-0.0389020638327307
2.667,-0.126666770003082,1.3783914062606,0.00656333522328706
2.6675,-0.129545402084537,1.39952682062158,0.0267503375434241
2.668,0.314545829838581,1.40689863373809,0.0545929947593065
2.6685,1.0334238440177,1.51298439401277,0.0765649804591289
2.669,0.575606272894918,1.40225699669281,0.0695310934149202
2.6695,1.26723153757519,1.40480723801863,0.069530256357662
2.67,0.513273128709496,1.40187805809315,0.0654943071934823
2.6705,0.426794288420285,1.39550714024947,-0.0017641500856746
2.671,-0.125079064979771,1.31879449715797,-0.0460131691746142
2.6715,-0.410319506101589,1.32021929808167,-0.078463214515162
2.672,-0.740219810209208,1.29479307245912,-0.035064435714151
2.6725,-0.631612307548627,1.25501947327178,-0.0414408946415846
2.673,-1.075606184594,1.20048995147351,-0.0351296607489453
2.6735,-0.851453385598342,1.26827801661149,-0.0394987634035516
2.674,-0.750609308632219,1.26135100092582,-0.0611132242699903
2.6745,-0.217772815735718,1.32667854606984,-0.0188218244668197
2.675,0.378975454893389,1.28054776967366,0.0109693334469971
2.6755,0.799148681737233,1.33145386309014,0.0123365186055916
2.676,0.0440394302535945,1.33796284912816,0.0473083881255702
2.6765,0.724953061703518,1.3115639093256,0.0703380196591833
2.677,0.540360848084339,1.33891850252455,0.0880073990877612
2.6775,0.400272265234993,1.30391508989668,0.0663748724971146
2.678,0.569080873213702,1.39527145118047,0.0309914991480582
2.6785,0.221625800200791,1.3245004438322,0.0219359284528073
2.679,0.101112611004392,1.30269518253994,-0.0149758854073295
2.6795,0.0168843583520781,1.25675522340489,-0.0274464732630115
2.68,-0.647987045865317,1.2529373302005,-0.0552429567967726
2.6805,-0.632934473037788,1.24008215848536,-0.0234581254185594
2.681,-1.11690560044745,1.16700251074789,-0.0362295743642313
2.6815,-0.787508371590263,1.14589951805874,-0.053061980073224
2.682,-0.347231706727506,1.21484965710933,-0.0716456209691042
2.6825,-0.850179310380456,1.265339805631,-0.0414707211064555
2.683,-0.07731479714732,1.21387702793289,-0.0334395157038206
2.6835,-0.249806108241627,1.22314196208371,0.00217894627077538
2.684,0.39368737660132,1.28007889763448,0.0327051630229649
2.6845,0.42942844471875,1.26035830842306,0.0836875885653092
2.685,0.599251501338991,1.27524851438278,0.0721213181983431
2.6855,0.300823076846323,1.3182606824299,0.0688837905572308
2.686,0.40838037465642,1.2793460469782,0.0556600670795586
2.6865,0.432938000973174,1.27966718564153,0.0498177269247709
2.687,0.276642719344744,1.21885916462211,-0.00238775712438694
2.6875,-0.047828346302384,1.21762256466017,-0.0126753188340697
2.688,-0.418939872044658,1.17634813035704,-0.0179450504244442
2.6885,-0.148717944004779,1.151778863388,-0.0278625282531808
2.689,-0.68409577091912,1.14937093444814,-0.0354064811688573
2.6895,-0.894787661581883,1.12834924131468,-0.0557248436866206
2.69,-0.857375925407162,1.05503401203964,-0.0689632025536
2.6905,-0.559764015649783,1.16618367936634,-0.0664700136421682
2.691,-0.105858384578249,1.09259543268483,-0.0492805033376062
2.6915,-0.194089177691748,1.1009850610337,-0.0146483066999338
2.692,0.39236846713883,1.20830140334708,-0.00543139626198511
2.6925,0.468940221320932,1.17877842821157,0.0736242909728263
2.693,0.451328943093934,1.16143347169465,0.0672982105041467
2.6935,0.484490654962509,1.223817064324,0.0706985692081087
2.694,0.733011689760889,1.27611772500833,0.0778709832520798
2.6945,0.566017888967773,1.23244311833498,0.0319202825595626
2.695,0.185700847410633,1.20161034107495,0.024141320564617
2.6955,-0.0243221910959054,1.11733242022073,-0.00827364344691024
2.696,0.0469731629121748,1.09114814993472,-0.0311958373684017
2.6965,-0.207043215586829,1.11051680115859,-0.0123503241989195
2.697,-0.617485380305447,1.09551194419988,-0.0310178611769166
2.6975,-0.459431767063342,1.07068359188708,-0.0286266385568856
2.698,-0.786216786726529,1.04623739321925,-0.0814049615003387
2.6985,-0.66224612759255,1.00241053131832,-0.0542861623030608
2.699,-0.170387279243126,1.04132278982597,-0.0684199925277439
2.6995,-0.392573809260743,1.10548085018973,-0.0259468604563179
2.7,-0.510738854022551,1.13667838340437,0.00938252997801521
2.7005,-0.0647166178627782,1.13215534371682,0.0400704160624631
2.701,0.551469650340443,1.14519917315628,0.0618524367735073
2.7015,0.57875770432043,1.16645845062312,0.0565578556211665
2.702,1.3855891512917,1.14590527902294,0.0707192856943733
2.7025,0.311030121665056,1.17884867975303,0.046978004931074
2.703,0.477535984222276,1.1422331713779,0.0473637281938202
2.7035,0.346696106953501,1.12334403286697,0.00854317046510606
2.704,-0.255893990621478,1.07311092124746,0.0230226474012378
2.7045,0.0960814245098716,1.05424838406353,0.0323690646319395
2.705,-0.224526405432686,0.995992365139737,-0.0211503447834368
2.7055,-0.203860240163415,1.03966623960267,-0.0432769549284756
2.706,-0.513908769354813,0.969072017501191,-0.0600134184412748
2.7065,-1.57321137938832,0.996059491598715,-0.0743812288114074
2.707,-0.831029244988624,0.924645098692699,-0.0806549783625027
2.7075,-0.332202549813689,1.03124988447861,-0.0411930014106687
2.708,-0.377269968833685,1.01505958589233,-0.0161456045789255
2.7085,0.158268175945701,1.07239440538815,0.0262183215457085
2.709,0.319426569539945,1.06724933371516,0.0436485586898656
2.7095,0.400405338006488,1.12161711435746,0.100658150549777
2.71,0.680070527963987,1.09752718391318,0.0691353306715465
2.7105,0.823924782528349,1.10249255476699,0.0554226808221456
2.711,0.916379525001019,1.07716779191003,0.0426946193409905
2.7115,0.253514977250259,1.04172587951007,0.017077439784876
2.712,0.113525942949809,1.07279601778893,0.0306591357871422
2.7125,-0.180160755587732,1.06239956126391,-0.00338345010046249
2.713,-0.0444053014333072,1.00306556661106,0.0277493466878177
2.7135,-0.083510759073942,0.95196213969512,-0.0145884519345551
2.714,-0.366013468969549,0.918514220979198,-0.0857126287407792
2.7145,-0.359454634321712,0.915113257330418,-0.067794083371506
2.715,-0.59957828852518,1.00086589342266,-0.0817244660532611
2.7155,-0.736578890780115,0.964008382507088,-0.0532756469799461
2.716,-0.165226914000702,0.950915410593987,-0.0279649562835758
2.7165,0.344413845623357,0.97768701321833,0.0172265576119044
2.717,0.299471935953172,1.01842053183982,0.035038442975949
2.7175,0.641020005901226,1.06106727218236,0.0367335824740545
2.718,0.201127186674595,1.14896544350961,0.0508273642373042
2.7185,0.825559512037242,1.10012705152939,0.0599937101816336
2.719,0.644195564593521,1.06134552715939,0.0375562629343318
2.7195,0.725025692221262,1.06604939294702,0.0287078988696113
2.72,0.727555734374725,1.03793536242951,0.0387342809525071
2.7205,0.0128922225020185,1.08143687903958,0.0157943316282727
2.721,0.289439796858095,1.0721882747453,0.0062186929843936
2.7215,-0.570367700969687,1.03008988870049,-0.0217978592858134
2.722,-0.524726147228673,0.950690428663285,-0.0538213551796348
2.7225,-0.583423022572156,0.983937170451777,-0.0333582517019959
2.723,-0.425938621584033,0.943195805750899,-0.0477253384368228
2.7235,-0.708639222621461,0.949084382559185,-0.0844126559883769
2.724,-0.708887470901848,0.939088347521771,-0.0408623764408094
2.7245,0.0988040779693002,0.990853595402488,-0.0185722303162604
2.725,0.0906607320475076,1.00562206695989,0.0502588305684525
2.7255,-0.223159374669216,1.0530088970077,0.0672942674253877
2.726,0.554567213124625,1.06771222512401,0.0428411669531481
2.7265,0.202047040485071,1.09606372133007,0.0269917179822831
2.727,0.889404364171542,1.06783567830349,0.0366418511186598
2.7275,1.00579930347261,1.12946179256419,0.0609714254411338
2.728,0.488117419032296,1.0625950110799,0.0554864678727232
2.7285,0.106602399261593,1.09013259066901,0.022821753504918
2.729,0.393532992026742,1.03493612497102,0.0314337336567718
2.7295,-0.299877849953247,1.00060449315863,0.00801789645494369
2.73,-0.611550896792365,0.945553924108225,-0.0219155570305582
2.7305,-0.899881757928683,0.974032820273549,-0.0792208800682091
2.731,-1.04672683344487,1.00217449305949,-0.0888971095275107
2.7315,-0.610751072222538,1.02773665213084,-0.096615501746742
2.732,-0.667068950363525,1.00734047166173,-0.0455446553473177
2.7325,-0.209455896145463,0.976353661160944,-0.015438504935081
2.733,-0.186164698128733,1.03805181729439,0.0221677345190573
2.7335,0.0342423082804256,1.11056822676793,-0.0181103892759319
2.734,-0.097307396045854,1.1242343813158,0.0245681106620541
2.7345,0.338732869200285,1.1166995674962,0.0579001417635909
2.735,0.683387437182434,1.15995328495693,0.0377597861491555
2.7355,0.582584406317084,1.18722862410612,0.042789385582526
2.736,0.943873494088782,1.14457208162837,0.0522144048156709
2.7365,0.0149880729766314,1.11950488833683,0.0518854438691388
2.737,0.208935252879023,1.09602026429159,0.0445827731664063
2.7375,0.0286438937275677,1.10987711971209,0.0161417738081318
2.738,-0.434735170341731,1.08345558407254,-0.0374896180297249
2.7385,-0.444514119622079,1.03244412701906,-0.0458815777664742
2.739,-0.209138887442965,0.987807925037061,-0.0703642545536258
2.7395,-0.951253093757406,1.03291560406623,-0.0673751516370859
2.74,-0.743851175689659,1.02926566880123,-0.0729094854566955
2.7405,-0.88625169780483,1.05817940436892,-0.0133005250828553
2.741,-0.150259608029075,1.12554070835044,-0.0155575798256149
2.7415,-0.387935264748337,1.12457157809437,0.0118813492919874
2.742,-0.0430982696681078,1.12456095916339,0.037808355706345
2.7425,0.760894792732401,1.24516970598557,0.0322070749539842
2.743,0.787742860306334,1.18539474888625,0.00420636095716935
2.7435,0.487854585677636,1.20610013580305,0.0451056292485428
2.744,0.930864471216781,1.24174320920985,0.0625622744846033
2.7445,0.416808358880194,1.17741400484648,0.0649765188066682
2.745,0.43130894696793,1.20646833977434,0.0398809823590021
2.7455,0.629832082195281,1.17834004009993,0.036529565732676
2.746,0.478005232195007,1.21590713009393,-0.0119790742159321
2.7465,-0.442393004126577,1.16750519054221,-0.0454842838723181
2.747,-0.537776558690062,1.12318998902055,-0.0513872761419338
2.7475,-0.394638039389682,1.06874338938358,-0.0783284097710867
2.748,-0.534732224557276,1.1177114418855,-0.0680325674144612
2.7485,-0.680638337959949,1.10335702022873,-0.0508153277125496
2.749,-0.523148962638797,1.12040463062067,-0.0173253118383405
2.7495,-0.44913201202919,1.11024147367281,-0.0118824129509486
2.75,-0.567995110469833,1.13128259345691,-0.0320987237762199
2.7505,0.21387339369096,1.24438555928911,-0.00234727709431701
2.751,0.170984937456726,1.27731708199839,0.0275202534319421
2.7515,0.564744622347345,1.27460443026723,0.0386284886035891
2.752,1.30272446005387,1.31695376493008,0.059455630710039
2.7525,0.66173800453834,1.30814638477747,0.105786769916189
2.753,0.906543332179371,1.24708502555142,0.0443733061954396
2.7535,0.053114975619346,1.23318993170534,0.0467751460322783
2.754,0.404937502390196,1.28129295312017,-0.0123618096854765
2.7545,-0.589105383605743,1.23421799052082,-0.044376000922568
2.755,-0.473369334438299,1.18819786903729,-0.0560602019213069
2.7555,-0.506659216550962,1.15020864898912,-0.0825041868259346
2.756,-0.518866715967299,1.18264575987793,-0.0591937439555208
2.7565,-0.704840055641289,1.18655399206803,-0.0381047247725509
2.757,-0.849599452093414,1.13892605311424,-0.0203502490284679
2.7575,-0.707454021627605,1.24752986370738,0.00327020379683653
2.758,-0.351032189841527,1.252385265374,-0.0215985784225395
2.7585,-0.168882614022871,1.2946467730861,0.00466960016419845
2.759,0.185385894597807,1.27759339049204,-0.00916319851893555
2.7595,0.290328012570454,1.39378245073962,0.0443942699709366
2.76,0.962068269652611,1.38787852191966,0.056539555270234
2.7605,0.75109176445871,1.34571420887673,0.0725871977123136
2.761,0.690532704899672,1.36079494314901,0.0708521168648102
2.7615,0.258980357514644,1.33463056507193,0.0516639596993178
2.762,0.32122278710749,1.34404645199021,0.034268826071341
2.7625,0.0807530401120862,1.33001687377681,-0.0255844950493923
2.763,-0.485943984366243,1.29103411540171,-0.0336451168282639
2.7635,-0.765691794240207,1.27241533165034,-0.0482419270797742
2.764,-1.10274947952997,1.26015869619997,-0.0587865690971565
2.7645,-0.464458126159516,1.20762391753807,-0.067878407641294
2.765,-0.903451777953628,1.26851944700941,-0.0335019037257688
2.7655,-0.515166916952979,1.23868331641776,-0.00517480996325503
2.766,-0.308571803776496,1.30957622734657,-0.0228519436960935
2.7665,-0.0628646464524227,1.28989517179992,-0.0347095256611192
2.767,0.010405504492915,1.38865775787409,-0.0201898339188978
2.7675,0.345038947155602,1.39832051111484,0.0141944439053751
2.768,0.500089796026294,1.43285247257385,0.0611750373881838
2.7685,1.00834328091118,1.40261371447473,0.0884129362016548
2.769,0.381787258843225,1.44906588467834,0.0760003075424688
2.7695,0.525037694381936,1.39447676972958,0.0778973382605264
2.77,0.667876100736659,1.38780869585799,0.0643296588724929
2.7705,0.275015582524925,1.36612933143239,0.00224055302094197
2.771,-0.357586233703332,1.3619437019667,-0.0203974320805874
2.7715,-0.130428268466035,1.35866431557582,-0.0139694766663988
2.772,-1.2011131544483,1.29222620369597,-0.0750891518614379
2.7725,-0.771857043978651,1.28058699783062,-0.0478307345287741
2.773,-0.288691791316232,1.29415172432803,-0.015870469650361
2.7735,-0.492345621077929,1.2739450091158,-0.0367495505790047
2.774,-0.268778071830182,1.35706530581981,-0.0273550478326449
2.7745,-0.274157973744131,1.37192444351889,-0.0538274971497731
2.775,-0.0950541021180426,1.39946112039345,0.00409294954890473
2.7755,0.424810992631414,1.38807044747495,0.0240486027355293
2.776,1.04561850410888,1.38100577028033,0.0559911377634501
2.7765,0.549213554482436,1.42134087475367,0.0611483379355906
2.777,1.03893152330606,1.46851901836493,0.0834602866713986
2.7775,0.512749704784465,1.43376285773332,0.0706652237834016
2.778,0.417033487565251,1.44857105384841,0.0675146239604591
2.7785,0.490595597933017,1.39658213783988,-0.00230435253568389
2.779,-0.140218418179358,1.39492957621683,-0.0135809658465363
2.7795,0.0663542099438636,1.35381175880987,-0.054055206452211
2.78,-0.820690162947348,1.34443529805378,-0.0309409827280469
2.7805,-1.1794875048011,1.26232703865291,-0.0277060046188699
2.781,-0.707751823961691,1.34092175899048,-0.0475935411303307
2.7815,-0.585684197231987,1.29544969432395,-0.0504730196095161
2.782,-0.255148092237676,1.32385838785129,-0.0318821636142205
2.7825,-0.369606715989549,1.38839724544597,-0.0526134066377888
2.783,0.069599744402854,1.35973701606702,-0.0517421909914337
2.7835,0.14530057359801,1.42326632017312,-0.0151686818739967
2.784,0.497155285716086,1.4069867067379,0.0193411862163554
2.7845,0.28116689972419,1.47002790940457,0.0681358988922005
2.785,0.626775922638949,1.46685405341504,0.0741628412500978
2.7855,0.52820984261806,1.45601078762283,0.0886674542581973
2.786,0.555020168397763,1.43875092551294,0.0519450914843186
2.7865,1.03880545325281,1.44514748711893,0.0248863823771379
2.787,-0.101214691856864,1.37387519033982,0.00828278373433753
2.7875,0.00854428440946558,1.34374249366726,-0.0166464126609794
2.788,-0.329962076797412,1.36970302553664,-0.0273186837353007
2.7885,-0.369472073948371,1.33315845842853,-0.0295693451297872
2.789,-0.165453126221126,1.31115407141026,-0.0146732945878199
2.7895,-0.448630594282878,1.2732231803703,-0.0456607667161584
2.79,-0.808976836741839,1.28710493260858,-0.0879485209410199
2.7905,-0.88070314993794,1.25536594502534,-0.0769764166399787
2.791,-0.114482012158351,1.28112428134315,-0.0476447567062987
2.7915,-0.332951859655686,1.35904131374601,-0.00032446194461782
2.792,-0.0103397389268821,1.34205688110413,-0.0186542257457211
2.7925,0.51446541640516,1.40310328827877,0.0347379659630096
2.793,0.191181254408404,1.37030821579178,0.0429848571480906
2.7935,1.05416718806713,1.41213065858206,0.0726904041198946
2.794,0.690694277487081,1.39470403164755,0.0544659885080387
2.7945,0.51297088372434,1.4257679938689,0.0495564989827923
2.795,0.599735877648479,1.38599717501776,-0.0124066804680119
2.7955,0.369823032578621,1.36383080959776,0.00686051775923843
2.796,-0.14708147018562,1.28834465326522,-0.00284776686838713
2.7965,-0.0502691739520014,1.25546591459031,0.0072271706689939
2.797,-0.42924692571035,1.22710199763038,-0.022287525051447
2.7975,-0.368057466555366,1.27925888668335,-0.0389936023861456
2.798,-0.608830342933935,1.2581292832478,-0.0449989002000033
2.7985,-0.659359141780748,1.2497191449977,-0.067661678521717
2.799,-0.0254280692773392,1.23455405000957,-0.0741999483481802
2.7995,-0.444535250578059,1.24770592546625,-0.0373661354645065
2.8,0.158271147517674,1.33554043973936,-0.00237742415143955
2.8005,0.754244076786817,1.34646115948902,0.00621441729133784
2.801,0.358953742891079,1.32017722081175,0.0420142361839813
2.8015,0.769603096083444,1.41637497994423,0.0732802285387047
2.802,0.75364334932307,1.31757240751001,0.0563549125931333
2.8025,0.554872362299162,1.37256486198694,0.0241153285730835
2.803,0.519093081083396,1.36461174676235,0.0306106151203198
2.8035,0.479501264827753,1.32182329466211,0.0219636714565217
2.804,0.666671548724971,1.25567016808159,0.0213345261142
2.8045,0.0538664520909929,1.25815161412969,0.00198278227025935
2.805,-0.457411273850078,1.21288441259428,-0.00468571795418802
2.8055,-1.06257770649639,1.20054839574287,-0.0184324624202884
2.806,-0.599936839835553,1.16973595900811,-0.0928116259954746
2.8065,-0.596841617288208,1.19029603966829,-0.0556428463855926
2.807,-0.766868570971786,1.1665398529713,-0.0840014596329541
2.8075,-0.143709898483939,1.15876240245159,-0.046204747808828
2.808,-0.0698169980336089,1.24776200062907,-0.000575343396999415
2.8085,0.231143686447028,1.27527581148069,0.0109240207807414
2.809,0.202883255900348,1.29521875314824,0.0553281924861164
2.8095,0.347836432714678,1.24061289032666,0.0676466428939416
2.81,0.523394720726588,1.31189942823158,0.0520013695828059
2.8105,0.394108535390385,1.26534592203113,0.0377308725275415
2.811,0.478280867594579,1.31273814179569,0.0165345748640763
2.8115,0.642305592505238,1.29218074152134,0.043513050626487
2.812,-0.316188781186805,1.26440135543606,0.0231536297577336
2.8125,-0.442993097820266,1.25453210678966,0.0174348322745149
2.813,-0.240913771368342,1.12322351647389,-0.00685439232100474
2.8135,-0.378149437818684,1.14780164067333,-0.00334864143044363
2.814,-0.845484540979191,1.16139725977194,-0.0774248764033673
2.8145,-0.536703338191222,1.1030480057178,-0.0946303142368937
2.815,-0.324375974765435,1.1021744930872,-0.0588362598889731
2.8155,-0.346775985583719,1.09028405672587,-0.0820619814502326
2.816,-0.714484717616623,1.16323152206536,-0.0547770490953552
2.8165,-0.266823475614852,1.16200135428113,0.0186797446266811
2.817,-0.0464443910582581,1.21588035988785,0.0436446684087386
2.8175,0.309971292391387,1.17128865965133,0.04805874238691
2.818,0.398990811460125,1.19349085572112,0.0400536076489662
2.8185,0.44890741198431,1.2263792881132,0.0307081333240502
2.819,1.13667404173415,1.2266256186897,0.0280405571981233
2.8195,0.48327216717781,1.1770466155233,0.0357491347850957
2.82,0.356207673337117,1.19184764671619,0.0433431254872926
2.8205,0.238394377989124,1.14110325411473,0.0206247825398978
2.821,-0.517105570432673,1.15354132534115,-0.0115824680685643
2.8215,-0.60842192035434,1.08443976453622,-0.0143628962179291
2.822,-0.399069036230367,1.06353193418178,-0.057253653051326
2.8225,-0.549608522164907,1.01035244157157,-0.0665256785491186
2.823,-0.959075764391834,0.979255230377057,-0.112916761113078
2.8235,-0.324843400949361,0.963344386993096,-0.0806654595296277
2.824,-0.4752690581417,1.10716174239869,-0.0337304865875403
2.8245,-0.211144150990831,1.0863063340106,-0.02244317515068
2.825,0.027320913572699,1.13877119410313,0.0414411444402049
2.8255,0.108987414925149,1.11561858038541,0.0474087492010133
2.826,0.000443126027051988,1.09492551800259,0.0286657873934448
2.8265,0.572902440442122,1.12177550214715,0.0418219701255352
2.827,0.276642722217137,1.12450346899898,0.0393526444113271
2.8275,0.59517469042493,1.08073345826247,0.0229368122090433
2.828,0.567288266889434,1.15572742984001,0.0487505779566695
2.8285,0.371713802129635,1.0803400384339,0.0491898511741378
2.829,-0.262752917467117,1.08618628967524,0.0463010882607303
2.8295,-0.074629212859058,1.0486910730617,0.0139297607298817
2.83,-0.695553146730528,0.994255194251263,-0.0609673094636342
2.8305,-0.501419466517508,1.02899183279819,-0.0566604387852387
2.831,-0.505632547499832,0.986479127731433,-0.0617939298128067
2.8315,-0.256716541057513,0.928543224069398,-0.0800556704821725
2.832,-1.07674242922741,0.980328003129148,-0.0625400173323888
2.8325,-0.185277407035676,1.00989515085253,-0.0150863474927381
2.833,-0.206614418711059,1.01069116484717,0.00130060906258214
2.8335,0.0648556234979904,1.06343872383271,0.0151424546806258
2.834,0.181002515446403,1.11792516646317,0.0239245810258807
2.8345,0.572819011567027,1.11405780846573,0.025339452051091
2.835,0.570018522960827,1.14632113507517,0.00550235221460364
2.8355,0.511210612242123,1.17273701846056,0.0294907805897366
2.836,0.468959893719806,1.1557635280505,0.0608991294067671
2.8365,0.610652857992474,1.09712427820035,0.0555128947642062
2.837,0.368397205620479,1.10862893506397,0.0537397952604581
2.8375,0.275154972333646,0.982722876991476,-0.0193424754359023
2.838,-0.154668376752154,0.999194788487321,0.00352127754400436
2.8385,-0.492736390968816,0.990387564640308,-0.0714551131100218
2.839,-0.887570775161602,0.96293224352116,-0.0666314727759414
2.8395,-0.586273882849991,0.936095545269082,-0.0787082933611753
2.84,-0.710209719182877,0.883901737474774,-0.0608706667120426
2.8405,-0.457822646246178,0.961850827829219,-0.0123305136587154
2.841,-0.102171686014629,0.94568206635887,-0.00660758866238386
2.8415,-0.206661034331241,0.992571762057475,0.00461656308549468
2.842,0.0449882145357611,1.06552684409487,-0.0193540667529274
2.8425,0.326422918260773,1.04187731270715,0.0171043042082614
2.843,0.615023070558961,1.11296638489731,0.011437050407544
2.8435,1.16280153262547,1.07554992006538,0.0398062011332198
2.844,0.435229185177972,1.15698971353528,0.0432508036114796
2.8445,0.896560812257671,1.11910966797677,0.0704108595896761
2.845,0.337021005916194,1.03394901147481,0.0515679804812803
2.8455,0.389824711143409,1.06281700666979,0.00928563762515674
2.846,-0.0683911522760777,1.07921216320184,-0.0141745934039356
2.8465,-0.45375257018548,0.903711203256285,-0.0380919171210667
2.847,-0.576835189784304,0.946138641448396,-0.070763176458695
2.8475,-0.392184014655941,0.90869042931924,-0.0857166582941435
2.848,-0.346298121677359,0.954385598896778,-0.051889717616438
2.8485,-0.360720892277834,0.979094840808318,-0.0342091882695772
2.849,-0.595529530044077,0.977326677698629,-0.0327788437778627
2.8495,-0.566624740514046,0.998238364982215,-0.0104513856773202
2.85,0.100216922409316,1.03876665337244,-0.00763564535451336
2.8505,0.376328296917245,1.02779379841688,-0.00603744731920162
2.851,-0.17386659907021,1.05622676850074,0.0085435559318105
2.8515,0.606403333775687,1.12916587176787,0.00983087137967914
2.852,1.18595699862618,1.09889618858739,0.0656848712484297
2.8525,0.583688527157771,1.15846102215967,0.114161781623353
2.853,0.349913091507955,1.13119097902042,0.0709406493736948
2.8535,0.0674744426983853,1.05094979153096,0.0537712001288465
2.854,-0.369655060177747,1.0645083739877,0.0292871504728038
2.8545,-0.287190611706601,1.04753178561111,-0.046620256490936
2.855,-0.314156214165315,1.00682973640972,-0.0643764101381459
2.8555,-0.805397968540297,0.96528992747852,-0.0942455958386482
2.856,-0.587347603148998,1.00567671003094,-0.0476001079756564
2.8565,-0.453608173364982,1.07039373817896,-0.0538107948563334
2.857,-0.70745153140543,0.993042864461826,-0.0314894944144196
2.8575,-0.26612181355213,1.0299346559909,-0.0537292486314151
2.858,-0.0232576500651067,1.09285075781265,0.006774287092372
2.8585,0.072252738018465,1.06357160276781,0.00509546190597138
2.859,0.807913931037686,1.08338164676557,0.00160374148494221
2.8595,0.191749459469446,1.13986548093056,0.0751078721952501
2.86,0.697910511692195,1.0877324853238,0.0365357440297642
2.8605,0.428414219854796,1.13446399856263,0.05434253501655
2.861,0.417912312467989,1.12877646937977,0.0856683425279348
2.8615,0.562848173055086,1.17231447995484,0.0686179902342769
2.862,0.516575400091576,1.10463442385373,0.013821345555491
2.8625,0.042525765049533,1.06711162636368,-0.0190801947519291
2.863,0.0829458343323386,1.05305263038019,-0.0487332086706845
2.8635,-0.684820816566561,1.03020500669815,-0.063922604519357
2.864,-0.513185303055892,1.06993551839704,-0.0595643182081077
2.8645,-0.791900242250709,1.0187130055666,-0.0491081792627134
2.865,-0.817383149540721,1.0078394114059,-0.0265632321443032
2.8655,-1.16662054843943,1.07733924975415,-0.0178619556698113
2.866,-0.12797616233474,1.09476754741511,-0.0252718875410636
2.8665,0.385990388287028,1.13840114604345,-0.0201578805450048
2.867,0.289021193007855,1.13146398637747,-0.0155209097359497
2.8675,0.731893787843308,1.1397751509954,-5.85244703545096e-06
2.868,0.571724153431489,1.21370774224457,0.0479583467141465
2.8685,0.340268591846563,1.21916523703976,0.0593188225667509
2.869,0.429642191706038,1.22353672881147,0.0575409035192286
2.8695,0.3560202323182,1.20423654396409,0.0840783494454204
2.87,0.663067876848467,1.21289493985065,0.0414727062487566
2.8705,0.0438197811906575,1.18234731451647,0.0284028172155984
2.871,-0.0597314200177721,1.14854997599916,-0.00974867252678812
2.8715,-0.650697240345334,1.11920061468344,-0.0544201865539226
2.872,-0.553340735569662,1.03843002860874,-0.0664321590938014
2.8725,-1.0328642025296,1.13821730937935,-0.0601376021939096
2.873,-0.832824507587663,1.12493296335327,-0.0512533172127137
2.8735,-0.405867626882453,1.11228408698745,-0.0636797614063184
2.874,-0.023215508491181,1.20556835142911,-0.0401718700075759
2.8745,-0.120929140924382,1.20260832396335,-0.0528707030875624
2.875,0.0243095611793407,1.18397452646354,-0.0405269427024189
2.8755,0.510519929383308,1.18625377307604,0.0125829150319629
2.876,0.632318417743772,1.23144722742965,0.0475026708900637
2.8765,-0.0171021946726791,1.25132660394039,0.0706006135327261
2.877,0.208407504340323,1.31365145640723,0.0945744547460042
2.8775,0.416963351939847,1.30114016710979,0.0765759533735579
2.878,0.288107596751656,1.33273194724567,0.0490690475537365
2.8785,-0.0834242706576172,1.23430838644892,-0.00259556414262151
2.879,-0.087202355225994,1.25497095232496,-0.0314989697031384
2.8795,-0.396188762351234,1.22657535421026,-0.0356208558020498
2.88,-0.111064659185746,1.18548901499193,-0.0267932742753231
2.8805,-0.707041419580974,1.1439740341905,-0.0345886498190695
2.881,-0.964049296751313,1.205932912062,-0.0323788343265225
2.8815,-0.748998916280357,1.24009079846648,-0.0449652820007081
2.882,-0.725498379920459,1.22102082015313,-0.0328706533918025
2.8825,-0.320242206411926,1.23937402292093,-0.07048665977941
2.883,-0.221016034785529,1.21429957216208,0.0108003936996541
2.8835,-0.289147786069722,1.30289475749213,-0.00527948028357255
2.884,0.461105246560245,1.3622373966615,0.0154003724748857
2.8845,0.414370873737361,1.37064453595314,0.0523602727023009
2.885,0.473655505060608,1.36728091475291,0.0326085098767753
2.8855,0.441400538295298,1.36183997323869,0.0876123602600923
2.886,0.791612012554101,1.38445356920231,0.061142222299452
2.8865,0.421429229343857,1.32264176297762,0.0318956392950285
2.887,-0.146971533110345,1.28979355740325,0.0300845710354527
2.8875,0.542698591086649,1.25500769126553,-0.00259420601642353
2.888,-0.326571352519317,1.27111940374393,0.00687075668235664
2.8885,-0.380583271480068,1.23288583294589,-0.0191914772627583
2.889,-0.503810764503962,1.28016598835636,-0.0197535876486499
2.8895,-0.9800655666415,1.23497284788566,-0.0242714241475955
2.89,-0.317286909402871,1.27209720383592,-0.0428795671996673
2.8905,-0.441519220208696,1.19794718305941,-0.0646943269592711
2.891,-0.279337745673148,1.2723211666676,-0.0466325746693846
2.8915,0.255658489388325,1.29406212346382,-0.0308797977809081
2.892,0.202455131758877,1.37970857052854,0.00398034145553613
2.8925,-0.0461367494869108,1.40051937374121,0.0303410765073677
2.893,0.548111795534744,1.49574911006806,0.0661381206673501
2.8935,0.933977680175252,1.48240427422904,0.0748050273027043
2.894,0.945275155572281,1.46972146316883,0.0340937733231695
2.8945,0.618005952090809,1.40470986397515,0.039036112415816
2.895,-0.0392701288834283,1.3175981786829,0.017783783562739
2.8955,0.436592724689636,1.39194026500706,0.00334444952045786
2.896,-0.0962185773245729,1.34461747445695,0.000707401854095636
2.8965,-0.266671678437898,1.31171764006797,-0.0374740422785546
2.897,-0.182834519532225,1.35005486809657,-0.0488814819107153
2.8975,-0.520251221882313,1.19519807234586,-0.0341027503566267
2.898,-1.58204585790474,1.26981556102255,-0.0834076732964015
2.8985,-1.00648479141781,1.23193430157864,-0.0692609466021581
2.899,-0.65370521393409,1.27522283631407,-0.0561130969372262
2.8995,-0.563001907468997,1.35249092973022,-0.0452168614837067
2.9,0.0383660306107595,1.40123973299616,-0.0083115514648074
2.9005,0.278084513060964,1.39304020190955,0.0605892666613736
2.901,0.273112200504811,1.4034916163564,0.0431288584805591
2.9015,0.8822953438747,1.49675968965467,0.0849720785697318
2.902,0.45356097306289,1.46974516895197,0.0755398281745238
2.9025,0.533456484907312,1.48081214179294,0.0250267326145135
2.903,0.335252605826408,1.47254413953347,0.00565869842705817
2.9035,0.0897591068664543,1.45705165601598,0.0240362400312311
2.904,0.0952978127724906,1.46606469770436,-0.00658652672629505
2.9045,-0.510510192262642,1.38197877529253,0.00539016524978733
2.905,-0.460804154409529,1.35386126895317,-0.0180846759579555
2.9055,-0.342135363900509,1.3233998272602,-0.0193988200764228
2.906,-0.435980665204564,1.31930534158785,-0.0426562686229434
2.9065,-1.12583303914686,1.3008029026616,-0.0712754585850533
2.907,-0.447748139308122,1.31258373297891,-0.0514494473003638
2.9075,-0.496917470922595,1.33996477390013,-0.0587634155386971
2.908,-0.0491388108620017,1.29113929161735,0.000230316581718451
2.9085,0.124544686515411,1.42516710104979,-0.00476605795043955
2.909,0.234251249149512,1.43782304648325,0.0543480414372645
2.9095,0.49762704099988,1.44865245035016,0.0577608460407045
2.91,0.770205338909524,1.47755828710525,0.0636353842756129
2.9105,0.830155172382565,1.43937389485129,0.0486873284605408
2.911,0.400550371124314,1.41827556812288,0.0297695355675729
2.9115,0.112914687980892,1.44661363599893,0.00736483691584086
2.912,0.134367077199646,1.43659830489364,0.0131659560913286
2.9125,0.254999331545117,1.38846056368899,0.00418605900453164
2.913,-0.15334336013178,1.33135795655871,-0.0112704559383226
2.9135,-0.345942004712236,1.26763359601942,-0.030150909417529
2.914,-0.697988925260044,1.32181369014616,-0.0578459805526453
2.9145,-0.839156460543526,1.3025706901714,-0.0842277466972152
2.915,-0.0978906774245755,1.32768942646508,-0.0564811536937964
2.9155,-0.526196467324735,1.31513384103123,-0.0690749317982169
2.916,-0.32081659293417,1.30884480181356,-0.0494224407231768
2.9165,-0.14971134182278,1.3609795410304,0.00367169702338181
2.917,0.178692826329438,1.38117940261268,0.0629043987711193
2.9175,0.301207920964645,1.3563352349661,0.019653927228525
2.918,0.28626245076519,1.40523620656632,0.0390637510204467
2.9185,0.759870018642776,1.40666881640756,0.0331306848463899
2.919,0.996470095586852,1.40751161892142,0.00939688691626985
2.9195,0.59324664380002,1.40096083341925,0.0278141113618427
2.92,0.194714760804604,1.35769193254389,0.0401940749036423
2.9205,0.175173714420782,1.36300467795027,0.0533241603234823
2.921,0.173916661079585,1.33265237660595,0.00707272724974621
2.9215,0.13388209101694,1.27843986741328,-0.0177304481489057
2.922,-0.850080158729849,1.25246714731484,-0.0304681546861208
2.9225,-0.587028419260155,1.30299859147335,-0.0685989448364355
2.923,-0.754138345741997,1.28223424201781,-0.0752143417538139
2.9235,-0.449255521487034,1.21164361870701,-0.0742189115390284
2.924,-0.400582365034033,1.27641158840898,-0.0105368851423615
2.9245,-0.385243301620997,1.26564976201749,0.0188364498241075
2.925,-0.451797049665114,1.29441880073664,0.00222900946579013
2.9255,-0.0655408894719192,1.30908627583374,0.0328395581272021
2.926,0.29090151921586,1.30856217314505,0.0371849399854043
2.9265,0.516366027771867,1.40263282608906,0.0546034733770154
2.927,0.938849624787768,1.31258489775337,0.0319334857598313
2.9275,0.465811659769996,1.35911278563066,0.0528813101803694
2.928,0.590731382891133,1.35113813979611,0.026628519135882
2.9285,0.537596401294335,1.26746279556221,0.0441155783272128
2.929,0.138848019148234,1.30994501426873,0.0335674034824717
2.9295,-0.139360610928581,1.25641245863789,-0.020149760439834
2.93,-0.532058587810018,1.21380347551689,-0.0421190587772088
2.9305,-0.334597525573655,1.17903400418248,-0.050571753206235
2.931,-0.22670081943016,1.17031336546586,-0.0472220177683428
2.9315,-0.514859726225673,1.19419984700006,-0.0666498204257149
2.932,-0.467812862202625,1.12510888463799,-0.0478000701685814
2.9325,-0.320247434695996,1.21158362280324,-5.85018891094899e-05
2.933,0.098146083929885,1.17751307345843,0.0101655431943907
2.9335,-0.00191945376987254,1.2427651638119,0.00908844623918265
2.934,0.182493888269284,1.30346632797832,0.0266101047613469
2.9345,0.629557827147293,1.31982939172042,0.0153185503905136
2.935,0.536223521903851,1.27191872227221,0.0438055609128028
2.9355,0.865953992908702,1.30711489437332,0.05464455203322
2.936,0.216883157274806,1.24760079661565,0.0450872033897734
2.9365,0.77246992059644,1.26167920983037,0.0439396198118842
2.937,0.0543921220162186,1.27211098941952,0.0583750209480459
2.9375,0.0596373538345898,1.14409194691721,-0.0187370442383802
2.938,-0.353933767785927,1.21831519362493,-0.00875073007669109
2.9385,-0.262177250329037,1.15799372562002,-0.066052829728704
2.939,-0.936612755643851,1.07423649166305,-0.0474948348665381
2.9395,-0.908921935487787,1.15549377716174,-0.064413913579901
2.94,-0.203677375433664,1.1208516023394,-0.0723854100717578
2.9405,-0.739397376036173,1.13839118434587,-0.0458400022835457
2.941,-0.484372633811877,1.13906483301654,0.00340017743178933
2.9415,-0.0649996966128351,1.15270092762166,-0.0129553096647735
2.942,-0.0398170553529735,1.21444533750311,0.0193843265671562
2.9425,0.414442052303359,1.16785445766791,0.0213889345906186
2.943,0.836530091509452,1.16718827827072,0.0121198123223752
2.9435,0.648259077810107,1.21919081126759,0.0547594997426178
2.944,1.06252424816805,1.21943688642202,0.0558576994189288
2.9445,0.179828771404292,1.17547935258514,0.0643582479963526
2.945,0.306274249942683,1.18756682150992,0.0545315004023792
2.9455,-0.0588469082103386,1.17040331088469,0.0402453013578325
2.946,0.0116728889231061,1.14434895016017,-0.0107897841842523
2.9465,-0.624603603998803,1.12220164402875,-0.0293226378070272
2.947,-0.934322655020905,1.05066473201886,-0.0841854923790263
2.9475,-0.708551785905432,1.02320589631911,-0.0712658489439677
2.948,-1.09395048434201,1.02528059422244,-0.0761197733729454
2.9485,-0.804832239671071,1.02064759899865,-0.0616288102531247
2.949,-0.575779330466823,1.04432650569292,-0.0112599297196698
2.9495,-0.653610107983757,1.09898289064446,0.0213490983744019
2.95,0.140979843713128,1.09154197398145,0.00547297621639435
2.9505,0.312332583605402,1.11994177272684,0.000432943911812593
2.951,0.281859444038542,1.09905923277457,0.02408491682817
2.9515,0.231612166275031,1.12831714124627,0.0383853603311769
2.952,0.570471550866864,1.21870570765379,0.0792622600268887
2.9525,0.567139110640513,1.13928520054089,0.0792663908667343
2.953,-0.0498499671406145,1.06776156976871,0.0689524171392625
2.9535,0.635284288622342,1.10154118274992,0.0598690134824513
2.954,0.189109633448609,1.04057392633911,0.0328429864526433
2.9545,-0.59754780365492,1.02223982560046,-0.0245021936232034
2.955,0.118403596595158,1.02796866409409,-0.0651199181601411
2.9555,-0.578566751787906,1.03301705835994,-0.0426550148269542
2.956,-0.99668078431987,1.01266704846727,-0.0563049564527052
2.9565,-0.859734324118171,0.92353412192533,-0.0341842604328373
2.957,-0.474219789085045,1.03561487332464,-0.0153196735103147
2.9575,-0.735735969657547,0.951140480729561,-0.0287549504375381
2.958,-0.277352590205982,1.07737258413313,-0.0346811449375302
2.9585,0.0547244887702128,1.02664986147952,-0.0105347917356395
2.959,0.20159441346974,1.07214866173353,0.0331259244232916
2.9595,0.543182364317844,1.18135864942155,0.027374145952251
2.96,0.429501482580099,1.13192720414391,0.0543458639111543
2.9605,0.574767319854829,1.17142475849825,0.0604771613758524
2.961,0.625454512717782,1.11395986063171,0.088419453409667
2.9615,-0.117984182061864,1.15996103329687,0.0524713289236998
2.962,-0.24456997287576,1.06706556373654,0.0076120617220137
2.9625,-0.26676959724065,1.01856874773642,-0.0155198628151196
2.963,-0.214936097745454,0.933978215774233,-0.070277827398887
2.9635,-0.38603306606181,1.01142181008056,-0.0626902237329342
2.964,-0.759946711833257,0.96772851140654,-0.0531377965395014
2.9645,-0.3083962715677,0.936810695306144,-0.0464290292032022
2.965,-0.323191571875414,0.998150910786447,-0.0225978772394551
2.9655,-0.535509590834378,1.01249139128141,-0.0508516635433526
2.966,0.524300486764514,0.953464802490109,-0.028436872489515
2.9665,-0.171204477218478,1.00224846201717,-0.0137609607335232
2.967,0.404314654923859,1.0012986492472,0.000109525201792917
2.9675,0.358718964385005,1.09578119930775,0.0279112402882189
2.968,0.106609019157507,1.07945902105716,0.0553512934435417
2.9685,1.09554874540843,1.10909732403848,0.0754180213182711
2.969,0.359592800132357,1.08506724322916,0.0578115253579561
2.9695,0.55597248438652,1.11557890872537,0.0625240841769892
2.97,0.854350563160977,1.07471818221529,0.0350969137206323
2.9705,0.318955306907189,1.05198647418184,0.0157629466565342
2.971,0.0129978945485973,1.0508523567696,-0.0267943505661489
2.9715,-0.342847861196368,0.978366257504953,-0.052365743498751
2.972,-0.428816215912104,0.892767002451546,-0.0472576740778346
2.9725,-0.132310821477709,0.975017832704432,-0.0537845114325885
2.973,-0.749853871757358,0.958313370711808,-0.0371901286761123
2.9735,-0.630635195654866,0.968298787646222,-0.0455606310152207
2.974,-0.549024228645276,0.987560223158687,-0.0398548395777956
2.9745,-0.336968342112724,1.0228381641248,-0.0273199653341533
2.975,-0.0431203994492862,1.06539686825275,-0.0404371233091597
2.9755,0.388592648071709,1.06294719118536,0.00435603179106828
2.976,0.456877572927431,1.06590913450311,0.0266924840166265
2.9765,0.384466701310843,1.14448140235382,0.0696611047777537
2.977,1.04671639029137,1.10195450982409,0.0830564163869067
2.9775,0.386402825057768,1.08610794553747,0.066568433850733
2.978,0.406479369943584,1.12754790991261,0.067834656866012
2.9785,0.325767265633779,1.10940577639997,0.0262734167391067
2.979,-0.341023012192182,1.03858101223387,0.0066904307731001
2.9795,-0.410045170221985,1.059005392955,-0.0143947804642183
2.98,-0.696255075069051,1.01041747605521,-0.00756275295360668
2.9805,-1.20154839350853,1.03989952436325,-0.028205841434294
2.981,-0.089609170628032,0.974774401336028,-0.0296128566622264
2.9815,-0.805338539705359,0.97640996655406,-0.0502645732247817
2.982,-0.325178233253627,0.993171485270876,-0.0714591363408705
2.9825,-0.368214998291351,1.0807817692154,-0.0576444966870535
2.983,-0.406116172073887,1.02994379583084,-0.0291220629715403
2.9835,0.0693056744829347,1.07028443173689,0.0062091376063057
2.984,0.40634106778563,1.11859460524139,0.0172524032998359
2.9845,0.202273723140052,1.15005341502106,0.030476557688636
2.985,0.901738479915055,1.1200819850923,0.0844113068008114
2.9855,0.931053172286616,1.14410174738536,0.0865296110549859
2.986,0.548395093869029,1.10750266669407,0.0459135424706692
2.9865,0.586817007499423,1.11813869517097,0.0399611158006429
2.987,-0.07171559997076,1.11542424845157,-0.00145124462021545
2.9875,0.142968447900046,1.07722785005156,-0.00695861329149005
2.988,-0.264930656830016,1.00259130577339,-0.0186761293200526
2.9885,-0.0307975127921894,1.03971763258936,-0.0343963615534136
2.989,-0.811406436634678,0.997875648216326,-0.0482237294750154
2.9895,-0.128082225241407,0.998774089943252,-0.0558074760441934
2.99,-0.596138199623024,1.03792917338928,-0.0348349126265804
2.9905,-0.375576494111648,1.04889105974459,-0.0798907970649135
2.991,0.0579741150875569,1.0796916075453,-0.0403778222803527
2.9915,0.196556478671211,1.1200811299391,-0.0267824862912251
2.992,-0.0618799035237616,1.15463242295521,0.0158836951404131
2.9925,0.142402143424416,1.16332605569471,0.0389666038612002
2.993,0.304431066516744,1.23806396132004,0.0845967625793026
2.9935,0.888827690355575,1.28080227162707,0.0686161973794465
2.994,0.586107079330945,1.18622439924231,0.0516346318457845
2.9945,0.421679028814439,1.18173249332197,0.0248248015410386
2.995,0.391516587609933,1.19669171752504,0.0140202976080749
2.9955,0.415835711156264,1.11480741549602,0.0084519242851261
2.996,-0.118778913915438,1.13694239149648,-0.00814107640292091
2.9965,-0.22650224289294,1.0617037601154,0.00932298147054217
2.997,-1.06469811286822,1.08330606945357,-0.0268109798219235
2.9975,-0.766479410277201,1.06198344621518,-0.0567961817928869
2.998,-0.895731513792369,1.11007263211047,-0.0751948260934689
2.9985,-0.730027959822189,1.10257088516723,-0.0650512474320994
2.999,-0.621830828365535,1.14653614017288,-0.0421909082262659
2.9995,-0.337444246106915,1.1899346562607,-0.0312793704422578
3,-0.122832027651845,1.2279545303015,0.00384348656021101
3.0005,0.396272972817858,1.19855985159021,0.0396422259916852
3.001,0.790057839512609,1.29906222066209,0.0639038128730868
3.0015,0.185882262217705,1.2789118109203,0.0558498486909386
3.002,1.06641624388376,1.33691443001947,0.0522509051824911
3.0025,0.919297803449211,1.3311991401239,0.0476227780061169
3.003,0.508238274140974,1.27511428627142,0.0556011766861642
3.0035,0.698104040780504,1.32499067841726,0.0293576833972659
3.004,0.140031365435064,1.2805442189115,0.023299377574623
3.0045,-0.411463827279506,1.22913787194008,0.0103491994897929
3.005,-0.0876313248252436,1.18495339582208,-0.0364024362278106
3.0055,0.0273079824246665,1.19118637869449,-0.0190314848890909
3.006,-0.810994702915969,1.22415732618313,-0.0998718713952823
3.0065,-0.867689209862652,1.1555067145052,-0.0782925121870531
3.007,-0.24594900407933,1.1667387715409,-0.0616354641625898
3.0075,-0.375256141345179,1.22970543068429,-0.046531091348425
3.008,-0.497166839249283,1.2638042753845,-0.00757026415921502
3.0085,0.38779042418898,1.3084443791803,0.00623078577292913
3.009,0.263977631240484,1.33424145765821,0.032016642773543
3.0095,0.28492429342087,1.31376850881481,0.0603357862843518
3.01,0.451572850270935,1.42769579153292,0.0512014871162297
3.0105,0.501922978848419,1.39265376024237,0.0282714899009368
3.011,0.802106608072578,1.37888456431431,0.0219066741385377
3.0115,0.140524078357611,1.36875582244231,0.0291954405609745
3.012,0.348211342351942,1.34835759502513,-0.00846560374791646
3.0125,0.251102841071156,1.3316977270417,-0.00873818924665412
3.013,-0.445785230321499,1.29794178612433,0.0136184454680571
3.0135,-0.345558783816503,1.24462881724688,-0.0264881974271051
3.014,-0.98052108543489,1.21975975721554,-0.0173239419465996
3.0145,-0.451243061067047,1.19499486146518,-0.067323246517939
3.015,-0.876474576017517,1.21746557380723,-0.0668521802783602
3.0155,-0.281120357305404,1.24340834551338,-0.0719345511610133
3.016,-0.193364991630001,1.33853126075674,-0.0059783796995392
3.0165,-0.181341287551756,1.35127792563182,0.00450393497851532
3.017,-0.214249562517502,1.37580043394085,0.00939850136130515
3.0175,0.700874771011221,1.42648013308363,0.0252163978952672
3.018,0.566667687178484,1.43532232789089,0.0425756371286634
3.0185,1.03406236559959,1.41068341784387,0.0490851783219399
3.019,0.61677126447446,1.39152591379844,0.00463944246117554
3.0195,0.0836182844832964,1.43595991135539,0.0249242515951592
3.02,0.790172870211636,1.44705650921629,0.0289790109664898
3.0205,0.0826796611129836,1.32411253818039,0.0385542908259129
3.021,0.152732283581379,1.31597737658655,0.00892801617945227
3.0215,-0.48173600701085,1.26856063343169,-0.0376521896088296
3.022,-0.328655616956613,1.27384554758758,-0.0447627524872694
3.0225,-0.385612859032036,1.25372836593097,-0.0386978223836413
3.023,-0.370333204285775,1.33499976721815,-0.0848384249434072
3.0235,-0.44050889754422,1.27282513086724,-0.0672935278183786
3.024,-0.437783895121321,1.28429507422101,-0.0275542436545019
3.0245,-0.193777936774209,1.36096563936819,-0.0243099775671704
3.025,0.075586248373801,1.40549018555067,-0.0168441143240093
3.0255,0.0452014889954633,1.36414560367615,0.0486367683322031
3.026,0.564887768726684,1.40657676113731,0.0327657505309064
3.0265,0.298559300061309,1.42758398394964,0.0682522791623276
3.027,0.146387840911052,1.44365504105306,0.0248877368269906
3.0275,0.634962185796839,1.44949759688648,0.0409333958770078
3.028,0.530036892090154,1.43323961904161,0.0232592760797398
3.0285,0.355623033391013,1.41422655017385,0.0333934261361528
3.029,0.521359615596017,1.39507493901622,0.0291312422426602
3.0295,0.153182912650559,1.36155882291095,-0.00793529975082365
3.03,0.0995765627978211,1.33301174722825,-0.0170423300844548
3.0305,-0.471097214085582,1.33561769259192,-0.0640202153775418
3.031,-0.384895095023911,1.28501551183895,-0.0882314561751154
3.0315,-0.759739413905456,1.30762698624468,-0.0577757246824975
3.032,-0.583653662461859,1.31469982411868,-0.0807842048159169
3.0325,-0.802993614901379,1.27669498528878,-0.0204673204034249
3.033,-0.137389848990094,1.36846557357553,0.0134149436111587
3.0335,0.309770882524093,1.36982073173027,0.0313008578369917
3.034,0.0353171585230543,1.42161501173125,0.0393843946987606
3.0345,0.423890663297915,1.42372772911692,0.0301628747206507
3.035,0.410744972274881,1.48464397733844,0.0512957247717098
3.0355,0.418780346089087,1.42793046280734,0.0455439170705099
3.036,0.78840183873698,1.41691104594019,0.0249556041541957
3.0365,0.442531350884461,1.41040475928846,0.0535450059245362
3.037,0.413792079453672,1.38898006461294,0.0302338367387004
3.0375,0.0991938274368944,1.3875538135108,-2.08287507615403e-05
3.038,0.00513421086885638,1.33227760719809,-0.0277219748470162
3.0385,-0.989717677423205,1.25624836354836,-0.0668352581851711
3.039,-0.817743553901247,1.32969823669741,-0.0773021342236828
3.0395,-0.662984993365206,1.27429117547913,-0.0539139310873154
3.04,-0.503752612907433,1.2870921795837,-0.0387859235828729
3.0405,-0.191397752867239,1.28408889542423,-0.00840717921334211
3.041,-0.459033339032447,1.33201766705004,-0.0185228084267288
3.0415,-0.229044348239336,1.33833293838198,0.010771261744245
3.042,0.0830721438271706,1.35207096636503,0.0444977326139243
3.0425,0.538577422834542,1.38291014618969,0.0297250986186445
3.043,0.550496536981199,1.48932605971637,0.0154951982355925
3.0435,0.890807485149471,1.42252295996201,0.056067504141655
3.044,0.416292463514531,1.40986324638675,0.0733350570311569
3.0445,0.626396284780509,1.39016238207018,0.0592835177563299
3.045,0.461250375745366,1.39857263457982,0.0444515083679232
3.0455,-0.256830020471231,1.34571652735278,0.0345816799404277
3.046,-0.0035878381983422,1.34100746133953,0.00378470624064086
3.0465,0.136371272882161,1.30007997774752,-0.0361556298398155
3.047,-0.776864822967217,1.25970756683581,-0.0900597000160023
3.0475,-0.748452327117808,1.21955781582856,-0.0753378108030776
3.048,-0.872361468501515,1.26590889498233,-0.080874308631638
3.0485,-0.278079592285669,1.26620139654648,-0.0591361078529577
3.049,-0.562984667328837,1.24937310443711,-0.00972180322641786
3.0495,-0.0400550486693051,1.24552601395907,-0.0103639604593068
3.05,-0.411189955330149,1.35762685476054,0.00160486787142375
3.0505,-0.227823265433877,1.37110583590788,-0.00121241377561205
3.051,0.672898499922263,1.3853281047185,0.0368191467934752
3.0515,0.70808509311833,1.36349390370781,0.0267559779197055
3.052,0.687325713444977,1.41061396509136,0.032287563701397
3.0525,0.829918741569684,1.39893562718482,0.0773005489324891
3.053,0.493314751092655,1.35202229478265,0.0734044278177794
3.0535,0.332797877748717,1.31799557675701,0.0424949288520077
3.054,-0.141255251468217,1.26853521438662,0.041142232957748
3.0545,-0.151310650070833,1.23557062895005,-0.0287275449265572
3.055,-0.638259222109053,1.17928808166085,-0.0615069404482532
3.0555,-0.744275793364668,1.24693186616851,-0.062846112444295
3.056,-0.726029836479896,1.20252333510088,-0.0657093656419456
3.0565,-0.571931829042235,1.18443583117256,-0.0274992389298965
3.057,-0.12061835358363,1.13017071570101,-0.0530135939296133
3.0575,-0.268479759192863,1.2350000547373,-0.0378275267051054
3.058,-0.0519626741620336,1.21599821515672,-0.0160883873611235
3.0585,0.213165768880552,1.25619017978722,-0.0158581764852599
3.059,0.598165776669962,1.30324862016,0.00568923552253
3.0595,0.620439104513848,1.31122980835993,0.031969811870561
3.06,0.602528081282568,1.34357779961442,0.0772843977956264
3.0605,0.507212718228375,1.25168720529536,0.0848155970821083
3.061,0.707205446591925,1.21277968952175,0.0558503295468817
3.0615,0.00112653087896808,1.24091579024793,0.0400221200494408
3.062,0.237332911539792,1.24161713603822,0.0167961498127376
3.0625,0.235811088353373,1.16817305749113,0.0168999393184707
3.063,-0.283808238246997,1.15321665416962,-0.0533184549149014
3.0635,-0.277505719723481,1.12758592370061,-0.0628052199675212
3.064,-0.51420736317169,1.13530428037166,-0.0616004694938574
3.0645,-0.468355270169281,1.08704532367086,-0.0489980318706484
3.065,-0.708951128638616,1.09323252441941,-0.0731258812375276
3.0655,-0.0565216865063536,1.11597726876767,-0.0203315235700892
3.066,-0.197368746965913,1.14334510723983,-0.0450685931299905
3.0665,-0.0418772092229106,1.1279577067896,-0.00568601926467906
3.067,-0.14463352237451,1.16246744570503,0.0124868514994724
3.0675,0.31330730116599,1.17310479410309,-0.00652148623642027
3.068,0.157922362874063,1.17456732813068,0.0696920405752113
3.0685,0.531926365628936,1.23997803315476,0.0559778780927917
3.069,0.296682429630334,1.21825394515046,0.0590149194883811
3.0695,0.503059788335307,1.22224298759726,0.0590967462167749
3.07,0.399329939634632,1.18644154721062,0.0209268787610014
3.0705,0.0316922759539793,1.2020800786517,-0.026107913545238
3.071,0.331216196746984,1.09645027800897,-0.0187327362842111
3.0715,0.0462726697372376,1.07565041173188,-0.032013416722362
3.072,-0.119784138921572,1.09968695261427,-0.0400924720293745
3.0725,-0.436367014309441,1.06896173433506,-0.0499465547600529
3.073,-0.41778605040683,0.958497693816822,-0.0274443229956467
3.0735,-0.719775991678622,1.06091922692547,-0.0344738590601681
3.074,-0.387210019952023,1.09430328675813,-0.0519345385116932
3.0745,-0.506513460120354,1.07357078441198,-0.0270407441035773
3.075,0.0599616086043595,1.08626004288635,-0.0338621475160082
3.0755,0.511369141321,1.13000777825791,-0.0119502738773332
3.076,0.144652923092036,1.10765323961423,0.0417622228836762
3.0765,0.502661391553911,1.17124922361766,0.0727227794125747
3.077,0.245408941569235,1.12031095129802,0.0605992431167107
3.0775,0.734598216500344,1.14688867301203,0.0962806495646137
3.078,0.779973888250695,1.1569748424426,0.0406383437732591
3.0785,0.581089946216024,1.12288245713122,0.0272946510403271
3.079,-0.179623471477879,1.00692576114338,-0.013833657400988
3.0795,-0.329606852981791,1.03991307370198,-0.0597558162887434
3.08,-0.38555557763558,0.995725291063825,-0.0616565392168154
3.0805,-0.61583759056951,0.977952715987151,-0.0197452468324351
3.081,-0.733324763676385,0.971028541300931,-0.0540960077394246
3.0815,-1.23246468524809,0.953285486926793,-0.00938571487604648
3.082,-0.357616176674457,0.972449498737648,-0.0506928418338787
3.0825,-0.418306615025406,0.983408977648265,-0.0349025419750896
3.083,0.0211787219748845,1.01312920569626,-0.0403344425282922
3.0835,0.142804235436362,1.07733219879768,-0.0180440071952218
3.084,-0.449976752626529,1.07847912796601,0.0456464612348722
3.0845,0.39586506101354,1.08230062472414,0.0476872283649365
3.085,0.778020768174846,1.10395480345222,0.0488025198410253
3.0855,0.871402866648253,1.13427279460739,0.05009061942362
3.086,0.473735306119201,1.12587923942959,0.0682389779618891
3.0865,0.548458294973544,1.10684244416986,0.021333355854982
3.087,0.284418244576006,1.07791546943143,0.00949324454782801
3.0875,0.230468606354744,1.01616714953384,-0.00711983448951598
3.088,0.266056769944519,1.02977858176789,-0.035567223529786
3.0885,-0.645895472653055,0.90124255967072,-0.0253306894677082
3.089,-0.0274755666284466,0.941500817170147,-0.0228159283808267
3.0895,-0.555641914996796,0.949650674131003,-0.047642068277187
3.09,-0.780241428270994,0.977798399710979,-0.0538077287194749
3.0905,-0.672789767999395,0.955530783745679,-0.0620800091338782
3.091,-0.264496138347589,0.980235796681106,-0.0351784214987722
3.0915,-0.0419519822655215,1.02539845512199,-0.0375326467653703
3.092,0.254410903297996,1.08859502200903,0.0296433391799474
3.0925,0.565195992462059,1.04783741679963,0.0343609375107374
3.093,0.605197838690927,1.0854586114626,0.0598583289486864
3.0935,0.342683157292515,1.10999175541667,0.0739729033853221
3.094,0.426166094050797,1.11427171870297,0.046694838619442
3.0945,0.324807203386549,1.09437501933211,0.0432219155351506
3.095,0.210517631134209,1.08817551156451,0.027313416752257
3.0955,0.240285619350384,1.00351670335988,0.0242838372214151
3.096,0.00884155739346675,1.00596863667268,0.00827271217857982
3.0965,-0.350257472055599,0.968156887319741,-0.00345212429106172
3.097,-0.718845365842724,0.989320724196776,-0.0175595060327698
3.0975,-0.660423418024841,0.952675916503043,-0.0371848916904946
3.098,-0.458186200157463,0.905801954689786,-0.0576328565167505
3.0985,-0.583027313009584,0.968545970733452,-0.0567219731318591
3.099,-0.0564182510431916,0.974653559664902,-0.0694922419981473
3.0995,-0.428539453369589,1.01330681020464,-0.0344891965649906
3.1,0.0735448022723649,1.00951615571798,0.0304693947898336
3.1005,0.511705736943019,1.03098156037086,0.0462860685904074
3.101,0.201145414030078,1.10704543938512,0.0662163625600659
3.1015,0.536024187620769,1.10727659265889,0.0711824137685266
3.102,0.302911496447611,1.10426346639548,0.0867729221070878
3.1025,0.345172848641355,1.07694097768245,0.0067522509493103
3.103,0.10633059905552,1.07323844860263,0.0280311411895335
3.1035,0.0589677838274099,1.10910468998097,0.00739044002090973
3.104,0.168031742751544,1.05403190284572,-0.0070613390437763
3.1045,-0.211058695532936,1.01710727943769,-0.0219778653767271
3.105,-0.211119644666273,0.965730706779446,-0.0179806037234695
3.1055,-0.255617242241336,1.00495476024185,-0.0395028085184282
3.106,-0.50555735712983,0.93746268763371,-0.0656029199454254
3.1065,-0.402222003199829,0.982859384612146,-0.0673280512242469
3.107,-0.323537778197698,0.971180828787422,-0.0784590690406545
3.1075,0.232762200088937,1.0140632925981,-0.0505796436757746
3.108,0.0384650733612554,1.02603384586036,-0.000636847979383431
3.1085,-0.296995556672697,1.03096021874327,0.00441717363060483
3.109,0.366034367305214,1.08035787437593,0.0549569766737993
3.1095,0.633940918077437,1.10283272496393,0.0536554897832877
3.11,0.812097604824138,1.23012909246609,0.0536759998160039
3.1105,0.809080951003642,1.1868594402955,0.0528087075296414
3.111,0.425245562593289,1.13122635118563,0.0388754338689652
3.1115,0.421607833407533,1.18783944569016,0.0315971111342842
3.112,0.309262353923801,1.17409603596368,0.0303127102881033
3.1125,0.0539342459830118,1.07944359014286,0.0219937991842829
3.113,0.284363401774682,1.04512425080248,0.0119254599281354
3.1135,-0.815524121692336,0.971065881726805,-0.0313767111991956
3.114,-0.333727048435222,1.02415114042195,-0.0446330105357052
3.1145,-0.307344283135733,1.01221247054617,-0.0487753806793521
3.115,-0.723075490228789,1.08751349518816,-0.0882130530384981
3.1155,-0.342194550323673,1.03125357050496,-0.0582010896888777
3.116,-0.313627895808875,1.11034260697021,-0.0223202849213622
3.1165,-0.334148455667586,1.06435962990587,0.0349370122539202
3.117,0.175529718108539,1.13561534121277,0.0162738167731708
3.1175,0.772354930802751,1.16750339603834,0.0698125541539632
3.118,0.410527935351246,1.21267482128965,0.0536097087783212
3.1185,0.750473872274233,1.21842445562215,0.0346939638014244
3.119,0.313155162609666,1.17076802313485,0.0274334292543606
3.1195,0.279632090537327,1.20495211012019,0.0274641309859507
3.12,0.0452494719009843,1.20684866764055,0.0176066838831537
3.1205,-0.208493520665746,1.13409057191047,0.0240983297097041
3.121,-0.311303484510068,1.12170879716518,0.00238625341376209
3.1215,-0.515727871644071,1.16140886742382,0.00920035849077888
3.122,-0.575565224002182,1.12680864685298,-0.0283431617577149
3.1225,-0.984801757479656,1.13384487560481,-0.0712009789101904
3.123,-0.728869429663894,1.08197633170483,-0.076799628819037
3.1235,-0.739558533840846,1.0524346075925,-0.0616107666128447
3.124,-0.611307692666821,1.12854421566519,-0.025114327371659
3.1245,-0.301199201714675,1.15584361219165,0.00439440324980911
3.125,0.292941876958436,1.20995023477979,-0.0202144882863527
3.1255,0.220712996420262,1.26489414938335,0.0164906190471421
3.126,0.517842719079316,1.28554583369459,0.0332391952713977
3.1265,0.941630353829233,1.32288183374825,0.0534841624576858
3.127,0.772464272767554,1.3013105659011,0.0555306604454071
3.1275,0.605260446587287,1.29959144555923,0.0317275756280399
3.128,0.735578050184187,1.30621294078612,0.0512014873173738
3.1285,0.847573644621742,1.29748786252092,0.0386332171528492
3.129,-0.0537804234625357,1.23710953298393,0.0329479633632719
3.1295,0.0623879651425953,1.24572449240195,0.0176265845644692
3.13,-0.557268990817835,1.17619064924355,-0.0417264789960599
3.1305,-0.82020327466829,1.17105556600197,-0.0342107966555448
3.131,-0.760354865483477,1.18465723780462,-0.0867887484601067
3.1315,-0.609332191864515,1.18180806854236,-0.0801691412934805
3.132,-0.998253094878027,1.12090544229268,-0.03931355674883
3.1325,-0.753109737572659,1.26420093445704,-0.0292715926392563
3.133,-0.163788508312019,1.27619744149526,-0.0113057634634034
3.1335,0.225482899999709,1.30629263342275,0.013643090325536
3.134,0.485910750298913,1.31660293640819,0.0465247914814933
3.1345,0.572354267404979,1.34733249800496,0.0304737677956473
3.135,0.526460634070021,1.33080218958265,0.0335351592925616
3.1355,0.73203138747418,1.3781404545771,0.0546580386720699
3.136,1.1666586280525,1.3823436464273,0.0442215195188528
3.1365,0.90527598756981,1.36857482310081,0.0778156096213029
3.137,0.206175724833055,1.31004239402403,0.029417562360358
3.1375,0.353608057102358,1.30478180573386,0.0342865532788342
3.138,-0.376089676551604,1.28335930839467,-0.00152301314413118
3.1385,-0.323084248928985,1.25489459335685,-0.0910858409451592
3.139,-0.506770073447887,1.18278129494698,-0.0833378767475061
3.1395,-0.40786438120188,1.25802550863765,-0.0725332929171215
3.14,-0.874147326614446,1.25877682982763,-0.0354758020050393
3.1405,-0.305983613489185,1.27937883211369,-0.0262192827458846
3.141,-0.246682487007928,1.27628979066836,-0.00682729965982028
3.1415,0.00705831253952903,1.34572555862865,-0.00955982213489085
3.142,-0.108101158569395,1.34431785285794,0.0185700968531856
3.1425,0.253832027562665,1.35649352487524,0.0319728067089347
3.143,0.119833849755287,1.38105320585817,0.0571076256366323
3.1435,0.404956983795784,1.46098192597237,0.0366682207834822
3.144,0.345844678563535,1.40651201621812,0.0504252395375359
3.1445,0.41819670223685,1.39405539512342,0.0744132907572646
3.145,0.394228375157597,1.42347428228931,0.0449443862962111
3.1455,0.360858913370196,1.33747737031662,0.038283554951465
3.146,-0.342278801988913,1.33872937669947,-0.00582564297661773
3.1465,-0.214878019765473,1.31194577445749,-0.057758886149944
3.147,-0.189376518563516,1.2751146460507,-0.0683103920910293
3.1475,-0.328588533294378,1.31571497511835,-0.0652532133277681
3.148,-0.995521813118196,1.29020558041678,-0.0711438557645472
3.1485,-0.35806919810192,1.31721506719721,-0.0409121353310012
3.149,-0.451469550890001,1.28838239435722,-0.0451142942525981
3.1495,0.125295724209524,1.32908792207367,-0.0118207066133966
3.15,0.232325518371716,1.39757603971257,-0.0203527221171534
3.1505,0.132767765215616,1.35782633081777,0.0189326438320041
3.151,0.476347033172898,1.42040767249587,0.0179862637986292
3.1515,0.668218741082264,1.44628565689766,0.0594571107753558
3.152,-0.0192194788783975,1.4717048159784,0.0466948430513296
3.1525,0.414425551251295,1.46345246454577,0.0964761376728422
3.153,0.361169106600568,1.40490290905463,0.0609137398683182
3.1535,0.00138971734555188,1.36245495646639,0.0318413836090445
3.154,-0.483288728387503,1.40026521446489,-0.00371232887079385
3.1545,0.0616083348014427,1.34608606239887,-0.0396211330312182
3.155,-0.504134979376944,1.33705187943535,-0.0573758434291923
3.1555,-0.210620761336633,1.3447541356756,-0.0666405949638423
3.156,-0.825414005503701,1.29970571546188,-0.0926079105849254
3.1565,-0.347469938997473,1.30662211258728,-0.0519482735001134
3.157,-0.327534587169914,1.34783952465973,-0.0361273359322723
3.1575,-0.210408007774729,1.36043201933278,0.00494319542473508
3.158,-0.407718837304384,1.37900690386464,-0.00383034850924588
3.1585,0.0301067205957697,1.36407573874935,-0.0192812394164003
3.159,0.169540443540078,1.41223427922706,-0.00109724107820892
3.1595,0.219013764453867,1.42296260117023,0.0684462189807045
3.16,0.455177440561721,1.46531871009551,0.0708773548775654
3.1605,0.189011010388641,1.47825134770505,0.088574425797548
3.161,0.499363071634361,1.40770692303729,0.0861824594623368
3.1615,0.358126550036425,1.42023944391194,0.038795712830865
3.162,0.0112537022601855,1.40928936797516,0.0104853365126037
3.1625,0.159333484170898,1.38022151844525,-0.0138320095146241
3.163,-0.481168565193032,1.34233802497324,-0.0287583046973175
3.1635,-0.469251765810082,1.2616724116935,-0.0634268002335235
3.164,-0.406918027378121,1.28504836716862,-0.0555257119296969
3.1645,-0.540167024241673,1.30764248341239,-0.0390869144122439
3.165,-1.16478763512794,1.34566683088313,-0.0161439117126393
3.1655,-0.651127300180869,1.32174859061744,-0.0129013139899447
3.166,-0.387848556042115,1.2735708574268,-0.036807705925553
3.1665,-0.212806734365884,1.35859395460151,-0.0243782595402943
3.167,-0.190488287655058,1.40508199020027,-0.0153780357333512
3.1675,0.33837851931273,1.41552232855436,0.0123554780290185
3.168,0.459554196804101,1.38857041739723,0.046332996847571
3.1685,0.903194673207744,1.40951046572943,0.065096341472707
3.169,0.611249099864743,1.43352598316401,0.0640533638755789
3.1695,0.677569044104603,1.44861278997318,0.0615348221919178
3.17,0.316252958377964,1.38337231372818,0.0157480055400624
3.1705,-0.308793788615693,1.35529408139895,0.0142450912625389
3.171,-0.442679439769112,1.3570005880411,-0.0293918572356953
3.1715,-0.47362306783125,1.32548037482884,-0.0502332325605819
3.172,-0.565414252374418,1.275634147981,-0.0193768976776616
3.1725,-0.419873270140709,1.21251516634811,-0.0483269738441816
3.173,-0.800324080921094,1.22444183796098,-0.0268931123221581
3.1735,-0.693558792471052,1.26290583187002,-0.0463773467366879
3.174,-0.341749285856282,1.28691044210443,-0.0491122013747824
3.1745,-0.358651511328957,1.29610270589958,-0.0519962830777207
3.175,-0.307104965855291,1.29264333469572,-0.000337376694891235
3.1755,0.0795525458554429,1.3389201575405,0.00641462367192111
3.176,0.235359438029338,1.31218119502492,0.00988730507984175
3.1765,0.708588219568789,1.39157502918375,0.0813218765578356
3.177,0.646366742257141,1.3532125228122,0.0744067939785174
3.1775,0.699457747417114,1.41566651869355,0.0976027877377921
3.178,0.341086368806389,1.33152135631257,0.0645602695979814
3.1785,0.814250970545446,1.30653209702697,-0.0136522984647701
3.179,0.101427053183434,1.27125247435536,-0.000352672563362513
3.1795,-0.377064708671017,1.31063083792838,-0.00864314583687785
3.18,-0.678534848171924,1.2337923292843,-0.054329948868037
3.1805,-0.474610244704947,1.14823307061206,-0.0157374716228405
3.181,-0.682410050706739,1.14027289407847,-0.041665654954114
3.1815,-0.918621379173123,1.20763336228194,-0.0241123674599542
3.182,-0.616464543183653,1.18950406590662,-0.0489748525739361
3.1825,-0.754331996024843,1.21772504778007,-0.0670469646810043
3.183,0.0236761884968458,1.18517056024378,-0.0261681907944104
3.1835,0.559962080505744,1.22540042699963,-0.00219959107545311
3.184,0.469584054973021,1.28008284919576,0.0215745419637732
3.1845,0.374192549060383,1.23598063814375,0.0560879228564448
3.185,0.90141057581512,1.29891428230317,0.0599316609878128
3.1855,0.66188453028723,1.31134535406396,0.082573440475195
3.186,-0.0207301748672756,1.25642507855358,0.0781470584892671
3.1865,0.367784306549727,1.25372303401362,0.0134306052614377
3.187,0.236861856893499,1.26872409950468,0.0113066929649412
3.1875,0.140554515368192,1.24362875254149,-0.0152294020011692
3.188,-0.258179791387144,1.13463100568096,-0.0327421754813424
3.1885,-0.110232668205789,1.14766984826972,-0.0220050642890398
3.189,-0.86555685558806,1.11842309366916,-0.0493842623307207
3.1895,0.026500600014565,1.06910350825084,-0.0574794937368219
3.19,-0.222466119583426,1.12939258978637,-0.0611322831996021
3.1905,-0.515725697055223,1.09561838035174,-0.0814227382956668
3.191,-0.211824166332353,1.14851009008447,-0.0484429002970452
3.1915,-0.291996500289123,1.11673983217354,-0.0207508905180789
3.192,-0.0862229219342817,1.17887981964615,0.033966290031214
3.1925,0.365154619427125,1.22293162967778,0.0776388641417168
3.193,0.743509360505267,1.23295830292036,0.0867367393377948
3.1935,0.809675201131117,1.21017888761886,0.0728506460202654
3.194,1.11098856558921,1.23700508993275,0.0613642689824811
3.1945,0.415374106580802,1.1831717517212,0.0468197146931837
3.195,0.290059690180569,1.14722030710166,0.017053964043677
3.1955,-0.537288624532602,1.15888995328763,0.00557186485883443
3.196,-0.150848865580922,1.13751497939716,-0.0178829851551423
3.1965,-0.246755404854549,1.09540629320775,-0.0214871976534356
3.197,-0.443567458639373,1.026617554484,-0.00866096343047918
3.1975,-0.720959552235915,1.05508640285696,-0.0387112547409831
3.198,-0.908406919607573,1.03407377506006,-0.0698339730098694
3.1985,-0.634441175198429,1.03395155835938,-0.0627788839619857
3.199,0.14795859626322,1.03822249146792,-0.0561874872206947
3.1995,-0.448500496559109,1.06068205165627,-0.0268560996336304
3.2,0.000666101008704181,1.12434748806808,0.00253869530604423
3.2005,-0.073242386017667,1.10385995943893,0.0208108463991628
3.201,0.693029124951317,1.11907518735394,0.0366792216622049
3.2015,0.727738301022078,1.16109037556151,0.0857486299660789
3.202,0.625819980732589,1.17514545225129,0.0612801008578166
3.2025,0.546185771105421,1.14743789248831,0.0218444289814976
3.203,0.821769016443657,1.18302556058465,0.0204605683039088
3.2035,0.427032003690903,1.136210800496,-0.00518216922393885
3.204,0.0726227449759579,1.11263706658053,0.0180776515078078
3.2045,-0.111660373195452,1.07881346535551,0.0183972239583816
3.205,0.0401411225822717,1.00667111144117,-0.0261975499183502
3.2055,-0.371213615786671,0.907840206029883,-0.0344677303614363
3.206,-0.508475754305725,1.01485930838069,-0.0395227487533225
3.2065,-0.433446726550524,0.959143496937328,-0.0630345430537304
3.207,-0.519311183994177,1.04162639453309,-0.0701936284828909
3.2075,-0.591109182719687,1.00958872031301,-0.0527972031147698
3.208,-0.0537460989766269,0.992194964179072,-0.00663984488702423
3.2085,-0.332184918290768,1.01396808252649,0.0199473705463482
3.209,0.108508900991096,1.0631372751821,0.0554189868028171
3.2095,0.715508687202288,1.0964599339655,0.0511604546303834
3.21,0.382962840497499,1.1284954320485,0.0544572798192015
3.2105,0.651522761013395,1.08725307685127,0.0638227287297502
3.211,0.475548865022238,1.14813306203995,0.00985988133923447
3.2115,0.469786243383047,1.11385521228636,0.0351784843338898
3.212,0.321194694143018,1.04796236022032,0.00865781206367379
3.2125,-0.125230849513449,0.966199603683585,0.0174477365809945
3.213,-0.746361310699121,0.995856158497339,-0.00501886370078856
3.2135,-0.144853670501858,0.979378441911299,-0.00915164420091991
3.214,-0.668290694468098,0.977094624387949,-0.0563995098228393
3.2145,-0.511976740217653,0.92850244254209,-0.0618663590596772
3.215,-0.313242944755087,0.923517085485833,-0.0950758619560914
3.2155,-0.720677233405927,0.981495548624858,-0.0649225975422636
3.216,0.0326862825752834,1.01017096231285,-0.03909502798008
3.2165,0.112106596845158,0.997465581597086,0.0079523159672459
3.217,0.175785039786254,1.05450041979172,0.0314338397476739
3.2175,0.253402980482899,1.06346114599129,0.0268880046354953
3.218,0.794061401579609,1.09056082147764,0.0409903498314712
3.2185,0.684623362664015,1.10017721794198,0.0533037516835041
3.219,0.706160996010113,1.0713556276678,0.0322338592939095
3.2195,1.16572508146632,1.05912801045023,0.0532053086070044
3.22,0.481459717048437,1.07156801443402,0.0209632146893115
3.2205,0.439141881603106,1.05234172953583,0.0402389059798474
3.221,-0.0857406696694921,0.973939529963867,-0.000424081964442956
3.2215,0.169751805812373,1.00171076256954,-0.00950093480802835
3.222,-0.472828531922459,0.935113110138316,-0.0592130667670161
3.2225,-0.802926042718424,0.982185780106856,-0.0730876844512216
3.223,-0.585605967592787,0.937402966344612,-0.0683950723192962
3.2235,-0.956067062286849,0.935570973918112,-0.0741399732591281
3.224,-0.0842750970810782,0.999601903459304,-0.0479430238650685
3.2245,-0.510393850456169,0.991851553937672,0.00527851746246157
3.225,0.0704112404948422,1.02984376776311,0.0312495351141115
3.2255,0.442867243387288,1.00367497778148,0.0373525013067392
3.226,0.519081974131424,1.04221875887114,0.0228402249893734
3.2265,0.619889840334881,1.11913756282068,0.0343465833402175
3.227,0.364512637916776,1.09160345419507,0.0431671251105742
3.2275,0.539445974009644,1.12031626113344,0.0667101213620155
3.228,0.680712407416646,1.11370520738021,0.0139623799728631
3.2285,0.0892322291266913,1.02469348541215,0.0601915955101878
3.229,-0.236059137507184,1.07506813984419,0.0366426355948838
3.2295,-0.319222889909484,1.04344696556992,0.025145088807558
3.23,-0.127992428828805,0.986630849060972,-0.0269980422750718
3.2305,-0.559252927160316,1.00714063155279,-0.070124701654287
3.231,-0.514957555315314,0.939272573282068,-0.061117453863572
3.2315,-1.00678410309975,1.01617170651449,-0.0745784616632857
3.232,-0.683511836418567,0.984806924404655,-0.0653224477120352
3.2325,-0.516174043345268,0.957015254723844,-0.00392197477831191
3.233,-0.460861819217888,1.00216978310201,0.0071100726015209
3.2335,0.366242773050098,1.05879005762686,0.0176660997041355
3.234,0.539562306405639,1.1199645016773,0.0255201481353292
3.2345,0.0552896960695448,1.09947799372447,0.0188006641926533
3.235,0.614225511155886,1.14202789970704,0.0543234238248014
3.2355,0.337518774202231,1.18369287406678,0.0199483212442639
3.236,0.483318056412817,1.13752487501338,0.0647724795819714
3.2365,0.408353339786056,1.11699547271233,0.063515968337912
3.237,0.640807926867227,1.15503545984865,0.0461908552859816
3.2375,0.092609112483567,1.07865389761543,0.0246678613404108
3.238,-0.377457728003595,1.0743034697356,-0.0483159643616246
3.2385,-0.188810117750609,1.0548847524819,-0.0439832133423907
3.239,-0.305203559825804,1.04186606073063,-0.0823432165193654
3.2395,-0.543520032192505,1.01748439512174,-0.0625736895036351
3.24,0.00976425477033382,1.0228598359598,-0.0927278802681872
3.2405,-0.487847599896618,1.0266333088442,-0.0238306392459905
3.241,-0.393666150895494,1.13203535222301,-0.0412810958344241
3.2415,0.0640011392414389,1.11260956335429,0.00203294219959678
3.242,-0.181650552662205,1.11402802830918,0.0277090779021625
3.2425,0.237230435376928,1.21523663767165,0.0324668844552549
3.243,0.353450368270726,1.22336916106213,0.0235627333758523
3.2435,0.909801556938137,1.19001692562042,0.0540793307899756
3.244,0.744796953607586,1.1764691753981,0.0494343655169065
3.2445,0.640105961918993,1.23095819408788,0.0628584383757126
3.245,0.569767825559328,1.21083950425111,0.0625827058313446
3.2455,0.368597265971468,1.18598958181405,0.0387552404369132
3.246,-0.0642537080041801,1.08920421486813,-0.0173687649609506
3.2465,-0.632332415833527,1.1464635368897,-0.0464210486658746
3.247,-0.865357130103948,1.12553704700413,-0.0917508019984076
3.2475,-0.539904370049668,1.13682316431727,-0.0733468004766549
3.248,-0.160514129649931,1.11027117682924,-0.0641588076743808
3.2485,-0.314713766338644,1.08821549919684,-0.0192696977240705
3.249,-0.133287193516629,1.10979757419635,-0.0192206645986957
3.2495,0.235966929563118,1.12338774816539,-0.000457709669767624
3.25,-0.12128044698928,1.24785535001131,0.00105481749794271
3.2505,0.0540058212355175,1.22112547343465,0.0113235354028445
3.251,0.67039940001922,1.23972275129898,0.0120656640435033
3.2515,0.342660097226329,1.23855849113978,0.0472705070906913
3.252,1.12557874737304,1.33561700831977,0.0538916898509735
3.2525,0.771043354225013,1.32467276970379,0.0760613742001834
3.253,0.285350321362731,1.26868771718529,0.0901913676408569
3.2535,0.18431132785607,1.29871464878226,0.0517771420985066
3.254,0.20269961827942,1.22834439573552,0.014053042262718
3.2545,0.034928007694639,1.20366665910578,-0.0405193037482713
3.255,-0.0465251497712093,1.18590963716116,-0.0350719529695592
3.2555,-0.401345342745737,1.14236635327615,-0.065727294428005
3.256,-0.819386140015233,1.14842671759481,-0.0710096034894507
3.2565,-0.542318327585237,1.17899086272671,-0.0549831214943622
3.257,-0.870133464562571,1.18337660101754,-0.0151507493000409
3.2575,-0.194276119785715,1.21141932013989,-0.00594623269460135
3.258,-0.00010588887710164,1.26341804083348,0.00167242513045349
3.2585,0.10878686734117,1.30598156860445,-0.0201914893692751
3.259,0.0457220994623623,1.32948444846848,-0.00171046964159812
3.2595,0.761483980147043,1.317299963187,0.0276532498338162
3.26,0.793931727828797,1.38812444206286,0.0457503249918347
3.2605,0.395898132876783,1.38810816121995,0.0663315072916381
3.261,0.186607131221236,1.37419575610125,0.061862709078307
3.2615,0.644534793409026,1.41872761587855,0.0469220495799982
3.262,0.363687532986152,1.40812046276012,0.0237447059011427
3.2625,0.00898110602196955,1.34877548338404,-0.0113812911374736
3.263,-0.147648317684323,1.24604872196247,-0.0700224545942792
3.2635,-0.218909740692604,1.27342380865506,-0.055955454666003
3.264,-0.627431846507639,1.27235840730846,-0.0642340684561247
3.2645,-0.184582453071671,1.266525870948,-0.0441374035675234
3.265,-0.459332494475487,1.24420106806899,-0.0238512152303168
3.2655,-0.633890369031207,1.33998107052308,-0.026630486434818
3.266,-0.399837828209322,1.26548924784156,-0.0502349618730448
3.2665,0.304218961953413,1.31523554297857,-0.0304214244014692
3.267,-0.0197928848159585,1.32355584988874,-0.0306514085507014
3.2675,0.0720267334308047,1.36517766095906,0.0206879491179254
3.268,0.772896026729597,1.39803357857686,0.0351010164416921
3.2685,0.643048396292268,1.41085202547219,0.0749030023897639
3.269,1.11401771270887,1.45502511697817,0.0690719947517113
3.2695,0.416983479023253,1.41526057954878,0.0604349147391664
3.27,0.496367256126624,1.40162497113134,0.0158808983757621
3.2705,0.137654341690462,1.37429161416178,-0.00509104579677104
3.271,0.0362617703850787,1.39013893011199,-0.0364855193651646
3.2715,-0.673378372123343,1.35432897285514,-0.0256858382345105
3.272,-0.378851457017468,1.26696898492937,-0.0360751442230028
3.2725,-0.353786524620139,1.30283006172735,-0.0253991999651096
3.273,-0.572791488057941,1.30881311892434,-0.0286371659385945
3.2735,-0.6078345367974,1.27969086042025,-0.0214778496526847
3.274,-0.38528181454622,1.27979928771532,-0.0465366585283086
3.2745,-0.732950568011629,1.33716694245295,-0.0511145630684259
3.275,0.310467070421754,1.36489966985949,0.000129072125513597
3.2755,0.29609825428782,1.4001470792867,-0.00160803364821579
3.276,0.529131988841644,1.4256308881327,0.0547450533403836
3.2765,0.681043739750586,1.43473488843736,0.0737483167488759
3.277,0.642261880616855,1.4048011961355,0.0888707500134494
3.2775,0.898201071588266,1.42699662063866,0.0910981038118355
3.278,0.160605439197994,1.42620340245634,0.0366012139781012
3.2785,0.256595923693718,1.39611819773436,-0.00956370174347599
3.279,0.342631135127734,1.34326520424933,-0.00574295144730881
3.2795,-0.145685862687307,1.35219023690117,-0.0442740952187148
3.28,-0.174945259097288,1.41089823281451,-0.0614508442441672
3.2805,-0.887067821709025,1.32438844694441,-0.0397432383266383
3.281,-0.473588505163653,1.2759411944756,-0.0159093828757606
3.2815,-0.289823887238457,1.29022138905354,-0.0640803354698252
3.282,-1.04187744034543,1.33587525028517,-0.053004912519516
3.2825,-0.394294125846843,1.34767738204682,-0.0491971846166287
3.283,-0.455167390365324,1.38448776835347,-0.0536539133697683
3.2835,-0.186060436141043,1.44937151154716,0.00146612421715617
3.284,0.422947385123735,1.37979854631619,0.00683528172214518
3.2845,0.711900906333329,1.44350127615616,0.0727075137558564
3.285,0.489821211808168,1.43568996182822,0.0673392581359926
3.2855,0.439058886477408,1.44662721270363,0.0605824128242087
3.286,0.966212680050287,1.42848424625473,0.0417589727912887
3.2865,0.368516444364631,1.40962932030513,0.0348697124499803
3.287,0.304869398149951,1.38579215869218,0.000615416172733547
3.2875,-0.0869813740515022,1.30260722424407,0.000703104389814257
3.288,-0.0828109806408926,1.32649886463512,-0.0283842701381735
3.2885,-0.695316671320827,1.28155034537076,-0.0251150549240846
3.289,-0.509718933958601,1.29752401672945,-0.049748972575539
3.2895,-0.789495420476949,1.2903292101737,0.000312543320532294
3.29,-0.589144270200722,1.3018244602613,-0.0362574927818211
3.2905,-0.266037482417856,1.30001702251098,-0.0579406726926891
3.291,0.21576682199873,1.30740466257163,-0.0496893513429375
3.2915,-0.184299048569432,1.34402241595081,-0.0114650692203589
3.292,0.274742024186968,1.35766387622985,0.0219987005763839
3.2925,0.219947405907965,1.41623627909502,0.0398759634611469
3.293,0.50235746128476,1.45173550516061,0.0410584842136718
3.2935,1.25397388302281,1.40275175047541,0.0834357033726867
3.294,0.60356193906085,1.41986422104145,0.0471712908026793
3.2945,0.330507708833562,1.39338883599106,0.0506040287855466
3.295,0.584475056152585,1.37884695103855,0.0393420413082173
3.2955,0.372458248903597,1.34650607634588,-0.013747268171647
3.296,-0.451596369274328,1.37231650332358,0.00759059541898456
3.2965,-0.433560441399008,1.32009807265363,-0.00695953941185221
3.297,-0.549423660183002,1.24031742078817,-0.0134796701865794
3.2975,-0.603236348689307,1.28483440984758,-0.0340080747800436
3.298,-0.540153515603933,1.25672096726973,-0.0330755517064954
3.2985,-0.653490550170231,1.21514132847664,-0.0695977154319069
3.299,-0.279984609109565,1.2904192965911,-0.0466781420063736
3.2995,-0.0911121957899668,1.22602816498799,-0.0283282278260339
3.3,-0.210642613190154,1.31258648399842,-0.0333294183197114
3.3005,0.302707968439256,1.38471955126431,0.0190769719361737
3.301,0.107609137950474,1.31310888848804,0.0463113740497049
3.3015,0.719083723207209,1.34344545672408,0.0856969513680591
3.302,0.512126776045017,1.3346227541733,0.0627535118319554
3.3025,0.718882125671587,1.37082617363601,0.0156798453662638
3.303,0.188135177146624,1.29343785973793,0.0231148200836986
3.3035,0.468335960771543,1.31454675324196,0.0100953274132923
3.304,0.00191068751323312,1.23978266520779,0.00504500316887499
3.3045,-0.158971292356331,1.25068156885557,0.0103534399529034
3.305,-0.400683223398833,1.21881898137021,-0.0311215413316605
3.3055,-0.31009029060925,1.20406803270167,-0.041693089220903
3.306,-0.105210072530673,1.18360481072795,-0.0350124806559105
3.3065,-0.331768105963624,1.13254255927578,-0.076528113206674
3.307,-0.470287222182645,1.19707163006436,-0.0373569510671072
3.3075,-0.519355310057233,1.22382144581995,-0.0560680804912292
3.308,-0.119626775351866,1.22068878864996,-0.00423831283984212
3.3085,-0.17853911451143,1.2968596879574,0.025835229688195
3.309,0.250505689557081,1.23589953934587,0.0373186044025961
3.3095,0.671028555577193,1.33820777942954,0.0479429154894617
3.31,0.515588510429281,1.30165666802621,0.0753643280667306
3.3105,0.862102342861267,1.26037674730209,0.0319494657210899
3.311,0.386616839689438,1.28379482907845,0.0295270793751071
3.3115,0.496036271343278,1.24406937995679,0.00850697212578911
3.312,0.290400820731251,1.23795953441078,0.0350730092547954
3.3125,-0.35003546503484,1.24114619701946,0.031333231989979
3.313,-0.338287295834541,1.15989308549736,-0.0166059978268052
3.3135,-0.135149545433223,1.06678866571831,0.00761127270835617
3.314,-0.795069804798463,1.13185875671745,-0.058543928244108
3.3145,-0.601431421382843,1.09003725491376,-0.0774029843330603
3.315,-0.780085724112198,1.10943113259749,-0.0610991755117903
3.3155,-0.67947201126777,1.11109737855737,-0.0856164520433671
3.316,-0.502041580026707,1.15148655788452,-0.0254924102296344
3.3165,0.135116959615674,1.17805400866475,0.0168527133217236
3.317,0.141837536701639,1.17176994515969,0.038199542039381
3.3175,0.424832870618647,1.20387007550915,0.0551628042544343
3.318,0.337015480691543,1.22107788320685,0.0618472696332609
3.3185,0.522303684532521,1.22557436626269,0.0413428931649455
3.319,0.762610016044454,1.24847474321603,0.0393292711898576
3.3195,0.153695497687578,1.22426836104013,0.0172313948261036
3.32,0.141381726210502,1.16526296493681,0.0386413535100667
3.3205,0.395168904722718,1.1463621443414,0.0334637042783946
3.321,0.353050424572961,1.11651532841188,0.0267672354907606
3.3215,-0.486953150806309,1.06520742685955,-0.00375239961378864
3.322,-0.323788985878669,1.07820269933037,-0.0592433392583047
3.3225,-0.846836370185499,1.0007714270196,-0.0634461178529358
3.323,-0.397021188270532,1.02877517459876,-0.0614284654883709
3.3235,-0.475645517014405,1.00697252582244,-0.0822541869876185
3.324,-0.638409322522728,1.05089709025461,-0.0271661256904925
3.3245,-0.0797405879258502,1.06277974736778,0.0175945504080261
3.325,0.316125256189364,1.05811554374204,0.0142793865490359
3.3255,0.167508554895474,1.12285920739573,0.0439629299031097
3.326,0.160034615148702,1.1237113383915,0.043321778927329
3.3265,0.228901790039617,1.16069198640058,0.0328960240834063
3.327,0.250190305090928,1.1845099858266,0.0351035030023511
3.3275,0.63379505003365,1.18422866967428,0.0335838830608739
3.328,0.517547789753476,1.136240554701,0.0248911215402576
3.3285,0.0745982907937359,1.11274730304509,0.0296970327301648
3.329,0.258866275155616,1.08730778563016,0.00374561893835191
3.3295,-0.405980178084325,1.05006661760167,0.00651367629537231
3.33,0.0419873041611453,1.05957864080172,-0.0134204557729792
3.3305,-1.00567025137514,0.993171929664942,-0.0704280847596346
3.331,-0.619490799209468,1.02965421512317,-0.089213709877649
3.3315,-0.362623354360936,0.972419872546203,-0.0673389480397386
3.332,-0.470419733311927,0.973505496954396,-0.0462204906407892
3.3325,-0.317297383651007,0.958333441897366,-0.0347493332825189
3.333,-0.266543416768818,1.04446202803242,0.00120523503569166
3.3335,0.561562800364868,1.05094037023728,0.0335863725077414
3.334,0.154888584131537,1.09611763113204,0.0417761609974279
3.3345,0.606215778590066,1.07616799481379,0.0397662846663618
3.335,0.835594984996882,1.16144130538243,0.0282130866305577
3.3355,0.474055887390088,1.14040520394074,0.0293130343064301
3.336,0.868867159136359,1.11750151663941,0.0556846418610399
3.3365,0.494258918275013,1.07490392119566,0.0625808923245199
3.337,-0.165871921011039,1.07217082134769,0.0356898601285589
3.3375,-0.117818922299242,1.02360374117432,0.0325248581954437
3.338,-0.242310335878426,1.03584581689831,-0.0105343948602985
3.3385,-0.223532277574727,0.934854741972607,-0.0571838661598058
3.339,-0.327997205685637,0.951099251475157,-0.0672235083938633
3.3395,-0.383947581419761,0.986714266856546,-0.0685601394762736
3.34,-0.893598989026245,1.00983056863969,-0.0710579812765275
3.3405,-0.812248595115476,0.965498606623169,-0.0480129996011315
3.341,0.0670661722712573,0.996844903862283,0.0123470950372964
3.3415,0.135809657793056,1.01776858813883,0.0116206357167466
3.342,0.242021038748685,1.00264926241954,0.016049148656711
3.3425,0.714960887224281,1.04540139988659,0.016361149525553
3.343,0.933406251587456,1.08961973714844,0.014080343657162
3.3435,0.355567614986073,1.08241063932504,0.0526184382534799
3.344,0.559021330641712,1.09903967215765,0.0548520657704841
3.3445,0.579188366301582,1.10748637712504,0.0507076992266525
3.345,0.358217554231514,1.09321125629619,0.0833954007631526
3.3455,0.189506081850351,1.00090665820536,0.0332010433056886
3.346,-0.0214030661672142,0.997224896895893,-0.00228915923108407
3.3465,0.00284901966502654,0.974954936202894,-0.0561776230600975
3.347,-1.11701251140011,1.00117514060025,-0.0573033440141502
3.3475,-0.531927963972307,0.958042717274264,-0.0731330115678424
3.348,-0.619163646843356,0.914095859910624,-0.0548566737142829
3.3485,-0.621669773979579,0.934850253740503,-0.0315059222875453
3.349,-0.345605733001862,0.949518669084058,0.00084769827651484
3.3495,-0.0716263079605787,0.986207465400139,-0.0245704472929569
3.35,-0.0712351061236274,1.05692848136859,-0.0157276002286128
3.3505,0.209640635394432,1.06451395120857,0.022682565001408
3.351,-0.0311383999744096,1.07144400648021,0.0297741371990285
3.3515,0.225391593029924,1.12508522642988,0.0335431117147057
3.352,0.462449093266091,1.13427001333565,0.055532161157879
3.3525,0.486932267034981,1.04184013734438,0.0810529801739844
3.353,0.162185618808028,1.09392320469727,0.0641899876338773
3.3535,-0.0270250101707089,1.14702004518474,0.0678959808623224
3.354,0.222975388685383,1.06515543475632,0.0174425620379723
3.3545,-0.104661051105921,1.00111121954901,-0.055545316496916
3.355,0.0172460392387553,0.991100882613531,-0.0585622982453908
3.3555,-0.333175331101188,1.01481268993904,-0.0692902255754425
3.356,-0.837655522118264,0.963749721904394,-0.0427499965336505
3.3565,-1.10079429377328,0.995027587959937,-0.0433943722016881
3.357,-0.43455437109066,0.98721083767873,-0.0516539536568991
3.3575,-0.383479197908373,1.01383098829158,-0.023567967491343
3.358,0.000441058803517441,1.03532186674763,0.00837060165114088
3.3585,0.298129466945467,1.06671254132794,-0.00914877036379442
3.359,0.217574558250501,1.10590941510949,-0.00475702197003189
3.3595,0.465151943446538,1.15788976214227,0.0371691791335222
3.36,0.34779997123092,1.18291223074647,0.081917608037034
3.3605,0.854449066491545,1.13798223059544,0.0785809674805619
3.361,0.515262730476102,1.15287182497785,0.0557353114328408
3.3615,0.246794884287178,1.12917938506335,0.0698799332601243
3.362,0.089919981590295,1.09419986159252,0.0535137661750062
3.3625,0.454568204861409,1.14064763914515,-0.00198942062668752
3.363,-0.0772222106071074,1.07337678056083,-0.0260216104757388
3.3635,-0.274566259262966,1.04421700611171,-0.0637254511802736
3.364,-0.417532222189235,1.09383253372236,-0.0630711203599858
3.3645,-0.439768031911584,1.03798445545112,-0.0597411398897767
3.365,-0.409152316335318,1.036766422374,-0.0447938577833726
3.3655,-0.425463373793354,1.0495300302605,-0.0417771925705482
3.366,0.160932108393185,1.07522273979934,-0.0163974608382317
3.3665,-0.129298973468797,1.08339557929965,-0.0233441307440338
3.367,-0.0730953503459491,1.15704427797434,0.0113849978881073
3.3675,0.222364543235076,1.23611175889758,0.0258396091041889
3.368,0.763301489586253,1.13206768480902,0.0505854591560282
3.3685,0.739242110838524,1.25277222955632,0.0488883401689008
3.369,0.836757285443248,1.25005447108862,0.0639659104572583
3.3695,0.413776333534763,1.25787542678826,0.0785687631869514
3.37,0.363001763947484,1.21403057595704,0.038505996318894
3.3705,-0.315981930132083,1.18609049428767,0.00107143494814506
3.371,0.167066747265711,1.18105694554623,-0.0230368513497538
3.3715,-0.293323922908636,1.10637567680409,-0.0574013247559826
3.372,-0.412077345356177,1.02033660456711,-0.0461994237970777
3.3725,-0.27246014581298,1.10550854272511,-0.0531088484946248
3.373,-0.620049944202168,1.0875369604677,-0.0507935568879255
3.3735,-0.3923883769624,1.14955844060192,-0.0302579419586731
3.374,-0.557745545310662,1.08368803239122,-0.0253870260283213
3.3745,-0.336351401167879,1.13001008368052,-0.0251075821887864
3.375,0.135415627213609,1.19909196685781,0.00137571304150422
3.3755,0.150377339995427,1.24318142317524,0.00735350732851614
3.376,-0.0133937570972419,1.28864076512024,0.0292581409941612
3.3765,0.365107609996119,1.29976562340077,0.0677511704413822
3.377,1.27831222839363,1.32505681600644,0.0699997584694521
3.3775,0.648121171734907,1.30027448815366,0.0642246784218188
3.378,0.478967722247543,1.28796159875199,0.0501243105225736
3.3785,0.16354643429463,1.29442247376193,0.011604091162393
3.379,-0.385724174239476,1.23702579148245,0.0131277594605367
3.3795,-0.103263197317314,1.16538825578145,-0.0414675674505572
3.38,-1.09387199038725,1.25618197306406,-0.0284824649868839
3.3805,-0.696364229195572,1.20991817770998,-0.0429291062908774
3.381,-0.905268368451714,1.18295293772859,-0.0476629130761484
3.3815,-0.594716461977196,1.16820662472576,-0.0495683775752729
3.382,-0.196870217779722,1.20207478211673,-0.045183766646141
3.3825,-0.194860267944423,1.24942702928537,-0.0755039311132163
3.383,-0.247911340789353,1.28441370774954,-0.0335947812314316
3.3835,-0.337604728877396,1.31691577038093,-0.0166429157818081
3.384,0.131996919541433,1.28858391561417,0.020968842301832
3.3845,0.127832341008847,1.36287204303593,0.0748506052139463
3.385,0.630908741341547,1.34753236787658,0.102152454243857
3.3855,0.402893188774893,1.35060617488272,0.0485678252812294
3.386,0.85210156928159,1.31190310083994,0.0453347857951866
3.3865,0.347287965283474,1.3719905407272,0.0294992533656182
3.387,-0.177211377805756,1.3696197571169,0.00334117592740744
3.3875,0.0198090325498974,1.24026489262428,-0.00461022724195928
3.388,-0.0230908880144671,1.24510659504511,-0.020401257261
3.3885,-0.500353359674774,1.31587191370069,-0.0403457515694972
3.389,-0.342958421278267,1.23002095998087,-0.0299115760651219
3.3895,-0.463703848263336,1.27798877317047,-0.0646880309464324
3.39,-0.426511043870027,1.22892822702365,-0.0640329907580068
3.3905,-0.504974330303526,1.30034850631688,-0.0440416245090207
3.391,-0.296550917979127,1.27373181544207,-0.0557019732422787
3.3915,-0.102403595106964,1.33954441616975,-0.00632289052781023
3.392,0.104444302980993,1.32312739779833,0.0258812526438109
3.3925,-0.0412172530144134,1.3522262397063,0.0529094362565138
3.393,0.458920170655527,1.43516573109588,0.081729775106722
3.3935,0.241514712230435,1.41788517087574,0.0756816053407214
3.394,0.571016223801285,1.43055418782967,0.0689566900198912
3.3945,0.171632068458501,1.43367178441699,0.0458831236633933
3.395,0.663125260899776,1.45716917020245,-0.00477158106333736
3.3955,0.341640598132893,1.34880156387589,0.00871535951886163
3.396,-0.203526696174627,1.30392006797468,-0.0264931885157024
3.3965,0.252022314774638,1.29933719545306,-0.00613216505130551
3.397,-0.137535704099589,1.339007943336,-0.0114590064416231
3.3975,-0.307903514500472,1.2539423432003,-0.0450877091703969
3.398,-1.06508809327445,1.28801864619094,-0.0768398131131528
3.3985,-0.812180431093423,1.32272322375211,-0.0916960410344394
3.399,-0.550558246464087,1.38180534973596,-0.050186438830745
3.3995,-0.283543071900068,1.35064199668759,-0.0625077361393324
3.4,-0.327887841087922,1.35258125895232,0.00369808138959207
3.4005,0.365319250196128,1.41081908630123,0.0280963168117377
3.401,0.244047626541431,1.43458079505242,0.058465471402912
3.4015,0.453878723400591,1.50763474019389,0.0622887558873737
3.402,0.408998861726713,1.4088321035222,0.056100994577862
3.4025,0.498276564365132,1.49647925716702,0.0675624107172796
3.403,0.764533914500044,1.48212077999349,0.0395399256955929
3.4035,-0.194133345446115,1.44945537152892,0.0302412070899759
3.404,-0.171829871254575,1.39888358259659,0.0195696458599652
3.4045,-0.253696488896565,1.39012458287198,-0.00363091916940838
3.405,-0.182622427482953,1.27749179268867,-0.0283459641731923
3.4055,-0.717234628188489,1.29203536133816,-0.0288321473141581
3.406,-0.667965598479863,1.33451359188268,-0.0951154734486514
3.4065,-0.360805535241209,1.34134651102938,-0.0486051536664223
3.407,-0.768204818087675,1.2833082108932,-0.0663861054699783
3.4075,-0.0591241429824043,1.35516103781313,-0.0369084049538587
3.408,-0.050256709651793,1.34249648795701,-0.00641489798531619
3.4085,0.210906487736114,1.34044761561694,0.0153470045062198
3.409,0.259255552782857,1.46659631127438,0.0228074832656699
3.4095,0.171168140049221,1.42773109888668,0.0710354845138076
3.41,0.119095393789315,1.47795450821622,0.0329001866659356
3.4105,0.582858124083596,1.40108853512033,0.034892667278693
3.411,0.672467134301523,1.45141457922629,0.0369288384810875
3.4115,0.554401726140654,1.49257177951628,0.0250314459512758
3.412,0.179228054353673,1.40621618402211,0.021145291748755
3.4125,0.41203411031171,1.40794655366061,0.0418906807876305
3.413,-0.154412290684759,1.32078926275996,-0.00806041846597515
3.4135,-0.473836146570794,1.3429213337302,-0.0114616670439608
3.414,-0.466754114783365,1.28408109318103,-0.0483439230924041
3.4145,-0.697743700532033,1.30710443688655,-0.0587121457383833
3.415,-0.346187251367408,1.2835833495787,-0.0753943401495461
3.4155,-0.030460747474354,1.31048221267423,-0.0781919473468535
3.416,-0.00231274247756347,1.3385637541561,-0.0348115162774215
3.4165,-0.00617164978351959,1.32318335493064,0.0120529633777589
3.417,-0.204826631684717,1.37854936072567,0.0322685305165058
3.4175,0.160736852994961,1.38179316207508,0.0435654820709985
3.418,0.560209934290425,1.44486818176857,0.00614700602840566
3.4185,0.515277167560923,1.42783621164395,0.0560872253328819
3.419,0.87994260337885,1.43132557281746,0.033127743680345
3.4195,0.62442172347464,1.43232019991825,0.0443972557850662
3.42,-0.0387984361797957,1.41015386698714,0.0426248513537748
3.4205,0.29345252398978,1.36836039882914,0.0352998325640697
3.421,0.099022711994678,1.345184985097,0.0302656176157611
3.4215,0.175845274814076,1.268261986582,0.0016017410704742
3.422,-0.397363895461759,1.32670843156229,-0.034130728732987
3.4225,-0.450957912750888,1.29872855191595,-0.102357957262274
3.423,-0.935988189628522,1.31463084490157,-0.0902400668680281
3.4235,-0.6065078844298,1.19579128917566,-0.0554646003198086
3.424,-0.7451085079005,1.2656210700903,-0.0357559383184239
3.4245,-0.236854429291298,1.27028718786165,-0.0187571805642703
3.425,-0.194868880289515,1.28304449727092,0.0281543541704947
3.4255,-0.122226055687187,1.37499776320165,0.0390425442237185
3.426,0.370339793674032,1.36328672395579,0.0325752067216691
3.4265,0.280732396316246,1.30561145297172,0.0451551041161316
3.427,0.858322741599273,1.39177751549119,0.0333610003866354
3.4275,1.07265416617003,1.33189073363252,0.0482217674953093
3.428,0.455982490226146,1.39042284223859,0.0593895591321065
3.4285,0.33175415745966,1.27837980269638,0.0414931170019585
3.429,-0.42164706876776,1.29425299814505,0.0156316861286056
3.4295,0.239565207059387,1.24702384621045,0.0301727643516392
3.43,-0.474464641339762,1.21313570220069,-0.0451233637790193
3.4305,-0.359718514193628,1.21210585192312,-0.0561857267014829
3.431,-0.582418659709822,1.15096221920619,-0.0762789292221592
3.4315,-0.446110545202889,1.17723021611155,-0.0510153232423851
3.432,-0.478801126632248,1.24098437702163,-0.0574105111691777
3.4325,-0.285556622353281,1.21864576202511,-0.0202682456550987
3.433,-0.400632463193702,1.20413106680235,0.0256534331312337
3.4335,0.101005949843227,1.23490620091714,0.0167164617226601
3.434,-0.111405730195893,1.29982417788559,0.0148459731976555
3.4345,0.389725896494046,1.28358552061155,0.0334056361919093
3.435,0.560103468743905,1.34432513996919,0.0411669912480409
3.4355,0.470157841001022,1.32031455599589,0.0550806610792229
3.436,0.570707712662498,1.27704141533379,0.0785434038556528
3.4365,0.591347312317871,1.29298368082124,0.0501460343200351
3.437,-0.199508947501436,1.18901405952622,0.0237343269856161
3.4375,-0.363840168502865,1.24148065880572,0.0131770090942173
3.438,-0.353864970740876,1.15631917304037,-0.00960181758262894
3.4385,-0.262787563116983,1.1473479942471,-0.0753080805583577
3.439,-0.402338567257175,1.0973614129151,-0.0802731349962849
3.4395,-0.627849284829475,1.11090064505042,-0.101651344396169
3.44,-0.368530357137134,1.15491565319721,-0.0380140538766721
3.4405,0.103700052174041,1.09804244881852,-0.0265023795892886
3.441,-0.529811216878048,1.13748109146119,0.0134831232486662
3.4415,-0.279163816504633,1.13066781871826,0.0234991546323056
3.442,-0.323304118817242,1.17468107935799,0.0143530928637091
3.4425,0.350520490985353,1.20865540148595,-0.00678386135010689
3.443,0.654144596571922,1.22132545737009,0.0317505651562223
3.4435,0.436896115741841,1.26192724943438,0.0398154908963785
3.444,0.802190892704318,1.25953317862264,0.0650066180442883
3.4445,0.397316975589625,1.23357623016023,0.0890313048087184
3.445,0.377766535674823,1.17890075969477,0.10953513659511
3.4455,0.387501486938558,1.14442195474203,0.0634189097252967
3.446,0.079442131043037,1.15884197042009,0.0134453336963585
3.4465,-0.180627485727747,1.05943619744402,-0.0542098960607114
3.447,-0.0584285390133952,1.06733794162996,-0.0850026815057259
3.4475,-0.740724862121347,1.02362610415989,-0.0854851816621144
3.448,-0.653599861067896,1.05993239721273,-0.0519246084146944
3.4485,-0.413091711435217,1.04727291827663,-0.0498318965468401
3.449,-0.45774346692655,1.04324694965999,0.000404214098275544
3.4495,-0.339086168359452,1.10320414719025,-0.0176849846737587
3.45,0.180095498662981,1.12356549206865,0.0101394189586286
3.4505,0.0711439052406374,1.12791638256658,-0.000873944892476627
3.451,0.466990364504942,1.0775506039936,0.0275003332605925
3.4515,0.44078786697572,1.1334649768079,0.0469074230020701
3.452,0.427710450783117,1.12501364213031,0.0532339871852756
3.4525,0.62562819314318,1.15144014335954,0.0534994206854219
3.453,0.48695162261237,1.1137068877783,0.0536490096698946
3.4535,-0.23451311880897,1.03692260113518,0.0607504885949995
3.454,-0.0174168446703982,1.06634193079128,0.0125836135509125
3.4545,-0.403262370546072,0.9975888234958,-0.041705618225248
3.455,-0.28775952875491,1.0049683499885,-0.0407405490887973
3.4555,-0.632824353329977,0.995141198613723,-0.0792757160405165
3.456,-0.53099840316425,1.02790856435261,-0.068625332545847
3.4565,-0.213971849331085,0.934228011084962,-0.0371941593164927
3.457,-0.0277817759911325,0.97825765410903,-0.0551311717183993
3.4575,-0.11582083322512,1.04186146818214,-0.0373187526019856
3.458,-0.532975462277011,1.01984865280061,-0.0168602896256315
3.4585,0.434040976054006,1.09587560897981,0.000574923776323946
3.459,0.527183623350207,1.07962670148742,-0.00735935626130299
3.4595,0.476595378173789,1.07047802008912,0.00549767822466197
3.46,1.11759225527151,1.09685845280187,0.0605348970349656
3.4605,0.41982885133607,1.14844239679647,0.0714025370005668
3.461,0.933436112735746,1.09254509691033,0.0639634909816845
3.4615,0.0902494116781172,1.13052950456125,0.0611445394182831
3.462,0.0979491125112491,1.04132327120273,0.024575099256749
3.4625,-0.29313862497406,1.01813862435668,-0.00043992524940349
3.463,-0.0565345161058829,1.00266895858369,-0.0459941065589941
3.4635,-0.275631876302633,0.997129233963332,-0.0852833749350605
3.464,-0.647310791125707,0.987198062099096,-0.029059997737697
3.4645,-0.886061129200986,0.930328391950517,-0.0699293830649102
3.465,-1.18348593077554,0.990052364711909,-0.0373337900504004
3.4655,-0.650774295463168,0.945383995382418,-0.0362695338175906
3.466,-0.61641569416442,1.01677422075946,-0.0218143844264341
3.4665,0.0982175686443959,0.996105429329333,-0.0287171193560618
3.467,0.402382764236152,1.03621643350827,-0.0129489053238756
3.4675,-0.186185545739562,1.00111219401707,0.0252462396423668
3.468,0.0146315105810002,1.0926224939693,0.0781985265501135
3.4685,0.405419002181682,1.08875548395042,0.0502999922584654
3.469,0.761898482370577,1.11645689350354,0.0653636299683598
3.4695,0.764541038220769,1.12539308452691,0.0637807547198006
3.47,0.681698457255092,1.07630021298998,0.0548129068541878
3.4705,0.0337653537916163,1.02818373820684,0.0150841700228646
3.471,-0.231351191752518,1.05599898005487,-0.0441635704976922
3.4715,-0.515726679910667,0.934896533429876,-0.0344597201469882
3.472,-0.273699396909235,0.943858713420915,-0.0371888089691181
3.4725,-0.316548215446163,0.981364544590369,-0.0519151872374095
3.473,-0.91526741219267,0.921547089209696,-0.0632869320940475
3.4735,-0.517854713124409,0.978047586318306,-0.0152896330970537
3.474,-0.498099607304218,0.944976134222198,-0.032465974534903
3.4745,-0.0458563624118034,0.991144936296408,-0.0355872493822962
3.475,0.285972295966174,1.00975453636486,-0.0289264193340894
3.4755,0.496205345430518,1.03791319286211,-0.00211165706958278
3.476,0.486889741131525,1.07252520399977,0.0458324938318794
3.4765,0.377711798847652,1.12821738117312,0.0509264470191568
3.477,0.412571839165317,1.06311754177176,0.0909278812607213
3.4775,0.213276337290676,1.11992754618268,0.064029191881491
3.478,0.701655743940029,1.05792176518675,0.063648110041701
3.4785,0.0320685588494638,1.07057787171334,0.0192927942800187
3.479,-0.420074751303326,1.05063091101951,-0.0375448267959445
3.4795,-0.339198134973791,1.06218097732746,-0.00440844712574704
3.48,0.0497810706169706,0.967701038260997,-0.0520732260763663
3.4805,-0.386299656178573,0.975106789128844,-0.051239954572752
3.481,-0.61455313058862,1.00785649078621,-0.0424642512424003
3.4815,-0.471697533043278,0.941253194946667,-0.0605512546696942
3.482,-0.352161795061334,0.936379703090399,-0.0460906939447476
3.4825,-0.203222371336537,1.03060414567587,-0.0707075967920836
3.483,-0.177353493525501,1.03044153785152,-0.0227344028571484
3.4835,0.637761171869436,1.12757317421712,0.00230907333569649
3.484,0.520722739372948,1.07820724966669,0.0183423328285006
3.4845,-0.209600825980675,1.13611096078956,0.073685456913376
3.485,0.267678059743686,1.16391188016259,0.0998167300724997
3.4855,0.522282598386813,1.15989122296035,0.0610450341829031
3.486,0.60508447166992,1.15116786519614,0.0546834660912718
3.4865,0.292490324923406,1.10908287956417,0.00475827417452349
3.487,0.184072488015471,1.10340090115393,0.0163511134997423
3.4875,-0.0812288273985713,1.11523013307594,0.0135023695146063
3.488,-0.524561661524186,1.10130602853779,0.00671294520258271
3.4885,0.169016732315515,1.05126791964451,-0.0184358455355928
3.489,-0.529316070040421,1.04399933393768,-0.0414606103982573
3.4895,0.0515010124172227,1.04623531273357,-0.08645168942129
3.49,-0.727202247159276,1.09760760875166,-0.0608778678229398
3.4905,-0.473072725439415,1.03817782511274,-0.0491071553493046
3.491,-0.582747923945333,1.08014210844941,-0.0543728361381157
3.4915,-0.280370089835896,1.07886510817536,-0.033889764687384
3.492,0.357376372977354,1.12219130935967,0.0336613684357798
3.4925,0.50055776552308,1.1849405611437,0.0361854589355946
3.493,0.228677175395995,1.22013379906808,0.0507803784948192
3.4935,0.558321067750623,1.23716479743665,0.0644297213936435
3.494,0.410391119860725,1.23844619044666,0.077598337764929
3.4945,0.654221846198434,1.18963558368366,0.0507886568784046
3.495,0.119012802792935,1.22060676382417,0.00124360566150626
3.4955,0.520649492654843,1.16470242734865,-0.0221251565246463
3.496,-0.453952371186781,1.14468744033579,-0.0298227289311886
3.4965,-0.182359668885554,1.06149278091642,0.0147219707485543
3.497,-0.786103742310223,1.07960897926569,-0.0243149652178207
3.4975,-0.684737910251071,1.04588451731922,-0.0605360675678185
3.498,-0.796992164802995,1.09155133581266,-0.0468853494866664
3.4985,-0.0914867039188717,1.08606556091514,-0.0606231945441495
3.499,-0.402720708051699,1.1226004439001,-0.078910673268639
3.4995,-0.113229827106468,1.17395118727481,-0.035495648833047
3.5,-0.360477025095459,1.15829513137146,-0.00766774574850554
3.5005,-0.0454017397795467,1.25634262675219,0.043413484737244
3.501,0.448731541730024,1.29132743718198,0.103292610399562
3.5015,0.452409198012032,1.28061600644673,0.0809320848458623
3.502,0.692509037815574,1.29198679336436,0.0731886758852093
3.5025,0.791721996916252,1.29350074585588,0.0438414841250973
3.503,0.177144718397399,1.30670868735202,0.01739285574778
3.5035,0.0117909846597346,1.27261840287947,0.000851421139590457
3.504,0.18020341281299,1.22338686266544,-0.0202267418397354
3.5045,-0.161495184629137,1.19657082012968,-0.00316773019671341
3.505,-0.307031491895723,1.18306356042185,-0.0428188994327095
3.5055,-0.666982529433932,1.16359617367077,-0.0298675388923892
3.506,-0.755454798988196,1.16162531363036,-0.0463584200380292
3.5065,-0.406518708924755,1.18363472927942,-0.0835613011989327
3.507,-0.0553210176825515,1.17625170455102,-0.0759401137178401
3.5075,-0.396613763735901,1.24504846729588,-0.0481582230404351
3.508,0.14591193011208,1.24154646009923,-0.000571024512100018
3.5085,0.408502781076427,1.29597002052283,0.00697796530082037
3.509,0.52193233046792,1.30484376797031,0.0524901037516336
3.5095,0.785171180034559,1.36454763797048,0.0544295077727689
3.51,0.590822454771606,1.32434377269132,0.0223015467987068
3.5105,0.122223957115952,1.32452347541782,0.0181360524792492
3.511,0.270659195380785,1.34486709635561,0.00679903395181487
3.5115,0.321869876931813,1.42045429297826,0.0284033290711353
3.512,-0.16915216747427,1.38172963064361,0.0389032170241888
3.5125,-0.13105120789555,1.32743460207532,-0.00103414281801383
3.513,0.124906902461258,1.27434414792943,-0.0171328225344927
3.5135,-0.555375765913175,1.2440257701351,-0.0200418569148595
3.514,-0.425356265294167,1.23659362450834,-0.0407955962912018
3.5145,-0.454728213286498,1.2474724735429,-0.0787381557503834
3.515,-0.0389393991249095,1.29213922038571,-0.0736121786460739
3.5155,-0.468171109708446,1.28470912790002,-0.0599643553595029
3.516,-0.0919711780074248,1.33413865736071,-0.0438983810550857
3.5165,-0.373727144386726,1.28772406379871,0.00329205108044997
3.517,-0.0885672979533911,1.28931282832721,0.0341016336501082
3.5175,0.390539166198619,1.37497477380934,0.0682469561090194
3.518,0.574734502638501,1.37171858364973,0.0581647020811628
3.5185,0.398003849134645,1.43011983301679,0.0422753742546906
3.519,0.584638987464396,1.38442484339754,0.0233349502974672
3.5195,0.275230447587624,1.43013890728683,0.043091403936552
3.52,0.452193877742119,1.38413102782701,0.0132440997335595
3.5205,-0.0450287935062032,1.3836529535497,0.000211937886347522
3.521,-0.00296158386866512,1.34162106781325,0.0238126187440606
3.5215,-0.164721030705479,1.3619672519018,-0.0301635991592177
3.522,-0.0460742181126151,1.26613775102038,-0.0382842719377466
3.5225,-0.776303094660595,1.27703855400649,-0.0643997935093925
3.523,-0.470049684420217,1.24127660716569,-0.0656919673076712
3.5235,-0.906122578248844,1.24489626069886,-0.0738842108692614
3.524,-0.327227723906427,1.35285511518,-0.0320452455682472
3.5245,0.00308882131067645,1.33017298491211,-0.00306342736340945
3.525,-0.266795676138066,1.3733420078133,0.0533753659390171
3.5255,0.141635316304484,1.38286401877785,0.0496765779282414
3.526,0.665839196647578,1.4377303003245,0.0336297202737478
3.5265,0.887970188726349,1.44151620091826,0.0305780453743323
3.527,0.52326928445444,1.46011862080092,0.0433032306492361
3.5275,0.869523785905372,1.42522721055799,0.0542943317627279
3.528,0.363808154511773,1.42907051998567,0.0431784589168854
3.5285,0.0337217896373676,1.46164654532065,0.0315580920365178
3.529,0.039642219483596,1.41138286364697,0.0523283565341588
3.5295,-0.565797676415312,1.36526369451613,-0.0010919075208176
3.53,-0.514116869308174,1.30664039634543,-0.0623592259972791
3.5305,-0.59701548991671,1.31947743670618,-0.097543132384691
3.531,-0.16918594317304,1.23762173634872,-0.0737252699553801
3.5315,-0.458064360098633,1.33100895237989,-0.0786117471434323
3.532,0.0695577489759315,1.30390543957962,-0.0344631998882454
3.5325,-0.196000823554561,1.33379580162626,-0.0185428947791288
3.533,-0.0415789812802197,1.4233114211698,0.00880496001980762
3.5335,0.00956595422062122,1.40606230958158,0.0361714322833977
3.534,0.028835374594577,1.45097966489273,0.0186552825173493
3.5345,0.444897373554644,1.46862901996507,0.0332783739105626
3.535,0.402726819952794,1.44241003168106,0.0427047583277202
3.5355,0.131890753383856,1.45398589233798,0.0571987613057597
3.536,0.601183554177829,1.44861978862608,0.0826972455261887
3.5365,0.316121340949972,1.41753959816243,0.0620468578514421
3.537,0.25764598528938,1.39503739512011,0.032251754046197
3.5375,-0.130098967150512,1.31498121411022,0.0103200496488894
3.538,-0.0207301848466564,1.34208454714945,-0.0331616023915059
3.5385,-0.506753408679556,1.30883588823406,-0.0432163224070709
3.539,-0.38300698715025,1.24567119965414,-0.0733471050054712
3.5395,-0.353427043639069,1.26777758540761,-0.100411472724241
3.54,-0.527230668532035,1.24663800425506,-0.0491206580812596
3.5405,-0.631777258486558,1.30455482665016,-0.025913063865842
3.541,-0.191444595633776,1.28869281870467,0.0123542952014475
3.5415,0.203982226786948,1.35904050992827,0.0061608604450787
3.542,-0.414930132838684,1.36953511029308,0.0130568006744834
3.5425,0.33471189382894,1.41395854124642,0.0285194492578736
3.543,0.475065685826889,1.43891046106967,0.0453376278040701
3.5435,0.599038411508043,1.39243697509724,0.0367852273302218
3.544,0.416791552465732,1.41782119991281,0.0338490250861125
3.5445,0.524095802188152,1.35809831717117,0.0777151347738406
3.545,0.167420745346362,1.35937634134865,0.0318764332579153
3.5455,0.193245008307368,1.355995533855,0.0311254734955728
3.546,0.221821416937253,1.30536153332356,0.00195275687932087
3.5465,-0.273313984798593,1.31672340390255,-0.0411837488327581
3.547,-0.670577759696821,1.22808976736544,-0.0501605691292597
3.5475,-0.520435824817578,1.22711912388151,-0.0747834916804563
3.548,-0.410404816847535,1.28606484133242,-0.0653277109148891
3.5485,-0.537942956975087,1.26736203095055,-0.0435894729560013
3.549,0.059511044906657,1.20094479121856,-0.0323773206169154
3.5495,-0.301600009864139,1.27774847318582,0.0082382510819317
3.55,-0.106269374957557,1.30872340545268,-0.000208530680715523
3.5505,0.598657180164999,1.29617821906081,0.0141842073763411
3.551,0.430220167361509,1.41054311040995,0.0216094725652505
3.5515,0.603720568744626,1.34619442760294,0.0696746512760514
3.552,0.851611594615454,1.393611154407,0.0715627283292412
3.5525,0.329932148419462,1.39347268453816,0.071044701360655
3.553,0.35350643482027,1.36009541902343,0.0933167361532025
3.5535,0.467381256459427,1.32261883915894,0.0429669377650553
3.554,-0.134134075433668,1.30161282508895,0.0131778023945026
3.5545,-0.0692982651340369,1.2200907386494,-0.0332026689366994
3.555,-0.595727261409809,1.18854809995605,-0.0525086246852233
3.5555,-0.310532239335532,1.18484999049797,-0.0791321219306804
3.556,0.0495978407906144,1.11055040844403,-0.0382372925888109
3.5565,-0.549862204651783,1.1629670292318,-0.030953778028137
3.557,-0.538198361036816,1.25469572062803,-0.0183423482314397
3.5575,0.110664071454397,1.2080681944613,-0.0108474629764006
3.558,-0.363356900267125,1.22902931462266,-0.00542482230501988
3.5585,-0.0292194324216942,1.23983409829641,0.00149690295110364
3.559,0.241330025262779,1.26691431591347,-0.00072090395859961
3.5595,0.550771543205671,1.26696341674097,0.0191446821378348
3.56,0.220173153530948,1.33988530100467,0.0234324837191916
3.5605,0.274719359472258,1.28692003363596,0.0829954234453843
3.561,0.54444355381152,1.29548556105875,0.0716604500935751
3.5615,0.306970416180243,1.23678792396866,0.0482541164003059
3.562,-0.228529110610252,1.20742693917018,0.0307684339514833
3.5625,-0.430899799325273,1.18174888195123,0.0357263038958753
3.563,-0.623437139126998,1.14617800857463,-0.067593690385942
3.5635,-0.349055433728127,1.09141997949223,-0.0824649784589754
3.564,-0.354558663625931,1.11222484635339,-0.0642362617590624
3.5645,-0.34917352462137,1.05830515844698,-0.0500685315815637
3.565,-0.757069774177876,1.10381261531446,-0.0581430426548181
3.5655,-0.900895563812313,1.12619488938764,-0.0617916653691056
3.566,-0.100859159661684,1.1508729017473,-0.0517419213390552
3.5665,-0.0857983403537534,1.18106520744559,-0.00413159647686117
3.567,0.124013789086553,1.23202612186747,-0.0229710273542434
3.5675,0.202019248318005,1.17713108929796,0.0101418019713038
3.568,0.35805904614079,1.19303460308163,0.0307705129063918
3.5685,0.982532251279327,1.25963417635933,0.0922176789388802
3.569,0.46854236203181,1.26351618017733,0.0628555848272448
3.5695,0.563418321021846,1.19213949657075,0.0577507339771269
3.57,-0.239546905713687,1.16037612591138,0.00059711593392095
3.5705,-0.243542153220114,1.13413898905864,0.00687401475676251
3.571,-0.260071023292541,1.07174440619546,-0.0349476774854265
3.5715,-0.211740119411838,1.09032417736496,-0.0436195781286976
3.572,-0.306866296865726,1.07534296860117,-0.00338646860239934
3.5725,0.137162293565559,1.10668641553394,-0.0573243938587937
3.573,-0.953741376014444,1.01852846989087,-0.0150378174363491
3.5735,-0.898325570135799,1.02821694106893,-0.0418416296494461
3.574,-0.42300452846815,1.05800891325931,-0.0159428501144062
3.5745,-0.406997188811713,1.07691876152482,-0.0474762191713916
3.575,-0.259646276283447,1.1621816996897,0.0159791890187869
3.5755,0.427798149675935,1.13018965052663,-0.014971865701036
3.576,0.245792922414848,1.20250877662816,0.0578317134343319
3.5765,0.582929998773107,1.18230471922855,0.0794058833781753
3.577,0.564549651436815,1.20439954625057,0.0726233627218427
3.5775,0.0892632228264089,1.12333705644551,0.0788453884776909
3.578,0.587912767920073,1.1813255683802,0.0776086478817893
3.5785,0.183753933966684,1.08235036455511,0.015048817268221
3.579,-0.101074388146424,1.11704489495077,0.00477602497786148
3.5795,-0.166186372341125,1.00931661657764,-0.0169537740765805
3.58,-0.203881676965788,1.09671532759389,-0.0542784234468262
3.5805,-0.157807266858812,1.01192742260901,-0.0527977247429178
3.581,-0.479357409423767,0.984303921845221,-0.0311959111955228
3.5815,-0.935961249993855,0.969529072177273,-0.0646068641375006
3.582,-0.225237422209818,0.984971073302698,-0.059388843744318
3.5825,-0.438573045572355,1.00499579179408,-0.0494785888486197
3.583,0.333568098023493,1.02958240018484,-0.0521348623917467
3.5835,0.216871389231846,1.06343902942364,0.0103613578035986
3.584,0.410890471476297,1.04789463945761,0.0328548154755404
3.5845,0.310289884172134,1.08826606205282,0.0519710476494851
3.585,0.277331327179186,1.12687036447682,0.077720456944068
3.5855,0.329687358118896,1.11654511766947,0.0661567231937877
3.586,0.140099872017358,1.0940701769482,0.0555413953855945
3.5865,0.145250183146999,1.10782869876371,0.0528192677320043
3.587,0.484294965907563,1.08688252195239,-0.0304273658412222
3.5875,-0.149564812105447,1.01889171953038,-0.0410405960546728
3.588,-0.203640015282979,0.968202158445719,-0.0246189251138934
3.5885,0.0384225491815354,1.00335873913887,-0.0175120219238254
3.589,-0.588443672487248,0.945045696681918,-0.0364108514352191
3.5895,-0.561807669806562,0.926276120117312,-0.0376281619562077
3.59,-0.314456019684765,0.99995550059486,-0.0597416653769611
3.5905,-0.344864123463976,0.993136155269126,-0.0767860304764394
3.591,-0.131098059513922,0.955939086669995,-0.0515701768910513
3.5915,-0.1587727415799,1.06323876564563,-0.00745405988193223
3.592,0.0831079755908097,0.990145110043539,0.0261550490372448
3.5925,0.705873764687782,1.08501584254191,0.052756143064015
3.593,0.93752496443929,1.11919148450343,0.0580828611256108
3.5935,0.494086052755436,1.09124559316827,0.077993404659944
3.594,0.309072097971439,1.05024880022414,0.0561619933165858
3.5945,0.409218318450449,1.06833023609924,0.0258450360847444
3.595,0.156279386790671,1.05067866165457,0.00603708813164721
3.5955,-0.0524623993136223,1.05998590819152,0.0335300205685356
3.596,-0.557676814493575,1.00984254023583,0.0119044782090389
3.5965,-0.633797162784779,0.983750450394976,-0.00548041704569017
3.597,-0.401163671936848,0.989665747855818,-0.00678252540787632
3.5975,-0.647785869564396,0.927638886239464,-0.0392608817506377
3.598,-0.179355815516695,0.919816023057163,-0.0779675418907746
3.5985,-0.925028188404401,0.944314616704684,-0.0811054583219957
3.599,-0.581809101442386,0.93126384481947,-0.0936129852990144
3.5995,-0.0622991085142623,0.962618069859341,-0.041219720069629
3.6,0.117251027067382,1.02166868163773,0.0104325302640637
3.6005,0.0778701531636112,1.03673301214328,0.0267867175921063
3.601,0.0985340887378013,1.06081079328514,0.0531854743325345
3.6015,-0.13106988428679,1.09431742797911,0.0732818765262164
3.602,0.390256917592261,1.15346909092253,0.0513210808017721
3.6025,0.602548328742762,1.15066149440001,0.0233607957455978
3.603,0.362751983267526,1.10790163860181,0.0154640456441496
3.6035,-0.0966274754965783,1.08617633594568,0.021869560424712
3.604,0.302841829386365,1.03049550924516,-0.00785901653188131
3.6045,0.0574657524105442,0.995009933357367,0.00582428277990678
3.605,-0.347176474149388,0.980773856402561,-0.0105842818573042
3.6055,-0.409714510616101,1.0163709570042,-0.0208593335715796
3.606,-0.482068934316868,1.00303320127398,-0.0575283304732863
3.6065,-0.455798593177223,1.00245476490118,-0.058200472392249
3.607,-0.237079144613982,0.979660718808476,-0.0787384531020786
3.6075,-0.389403480393855,1.04399301970365,-0.0345014238172486
3.608,0.270627447273953,1.04557791440097,-0.00913624479210422
3.6085,-0.22238321700179,1.04377331810426,-0.00279209319361444
3.609,0.16471101416326,1.14111103504168,0.0656216357974183
3.6095,0.191882027731776,1.11475847052114,0.0583152511072431
3.61,0.317455624490787,1.135042446426,0.0414385823526514
3.6105,0.0947165516762544,1.14220937701703,0.0549246313828935
3.611,0.751643138324847,1.19080817476729,0.0411751940319171
3.6115,0.367180645215201,1.10486684531511,0.0318887378321081
3.612,0.155438575459319,1.12921699338692,0.0148148561899485
3.6125,0.0240538286255957,1.09944536034344,0.024054422648686
3.613,-0.364791652034013,1.08906234321669,-0.022152215190416
3.6135,-0.440355024009722,1.06474802446968,-0.0363708791464914
3.614,-0.235382494742753,1.06357501449464,-0.0279091210798629
3.6145,-0.523632133857559,1.06115246627518,-0.0795495106770309
3.615,-0.355289636520538,1.02570434251677,-0.0580827519773009
3.6155,-0.227436721492995,1.08809613096897,-0.0558220358697701
3.616,0.0124411701790986,1.08602974899263,-0.0371834024714492
3.6165,-0.197366865246747,1.152264954658,0.00189868390398786
3.617,-0.0600928811086432,1.19011315386677,0.0345185200141484
3.6175,0.393138801934104,1.20800148911777,0.0418193705559631
3.618,0.192679765460525,1.19530392945502,0.0727956606645056
3.6185,0.792195196604275,1.22842176233669,0.0313737883950506
3.619,0.229874877655754,1.22711886966892,0.0228500555074648
3.6195,0.701066173260728,1.2248812678146,0.0432870316819189
3.62,0.704628626876672,1.18288921764359,0.0417527366548162
3.6205,-0.196056470469232,1.18188551916347,0.0484973343643132
3.621,0.232004732783608,1.15363063745368,-0.0269429346736469
3.6215,-0.114382216499107,1.17036101326117,-0.0174186200672187
3.622,-0.361474533949333,1.11796615076628,-0.0408109835988415
3.6225,-0.541270087772963,1.04925372814537,-0.0850933492872169
3.623,-0.55190959333153,1.07518305457511,-0.0885108825634958
3.6235,-0.237470109526906,1.12183440174028,-0.0578518201079124
3.624,-0.508265894749348,1.10099964827158,-0.0316731504682925
3.6245,-0.338800179304241,1.15627198687767,-0.00369638678302616
3.625,0.772578380644643,1.23324227871663,-0.0022355469872103
3.6255,0.584159932630695,1.25238483897817,0.0457479142150851
3.626,0.618161794655646,1.25212718733501,0.0446520984674654
3.6265,0.697221092151866,1.3082010230904,0.0653379084927754
3.627,0.498433560583244,1.28008520067056,0.0503910468492072
3.6275,0.0460489029345433,1.27060465395871,0.0232953932425661
3.628,0.341812951896484,1.31007363937033,0.0557868825204676
3.6285,0.433890649192364,1.29989441351897,0.0416705102689616
3.629,0.231235223038878,1.18886270974262,0.0266735629541277
3.6295,0.275437532133918,1.24264707994182,-0.000163079705772028
3.63,0.0085657196184532,1.15143690964479,-0.0391064709609739
3.6305,-0.313060399735015,1.19304074826039,-0.0711007863517947
3.631,-0.634053030606788,1.22458675624222,-0.0909304538126664
3.6315,-0.566702312067221,1.18597493562448,-0.0990393630134315
3.632,-0.298638892269402,1.22028656085579,-0.0395818511522248
3.6325,-0.414467365826551,1.20122954793234,-0.050424827497143
3.633,-0.236706486576406,1.22213729929484,0.0313772784856997
3.6335,0.426839399487121,1.23760174911145,0.0121323655571404
3.634,0.209617510410298,1.34374350724261,0.025612452519788
3.6345,-0.00662481403274001,1.33040454467927,0.0255371568565665
3.635,-0.0685122025193291,1.39147160443212,0.0424181940887837
3.6355,0.564575831091405,1.373512205141,0.0454423190222195
3.636,0.336434576536595,1.33263733422979,0.0332968342169586
3.6365,0.245722462230417,1.37845834010024,0.0203554564943707
3.637,0.150632768131089,1.34536696481723,0.0384975334097292
3.6375,0.00930814776958342,1.30816001593232,0.011990175431801
3.638,-0.440248827075621,1.25466006493298,-6.37712156530898e-05
3.6385,-0.351172779659651,1.21831231360471,-0.0616174292720116
3.639,-1.00463690888205,1.27453570724868,-0.0701857158166341
3.6395,-0.736041930227305,1.26324823492104,-0.0647666444357048
3.64,-0.577378113608606,1.31128493282056,-0.0783490429300374
3.6405,-0.318522280826379,1.29785113631921,-0.0210509494124443
3.641,-0.173014521740963,1.28678248771144,-0.0109888267255013
3.6415,0.253619435697902,1.27554609012264,-0.0115183396874588
3.642,0.545703212614652,1.34263193602147,0.0130698603864843
3.6425,0.406918731977381,1.44555292531147,0.013742931889547
3.643,0.218011543706142,1.42220551147826,0.0642381751913747
3.6435,0.627270394897698,1.4360170803316,0.0403377043670824
3.644,0.807041955370831,1.47589668076927,0.0690991935616825
3.6445,0.706495100064091,1.39091608325373,0.0823396196316274
3.645,0.32103975399925,1.38458270894418,0.0760791992794929
3.6455,-0.23893167499746,1.33953895673965,0.00678631735884085
3.646,-0.385148942348866,1.3827527505901,-0.0175535855914428
3.6465,-0.333527890123071,1.37459545660961,-0.0684699009553448
3.647,-0.256832813004411,1.33273632454885,-0.0673772563073319
3.6475,-0.624933508126471,1.24649494276824,-0.0583580714070235
3.648,-0.89328784724877,1.3073337650004,-0.0554052904853542
3.6485,-0.123960640953007,1.28015688191823,-0.0563737747341536
3.649,-0.456711487010268,1.31949891393727,0.00634101290125891
3.6495,0.0653656469800445,1.32318091473167,-0.0170846366729019
3.65,0.109276073533851,1.3969396122167,0.021441570091664
3.6505,-0.14165125984497,1.37258716978413,0.00805959895484802
3.651,0.357116487317462,1.44032987631616,0.0359369419446372
3.6515,0.622198049592238,1.49683436253837,0.051980932563275
3.652,0.328946571479389,1.42485220342298,0.109444381827667
3.6525,0.30316743849466,1.49377946527435,0.073264686074181
3.653,0.46625760934316,1.39970629460415,0.0561916087471545
3.6535,-0.0180523166252332,1.37811741728564,0.062155375969764
3.654,-0.107628585064658,1.4133921458278,0.00274969981731017
3.6545,0.206875845240102,1.34727814580963,-0.035129454376348
3.655,-0.38034523172955,1.38374899358516,-0.0591671304878126
3.6555,-0.309136977393203,1.32908358905672,-0.0680390199606482
3.656,-0.61400231065234,1.33055257747293,-0.0532992119427017
3.6565,-0.877628681968692,1.27320786346432,-0.0318228947635233
3.657,-0.542190163539443,1.29249903794224,-0.047292297628795
3.6575,-0.434514119951221,1.395429895058,-0.00965294067466358
3.658,-0.0741536366408605,1.3778972792013,-0.0286750743791495
3.6585,-0.0630663422497683,1.34378930768575,-0.0198331837831646
3.659,0.493543122543993,1.37168380599065,-0.0387337000461597
3.6595,-0.128653208320863,1.38819874994567,0.0350502157029281
3.66,0.572744314533369,1.44524303145989,0.0705779744470153
3.6605,0.365837528514627,1.53528962244044,0.075139488210017
3.661,0.693374619240535,1.3922093025349,0.0756287354951274
3.6615,0.359132352765736,1.43273357981575,0.0550531158245712
3.662,0.591884941331377,1.45950729141688,0.0327227128065248
3.6625,-0.10212897032809,1.40044545655415,-0.0024464469157705
3.663,-0.263234779601276,1.40594533510646,-0.0372111298591392
3.6635,-0.223018593324996,1.26097572609836,-0.0551205587251535
3.664,-0.188379553493429,1.2918296147643,-0.076252123513492
3.6645,-0.800178777488792,1.26473968645423,-0.0358111073765386
3.665,-1.13717687037308,1.2708956906209,-0.0574378822414275
3.6655,-0.432093713188455,1.33796945063751,-0.0404747554541378
3.666,-0.178128247571517,1.30251488529877,-0.0445998864430165
3.6665,0.318276599261365,1.3551635227135,-0.0136348347226985
3.667,0.0588581747711549,1.41034540983836,-0.0244831611846229
3.6675,0.316056331186743,1.41479773688387,0.0178927944203519
3.668,0.588574046451374,1.45944891433788,0.0575575713059803
3.6685,0.33503322099361,1.4068328138007,0.0883243634900353
3.669,0.23606745610081,1.45037335043489,0.0688627038123235
3.6695,0.363254560488343,1.36373231189146,0.0668386247750626
3.67,-0.151314623851657,1.40118192551456,0.0251509647755514
3.6705,0.250266945129658,1.36814987928824,-0.0178911563297808
3.671,-0.321509965692423,1.31071609378038,-0.0155423756709042
3.6715,-0.628795543081016,1.30940244585641,-0.0369168890789183
3.672,-0.36898146351796,1.19375917898545,-0.0327972325106785
3.6725,-0.35382147638598,1.30209261497748,-0.0526904066797962
3.673,-0.555348017853499,1.21190721925356,-0.0240399204937799
3.6735,-0.317525640040325,1.25697314608505,-0.0577407786400543
3.674,-0.152033185066866,1.2765941297694,-0.036111856096453
3.6745,-0.0126516952578425,1.23106505496335,-0.0304419249799307
3.675,-0.0519801114295298,1.29159731593991,-0.0457604916773139
3.6755,0.24939118451671,1.28212770455241,0.0196537905470933
3.676,0.202272104984199,1.37645788810633,0.0653065429749766
3.6765,0.827202007264304,1.36926894955595,0.0870251662577906
3.677,0.316027093332702,1.40690269825607,0.0792522898103074
3.6775,0.184453440692174,1.3330664581193,0.0753926686365628
3.678,0.226267528060578,1.37119819429593,0.0411653675003237
3.6785,0.0657409270103088,1.32473483946766,0.00117678293989042
3.679,-0.257390217758585,1.27999628729488,-0.022152949164529
3.6795,-0.442727166727511,1.28409165136052,-0.0235831850395708
3.68,0.140511104712583,1.17355648859088,-0.0385300511185636
3.6805,-0.402334759057488,1.17781991165176,-0.0042209780155746
3.681,-0.718456389895178,1.16701387868529,-0.032440299632355
3.6815,-0.220652473538068,1.14814480939212,-0.0387123073731724
3.682,-0.658509631022766,1.16667328093783,-0.0541586636921473
3.6825,0.0919913506177596,1.26597067470279,-0.050529150940056
3.683,-0.196247087265894,1.23737132351346,-0.0488529755668386
3.6835,-0.130014254550993,1.25398976533698,0.0124666338143113
3.684,0.568921265091783,1.27585367865802,0.0134260697905822
3.6845,0.242515709488771,1.28080272211827,0.0545832444305869
3.685,0.473590438306423,1.30188970590016,0.0672390599433771
3.6855,0.676336906208591,1.31852934288849,0.0979407296499339
3.686,0.520880796722333,1.28199661920835,0.0675870120874417
3.6865,0.179328834463298,1.21937118468546,0.0231231381444993
3.687,-0.344254185768295,1.25285983471432,0.00159810640374138
3.6875,-0.195526181804525,1.15627106205815,-0.00809281041995865
3.688,-0.0116308933623514,1.17381775138484,-0.0296308618631683
3.6885,-0.0697497667673241,1.15794354624747,-0.0385279747615391
3.689,-0.386406711342668,1.09978652008207,-0.0215190341681586
3.6895,-0.262076547986114,1.11621898070329,-0.0385501999172724
3.69,-0.389826642314643,1.15346989668783,-0.05026186337549
3.6905,-0.0180774412691842,1.11468481279878,-0.0415320861072676
3.691,0.136521338376455,1.12618275457551,-0.0652764554824193
3.6915,-0.207804144717172,1.19125208768269,-0.0128098917530889
3.692,0.127992180657325,1.16143639290155,0.0323159940657352
3.6925,0.44086830016033,1.25210589605183,0.0713424934526939
3.693,0.738119680458162,1.27538438207819,0.0730864413984518
3.6935,0.522299487299291,1.23180913139891,0.0716808223138042
3.694,0.356593415609757,1.23907348966914,0.0700570399762196
3.6945,0.409593391048842,1.1754496920146,0.0250277461323867
3.695,-0.0429486653409685,1.17828489637564,-0.0192079634622809
3.6955,-0.0102488882230459,1.20164475357367,0.00713670726482931
3.696,-0.276761305663267,1.12441360952511,-0.0136702568932231
3.6965,-0.192227112018193,1.07838382664003,-0.0190056552572223
3.697,-0.441307511677705,1.11156015367466,-0.0288900898649695
3.6975,-0.182880730635869,1.02432627747729,-0.0403260108016399
3.698,-0.443279807674606,1.02766200893894,-0.0525895623179199
3.6985,-0.729712263429879,1.03243666588659,-0.0838583555992585
3.699,-0.227795748508655,1.09280235392926,-0.065958645368405
3.6995,-0.430326185197775,1.08977684601026,-0.0496968999201634
3.7,0.0518291169084426,1.08125320113008,0.00126586512432675
3.7005,0.792774359172985,1.14247830780605,0.0201822562194423
3.701,0.227964099268007,1.12677961692181,0.0443018565427399
3.7015,0.496276629718523,1.21201362880347,0.0616102399768649
3.702,0.778152094806544,1.09260509202162,0.0600573847409556
3.7025,0.214703149085729,1.16546593751473,0.0286472992764864
3.703,0.693057589772623,1.16850351956152,0.0236721880552976
3.7035,0.137014645439065,1.10990897757405,0.00761983534383708
3.704,0.269878635859428,1.04166319880572,0.0186368689325762
3.7045,-0.255864476367417,1.07239559877652,0.00914818028620745
3.705,0.143396543400666,0.998717791524452,0.00339129710007557
3.7055,-0.117167562454218,1.01321398046094,-0.060660299476342
3.706,-0.654799229808837,0.969391530573038,-0.0803064793037998
3.7065,-0.0258805325374636,0.99239251370756,-0.0436268645829108
3.707,-0.485108559623149,0.977360674363216,-0.0801458508545273
3.7075,-0.0873759023445295,1.02790895424592,-0.048054910263149
3.708,-0.0777959891575059,1.0075993598163,-0.0055080507857804
3.7085,0.0603896306208753,1.1250098649167,0.0204166111620938
3.709,0.744514085785302,1.11813605240178,0.0265672805649249
3.7095,-0.00603984039756206,1.12391793035775,0.0593071251676217
3.71,0.0878865257031318,1.09384039226715,0.0496860336339497
3.7105,0.693208566756291,1.13841875142573,0.0750089768140047
3.711,-0.0965107476873816,1.0961260027949,0.0588747671278858
3.7115,0.541550954996345,1.13912490973151,0.0320278089592627
3.712,0.507484802106411,1.0820639533404,0.0130010011594775
3.7125,-0.37160058350588,1.07055955115586,0.0156860729954213
3.713,-0.188798959953422,0.992714200621162,0.00151164487848933
3.7135,-0.485592616925414,0.957168042397214,-0.0431457541983358
3.714,-0.210744017309522,0.960535551508618,-0.0403163402204148
3.7145,-0.647869567570729,0.93122714212317,-0.0765900026656396
3.715,-0.265483826697047,0.925715597082413,-0.098355650288845
3.7155,-0.568896393107297,1.0005427168679,-0.0753478286998216
3.716,0.0331636369966497,0.953133002487992,-0.0121405813825524
3.7165,0.0317679068712861,1.01824272946659,0.00540497262196935
3.717,-0.174591264323875,1.08993842641062,0.0566352149477887
3.7175,0.00024405615074935,1.0332600291157,0.0425153143301429
3.718,0.42781525557674,1.12256948460918,0.0519292298581024
3.7185,-0.0133544544631919,1.09583879701468,0.0134048230294267
3.719,0.710010497533899,1.07053015589031,0.0429892346064892
3.7195,0.782550634327384,1.05214479976214,0.01074900359246
3.72,0.453103123241357,1.08564001831072,0.019448520507933
3.7205,-0.165137031405811,1.12862905835158,0.0344549341106966
3.721,-0.00121742198481258,1.03341026584183,0.0372195968277378
3.7215,0.323694843290612,0.970812351707058,-0.0171334695269665
3.722,-0.0625415466491148,1.02358107257277,-0.046259590947408
3.7225,-0.328758812938179,0.925999827459573,-0.053216934473383
3.723,-0.269569791183555,0.934425248315819,-0.0774355057879814
3.7235,-0.106586650839166,0.980321809899369,-0.0699355344078394
3.724,-0.286650854026146,0.90650093509853,-0.0433264360424236
3.7245,-0.206570740845071,0.966776916365982,-0.0185983293008672
3.725,-0.067444130901485,1.03397583595679,0.0268406471742433
3.7255,0.220261684376555,1.07240108266937,0.032456266007437
3.726,0.276366031115406,1.05758160796782,0.0428372640250757
3.7265,0.250947005378106,1.11237690267358,0.0634899787681728
3.727,0.255000785810961,1.11938968539137,0.0267997083589463
3.7275,0.616361627595802,1.11438776574498,0.0345953367485285
3.728,0.234893147903446,1.12779166158891,0.0527960505997866
3.7285,-0.000139782490349988,1.06946464309628,0.049319222562791
3.729,-0.281666917012345,1.06436664911916,0.0312839975678852
3.7295,-0.464739936745588,1.00908572280083,0.0259545963629023
3.73,-0.115108615723331,0.968247030975702,-0.0493852358190637
3.7305,-0.502860932652552,0.994853970958861,-0.0683458645690425
3.731,-0.32429464801002,0.85700526877776,-0.0878757618406082
3.7315,-0.175122346216585,0.963081711423021,-0.0853713467629716
3.732,-0.478338598568195,0.972840649769712,-0.0564055091768222
3.7325,-0.105146865692604,1.0266417554942,0.00724506931306401
3.733,0.602787762705144,1.05409919124962,-0.00632314370253352
3.7335,-0.0227707867103857,1.10993047219347,0.0280897681711942
3.734,0.34660510890502,1.09275986683806,0.00985628251895308
3.7345,0.298947715626302,1.13728441611564,0.0190684930145802
3.735,0.742414389090484,1.14085758170809,0.0504986058992106
3.7355,0.385911663453569,1.21211514529345,0.0374098289586994
3.736,0.336220557209849,1.15197379116483,0.0494829178802152
3.7365,0.498953557474273,1.11465157761186,0.0464310641074658
3.737,0.173717998297905,1.1689922040517,0.0589188239931419
3.7375,-0.171159282102399,1.04047131137837,-0.0124566735796918
3.738,-0.720797779330998,1.04903333249621,-0.0187513946888492
3.7385,-0.684942970682404,1.01863846242703,-0.0652736361355181
3.739,-0.575210869771781,1.0135056631438,-0.0669590117644257
3.7395,-0.288209249933614,1.01154026012616,-0.0984469375619213
3.74,-0.287635914559287,1.07997150026538,-0.0300971440692021
3.7405,-0.237981957755958,1.06412027369007,-0.038228445308837
3.741,0.0228275905849669,1.160700588855,0.0216851262557149
3.7415,-0.110742962820041,1.09989358210459,-0.00346065606106091
3.742,0.216211791093945,1.14712840959273,0.000680494830224806
3.7425,0.27004537295732,1.17948183784043,0.0256432403455398
3.743,0.522357073778777,1.24210322575191,0.0156224438417255
3.7435,0.430591222730116,1.2275750588461,0.0493332007068781
3.744,0.735076281286777,1.22342375482894,0.0655684346365027
3.7445,0.0194124176940512,1.21365842242622,0.0711553927789421
3.745,0.875740318788393,1.24236363643419,0.0567576635544077
3.7455,0.0531072238267101,1.19274611767803,0.0284051173158401
3.746,-0.368830774461251,1.14573216672776,-0.0188649682309296
3.7465,-0.519935407146875,1.13339488985394,-0.0529809059067268
3.747,-0.38399476793405,1.17801908730715,-0.0419420590658977
3.7475,-0.135705411389548,1.14697083845423,-0.102850497610203
3.748,-0.719672457039081,1.09063790036579,-0.0746294479931507
3.7485,-0.333829993549912,1.10558572784386,-0.0355155719646815
3.749,-0.538197233486175,1.15161226929682,-0.0143586750737352
3.7495,0.060293960457622,1.13894509552312,-0.0154876505850543
3.75,-0.137917713116566,1.19255583783434,0.00426480854202269
3.7505,-0.0210670731350751,1.20087790901622,0.00374459208727629
3.751,0.875623647757823,1.20759156960067,0.0349738763666028
3.7515,0.507994610137254,1.27321956837123,0.0461946120802595
3.752,0.810220742500336,1.29433290763954,0.0522363987622155
3.7525,0.69972181540236,1.31444059571501,0.037241964761296
3.753,0.42546096730669,1.28577881674161,0.0724341194337668
3.7535,0.571456563155789,1.2176015515183,0.0739046963850337
3.754,0.0321139131414157,1.26440127259944,0.0149822942286907
3.7545,0.0162223422998491,1.1980182049632,-0.0335525055455695
3.755,-0.672706751743243,1.16036561454702,-0.0306583255706702
3.7555,-0.713750030179371,1.22130384711137,-0.0627812121706097
3.756,-0.283577404688682,1.18897448656416,-0.0330707550758598
3.7565,-0.563326258301025,1.18074274837615,-0.0406054679224434
3.757,-0.510587885400575,1.19947480849769,-0.020484493651314
3.7575,-0.18795354482405,1.27010375797024,0.00367595883884026
3.758,-0.777407062737355,1.23499078763791,-0.00328386703139391
3.7585,-0.0295367505178413,1.26711262863829,0.0303510359082988
3.759,-0.0373100570903226,1.26813675527101,-0.00948113257438356
3.7595,0.490128692226081,1.37714401639122,0.0131875871671681
3.76,0.466779259011028,1.37885408662728,0.0752400364059446
3.7605,0.0987333241929035,1.38435056477712,0.0666985117745918
3.761,0.411834256630442,1.33648818285312,0.0750920635398645
3.7615,0.273860067759854,1.34183464159372,0.0698455243291694
3.762,0.30867990589536,1.33784592412845,0.0264381932661333
3.7625,-0.156424977626135,1.32215229509514,-0.0152535265340183
3.763,-0.514905948118783,1.268630749954,-0.0355451387140363
3.7635,-0.348968707234679,1.20091014681601,-0.0702849674825656
3.764,-0.310888635052299,1.2153823520368,-0.0550074154730741
3.7645,-0.390835859672025,1.24695438767579,-0.0269614962673337
3.765,-0.293190621715336,1.24145698285598,-0.0319314059418911
3.7655,-0.60545288408537,1.3116133522817,0.00822498467604407
3.766,-0.445068590246006,1.23709754280115,-0.0107375621672473
3.7665,-0.227652491036008,1.27915889511303,0.00455155576640245
3.767,0.27408019909495,1.36427447674716,-0.00174166671544301
3.7675,0.353931781779136,1.34621956673923,0.00269425038004438
3.768,0.494221037102786,1.44222224324398,0.0406038810884136
3.7685,0.7271868438275,1.4420554553399,0.095837838969953
3.769,0.642142181845294,1.41937682867726,0.0639433876072118
3.7695,0.362723259407992,1.37773395623237,0.0781933621242665
3.77,0.323175457973337,1.4027012277897,0.0444845295012087
3.7705,0.676640180767611,1.3953739247478,-0.0140665286805685
3.771,0.300144410380566,1.3571427325137,-0.0129199849777437
3.7715,-0.343776241621957,1.30908190590946,-0.0611807043949275
3.772,-0.83657910943968,1.29374199247733,-0.0435185678960281
3.7725,-0.555243155102895,1.32475639162847,-0.0561788470607446
3.773,-0.446073252489952,1.31532880829021,-0.0357394595578115
3.7735,-0.934173662427489,1.31084203804861,-0.0419344165677406
3.774,-0.00314361281053666,1.2732691938695,-0.0632250092583219
3.7745,0.178012195491866,1.26201321455848,-0.0202288976979654
3.775,-0.00291291665904586,1.3443177157443,-0.00360322355176889
3.7755,0.078715322658702,1.37388479101877,0.014341025687055
3.776,0.516485214445102,1.41471298439403,0.0361501709413888
3.7765,0.61707785000863,1.42865505131432,0.0400596289983338
3.777,0.446937349595685,1.47432431833687,0.0668412333100603
3.7775,0.317255616608959,1.43250477477247,0.0757105857645247
3.778,0.434041619787096,1.48931272780243,0.0481578236513734
3.7785,0.696448188721104,1.41322593724412,0.0141177539044232
3.779,-0.303650376483889,1.39060213298337,-0.0102533354346545
3.7795,0.310264945143936,1.29957186760247,-0.0115885508689539
3.78,-0.740843695661877,1.30665950686152,-0.0208653171185793
3.7805,-0.613936128028483,1.23775071148579,-0.0609890474491438
3.781,-0.327128378199538,1.28891056415963,-0.0388906900932955
3.7815,-0.193287200817878,1.32215888053792,-0.0751519848965774
3.782,-0.620361882069981,1.35381850858561,-0.0205789686175635
3.7825,-0.327489821940948,1.28373444494677,-0.0257347692531534
3.783,-0.32314298880039,1.29677855052971,-0.0160191635002947
3.7835,-0.325292648687006,1.40039359392105,-0.00214754446006272
3.784,0.515871130630591,1.42100885562289,0.0398387879127594
3.7845,0.248463854402278,1.40980770036243,0.0550292221084638
3.785,0.46278717355679,1.47133507727701,0.0921773424293658
3.7855,1.0057930966344,1.45192722366233,0.0684257891737142
3.786,0.518310283717964,1.45928870069397,0.0307372950117055
3.7865,0.320877456512328,1.41600439814212,0.0405291699905041
3.787,0.356117746648055,1.37622066517392,0.0263591530843892
3.7875,0.0600799693701167,1.40010439190869,-0.00556176308186568
3.788,-0.477589146092883,1.3733724146895,-0.0622942385238795
3.7885,-0.143630170532451,1.35650983899256,-0.0127321185748048
3.789,-0.430312367241764,1.28057801662899,0.000115654636212596
3.7895,-0.499117426518177,1.26995695893618,-0.0767300347659912
3.79,-0.263867322219926,1.29706668133815,-0.0335588359603511
3.7905,-0.319152361426015,1.2813981247607,-0.0440700975466894
3.791,-0.367056058793218,1.33226589559257,-0.0634678302488943
3.7915,-0.361694461655176,1.32456798109371,-0.0309294854545256
3.792,0.281519888991402,1.36813121284104,-0.0199159213378513
3.7925,0.477417918293501,1.35657384630352,0.0864528878606197
3.793,0.453745281741407,1.35927509824818,0.0533327231088584
3.7935,0.491625351210205,1.43071061931997,0.0734539250353379
3.794,0.446174313762017,1.41367025068712,0.0533622677373873
3.7945,0.373147870509283,1.38519728869488,0.0408771754689736
3.795,0.227797824099644,1.38263478707291,0.0163353201859277
3.7955,0.476975618864381,1.34478260979298,-0.0203018468563306
3.796,0.230403001611101,1.36162473547825,-0.00763767563433008
3.7965,-0.322837932680093,1.27867543988317,-0.0147525584715326
3.797,-0.182264436631028,1.30197441461713,-0.0319076563674776
3.7975,-0.598100272125571,1.22436999179111,-0.0384981691880514
3.798,-0.654655169758733,1.21380147779397,-0.0710282459906895
3.7985,-0.461542320104572,1.18804672781563,-0.0864778950254401
3.799,-0.27418048129806,1.27034978896569,-0.0661888029395349
3.7995,-0.316646385568104,1.29100280803271,-0.04608982356204
3.8,-0.359804859680526,1.35376983111564,-0.0195023195290839
3.8005,0.375304513212784,1.40111851777495,0.0469410701804825
3.801,0.214239263476115,1.39359291290452,0.056145545275249
3.8015,0.436264424925236,1.37697618180728,0.0758162894100156
3.802,0.620969428386226,1.40127064955369,0.0546369995195243
3.8025,0.473209300273906,1.36592782632835,0.0492252269569507
3.803,0.372089575167201,1.34037282383031,0.0356587334780698
3.8035,0.318435540522735,1.29974884944109,0.0156014460481298
3.804,0.196761669538102,1.3063017802082,-0.0109015094337272
3.8045,-0.262327696733358,1.26020205632294,-0.00531061281814352
3.805,-0.191328371776657,1.18645598635682,-0.0305599213441457
3.8055,-0.249494737745272,1.21131329540095,-0.0292207242912443
3.806,-0.378458117725499,1.20830844939184,-0.0651568103497035
3.8065,-0.84723799684107,1.17481355362337,-0.0839347905758323
3.807,-0.114112939282627,1.1853576862921,-0.0618487508067979
3.8075,-0.539162794172596,1.21069622062027,-0.0355631184937379
3.808,0.368254168604818,1.19757516152702,-0.0323975396134266
3.8085,-0.105865156374474,1.22356765050709,0.0213461402376342
3.809,0.173732218278142,1.31339171709708,0.0568587669110985
3.8095,0.637926942410119,1.31899823577999,0.0592147442104382
3.81,0.111641499840163,1.33499655541063,0.0848972149344518
3.8105,0.589320558415741,1.27834868806833,0.0417142364015945
3.811,0.613015162894371,1.31755098265954,0.0433203092674737
3.8115,0.459060832550031,1.29230460925217,0.00876901954297549
3.812,-0.00726563753357348,1.2602880428108,0.0116203399427747
3.8125,0.113790034294875,1.19278846853031,0.0207332788887719
3.813,-0.419339736527787,1.16951975793365,0.00775451761971719
3.8135,-0.24964748996546,1.19945329757249,-0.0225158204041356
3.814,-0.566590075156316,1.12888977079418,-0.0217133039992868
3.8145,-0.425392977640219,1.05626356655765,-0.0816103448175905
3.815,-0.654333163341398,1.09623145589813,-0.0855448203356741
3.8155,-0.261542908975363,1.05245888283005,-0.0448683389031422
3.816,-0.351051057137855,1.15191878376573,-0.0412193587597252
3.8165,-0.272292283192543,1.12924009677761,0.0398700506741046
3.817,-0.433929968206454,1.17651534104491,0.0265473451296456
3.8175,0.395749714447102,1.21528942177681,0.0448236485669663
3.818,0.83404196207627,1.22752458290892,0.0675917187969861
3.8185,0.325767228236895,1.18215059215316,0.0330346541973044
3.819,0.824243651025179,1.20030975422947,0.0529940313795538
3.8195,0.353042145630387,1.1751087804747,0.04839924925984
3.82,0.0748104706625659,1.16509790777159,0.019148879532368
3.8205,0.138204059970987,1.20821689800371,0.0415736746793384
3.821,-0.16129537056845,1.12380043479165,0.0176064324736422
3.8215,-0.0540210701831355,1.03850075841211,-0.0231010852628244
3.822,-0.578816129134734,1.07663939505445,-0.0556907062933291
3.8225,-0.41685714825121,1.02665018199086,-0.0709200355537952
3.823,-0.399367548491492,1.05622264422015,-0.0762310289594688
3.8235,-0.395411468697546,1.0218191903686,-0.0808296316562083
3.824,-0.25152471910592,1.04872673337854,-0.0363337055422357
3.8245,-0.279647386388839,1.10596022882956,-0.0097928721013334
3.825,-0.36973974826374,1.10401647593078,0.00740818427526912
3.8255,0.258210905202643,1.16078173739063,0.020963724476312
3.826,0.0865260703472359,1.13593018234854,0.0326223145730504
3.8265,0.705180493052789,1.15175668050978,0.0280733722505742
3.827,0.393649380988206,1.17268432117804,0.055968863819993
3.8275,0.664105938584792,1.14062552696198,0.0258717151116428
3.828,0.794298385727439,1.1459717131501,0.0482288576152119
3.8285,0.142228351233438,1.12597633216821,0.0508556204600326
3.829,-0.0913820751297437,1.06598334139418,0.0129870251804087
3.8295,0.160752886383097,1.01459659771219,0.00475137315762888
3.83,-0.197673085378202,1.00117516594203,-0.0425135903552167
3.8305,-0.388361263797265,0.982159735603024,-0.078046622297058
3.831,-0.42702503962319,0.99660042130503,-0.10084726543847
3.8315,-0.647253431149654,0.975259159886038,-0.0873235236749204
3.832,-0.135011962768973,1.01158275526063,-0.0249266278454388
3.8325,-0.391628231205879,0.978401750969137,-0.04468997216758
3.833,0.160495885666427,1.03929844572626,-0.00471765300343985
3.8335,-0.0625669608999491,1.07818535211484,0.00433925923957938
3.834,0.590610949510619,1.09669810898302,0.0403253892363289
3.8345,0.436689743966387,1.077965679574,0.0183176781693798
3.835,-0.328429371641289,1.129275717244,0.0304080625794601
3.8355,0.423604311322729,1.09753869687029,0.0565797518715933
3.836,0.740349513300205,1.10607068087334,0.0682577947878504
3.8365,0.242031409234026,1.07158038083604,0.0388224633253522
3.837,0.010334324500697,1.08830580792343,0.0392112193551487
3.8375,0.112209186662614,0.975212256800683,0.0198163467205421
3.838,0.193066364677373,1.00375561117208,-0.0222488699680127
3.8385,-0.136041290971043,0.967024053856699,-0.0271827267184955
3.839,-0.39659021070084,0.92102325343556,-0.0548653648100492
3.8395,-0.339792196146763,0.947993204772607,-0.0540269077667842
3.84,-0.316881913700576,0.935492631809011,-0.0878735782680406
3.8405,-0.406683624108788,0.992323319573,-0.0373635350530349
3.841,-0.126675171470227,0.924869147004012,-0.0124990636448753
3.8415,-0.062038457181856,1.01905933727068,-0.00967833970181875
3.842,0.292030868289895,1.05672916822052,0.00306611766201302
3.8425,0.430962336371724,1.00378789042395,0.032007771054513
3.843,0.0390603873283192,1.11254970691535,0.00970280844235421
3.8435,0.323828404468607,1.13701161031246,0.0623516384687672
3.844,0.15285456798417,1.12138524702829,0.0838870399116088
3.8445,0.419755075452389,1.13813290288958,0.0649998430617239
3.845,-0.293983115039739,1.08657164767444,0.0822362339417053
3.8455,0.0870097183143387,0.980594935383972,0.0531682038306471
3.846,0.205825559275937,0.979296070720938,-0.00633801812794351
3.8465,-0.116567118146367,1.02396052704432,-0.0490492816910016
3.847,-0.00794423830180457,0.952593194601069,-0.0534491711576239
3.8475,-0.44894722795242,0.914303695608331,-0.0811720074496645
3.848,-0.601652200309257,0.880654862816743,-0.0625264761486885
3.8485,-0.882191077985515,0.916533717671673,-0.0221384747724807
3.849,0.338539763373493,0.950358276460295,-0.0362312656807877
3.8495,-0.0995455220408366,1.01548743442975,-0.0184069166742306
3.85,0.266399661168494,1.04738651390081,0.0131670490216566
3.8505,0.30598554014549,1.10948803659053,-0.0196234939276325
3.851,0.223283441750906,1.11691473821423,0.0350333869677815
3.8515,0.34314659282221,1.08297838996134,0.0387182569060819
3.852,-0.164580060996369,1.11798578490879,0.0576631987081404
3.8525,0.192944639356777,1.12468170810798,0.0688973507266061
3.853,0.25402894828111,1.11703403653685,0.0604149785642728
3.8535,0.0597869340351435,1.04319350857849,0.0422120576964162
3.854,0.240440755907863,1.03105974120888,0.00058061923681106
3.8545,-0.00200062404800269,1.01490861560689,-0.0408948057787838
3.855,-0.40102814509466,0.997737505831116,-0.0401237042202472
3.8555,-0.69037883139417,1.03608124723471,-0.0648520016718806
3.856,-0.263103639758441,0.986188601448983,-0.0520824293030145
3.8565,-0.478565950047092,0.947138464017735,-0.0363196508929634
3.857,-0.310469921360082,0.994215657974704,-0.0332542908934076
3.8575,-0.187735422390703,1.01496919775449,-0.0265082927157521
3.858,-0.145884925644101,1.04004950205609,-0.00845670390040728
3.8585,0.237507984041026,1.12007137406558,-0.0111700410462694
3.859,0.281641839768686,1.16810913182546,0.016684447324386
3.8595,0.370914103406774,1.13936471308571,0.015749999628739
3.86,0.177163647961231,1.16151124886612,0.0574990365780286
3.8605,0.475129780133414,1.12344220788642,0.075813464310818
3.861,0.65086808099899,1.18677090097743,0.0949811048333129
3.8615,0.216755665280616,1.11633435955196,0.0814363271318391
3.862,0.27175624301706,1.12754370612705,0.0186894965566856
3.8625,0.158744349806391,1.10252360832139,-0.0242216327884682
3.863,0.661219166860147,1.063872847486,-0.0577680350784289
3.8635,-0.498336425661816,1.06144176735027,-0.0638426802307565
3.864,-0.472201241004741,1.03517671325923,-0.0542509626660242
3.8645,-0.571992092326539,1.09470550220055,-0.0644360991725534
3.865,-0.82581749258596,1.08251021760092,-0.0442202990084321
3.8655,-0.312571894928791,1.12092176521601,-0.0238201694399003
3.866,-0.142751640736902,1.11228867669223,-0.00753183065712387
3.8665,-0.148907428044615,1.11877332731024,-0.00693317953369314
3.867,0.104408843143199,1.15535181169367,-0.0146015907272258
3.8675,0.247692166106111,1.1868447244474,-0.00886154279402836
3.868,0.31694463133242,1.23307525123818,0.044685366417739
3.8685,0.24315001513754,1.21150822412297,0.0783186900866721
3.869,0.276644858347916,1.23475363408139,0.079689002332201
3.8695,0.163032444259181,1.19440356281939,0.0557244833039927
3.87,0.447776177727211,1.23288675937361,0.0268203636888243
3.8705,0.109036133378602,1.16472738587465,0.00742532039242882
3.871,0.023810992906522,1.11417710969048,-0.00674633015868204
3.8715,-0.398939454032715,1.12157834676252,-0.0336462649551149
3.872,-0.89926633857264,1.09548390691018,-0.0790888606892608
3.8725,-0.428971543316148,1.07549267637843,-0.0555391564394291
3.873,-0.306605091294638,1.08460740531496,-0.0560507010485524
3.8735,-0.133917558084613,1.13313921314641,-0.0537634038005032
3.874,-0.772967058746452,1.13402626302595,-0.0202858061817305
3.8745,-0.0965172186369054,1.11871279462823,-0.0307853919659217
3.875,0.0396284775154652,1.24346433979324,-0.0196407555117199
3.8755,0.182216150344535,1.24055765092233,0.00615472351412651
3.876,0.289679186984431,1.28675767194026,0.012573501103282
3.8765,0.90553420089957,1.2518704534452,0.0640132171878239
3.877,0.172992458122058,1.2931878371099,0.0707330459512462
3.8775,0.490990707183498,1.33317469356571,0.0687529700806142
3.878,0.467378267279343,1.25493244773569,0.0342878280046318
3.8785,-0.271051906485044,1.28288533909938,0.0246932710025489
3.879,0.167740499421891,1.2948137473831,-0.0173817491441901
3.8795,0.249364641568223,1.19915022059638,-0.0252910165081103
3.88,-0.343802736659051,1.13572256354151,-0.0265907883352574
3.8805,-0.463601089230709,1.12096418787847,-0.0360263794647985
3.881,-0.818608374120761,1.17226606318354,-0.0384803802277263
3.8815,-0.378713013737279,1.22121292746518,-0.0311079567399747
3.882,-0.131439410242599,1.18448329965192,-0.036720305307784
3.8825,-0.586210643215112,1.21274403715098,-0.068374868717677
3.883,-0.452859431780231,1.19941667364768,-0.0539992852894273
3.8835,-0.0921574832829818,1.29456476934729,0.0137645745870723
3.884,0.246713951817259,1.32146436756265,0.0247445071204136
3.8845,0.636305809590839,1.36482216289181,0.0628882218844437
3.885,0.580002069495668,1.34156512215414,0.0805145425259573
3.8855,0.440548302692026,1.41472527935558,0.070379704528827
3.886,0.207084197899263,1.36235827245353,0.056257377421743
3.8865,0.331391324642523,1.30271052877579,0.0210522844680059
3.887,0.304709843476118,1.32532020286507,0.0182595163815467
3.8875,-0.180446172851152,1.34766465194047,-0.00559210450638956
3.888,-0.112433095938396,1.29452181853865,-0.0334601411689235
3.8885,-0.248413625276712,1.20357838715134,-0.0169783185088273
3.889,-0.0858898642124079,1.29742915122812,-0.0539654940759161
3.8895,-0.0714345789361761,1.25711466128136,-0.06323005890386
3.89,-0.904527729505293,1.24963140127695,-0.0750902804102914
3.8905,-0.0817588436670466,1.26404505257551,-0.0634630151833145
3.891,-0.384524755548527,1.28507391473941,-0.0414166297259365
3.8915,-0.38588404125504,1.31535777919603,-0.00778198533869006
3.892,-0.0369560602121463,1.32528104791351,0.00630969760704862
3.8925,0.151568020979756,1.42057160339919,0.0373307658068085
3.893,0.467182214672739,1.40622423997502,0.0732767033243804
3.8935,0.398631719719278,1.4529757061088,0.0826817209899279
3.894,0.114462920723152,1.44425108986287,0.0418603294654627
3.8945,0.30180658291781,1.42058074736173,0.0303142528910348
3.895,-0.206154093799543,1.41219069400697,0.0164878075555771
3.8955,0.510078262804222,1.34729957986219,-0.0058896281074285
3.896,-0.218615641081283,1.36234559478371,-0.0110656819193881
3.8965,-0.0478783003807685,1.37020923245059,-0.0226028195851655
3.897,-0.187743354754414,1.33621891979697,-0.00168009273019691
3.8975,-0.601172627561234,1.29693782273061,-0.0701992079633718
3.898,-0.84090952280626,1.29960111859592,-0.0583452628717617
3.8985,-0.799046013869598,1.29359115938921,-0.0417392138059278
3.899,-0.113033912039292,1.28386424210233,-0.0663238514937326
3.8995,-0.199169842097565,1.31910644370604,-0.033149141227213
3.9,0.265724087735407,1.34467932877253,-0.0303155327953198
3.9005,0.0522146212846942,1.38805818775827,0.0118758073677662
3.901,-0.417256380056898,1.45880318993706,0.0389631824476669
3.9015,0.144434559415968,1.47935163299597,0.0919348185790871
3.902,0.657385896928709,1.49731581788243,0.0714709689214445
3.9025,0.488758695888708,1.47123246867857,0.0350774507180794
3.903,0.821497429904775,1.47569242753563,0.0301378437147272
3.9035,0.307815128648696,1.35902838092488,0.0433087386902
3.904,-0.390744726669446,1.39088242765076,-0.00546023738257923
3.9045,0.506530106450971,1.28053930070017,0.00638580864174031
3.905,-0.00148538999685088,1.36890479998088,-0.00306449137452842
3.9055,-0.752365547294944,1.29246479827655,-0.0549021094370809
3.906,-0.395345873770695,1.33237542059746,-0.077320581910972
3.9065,-0.461645971429328,1.32789214858195,-0.0679013615269136
3.907,-0.576616298234294,1.29890901490551,-0.0615497800101997
3.9075,-0.722900547658286,1.30685958220276,-0.0708576647637509
3.908,-0.350728888862394,1.35016381430465,0.00119123579998334
3.9085,0.126083083927661,1.38260184445993,0.015293575842285
3.909,0.0817817455674545,1.4208801126369,0.021334740640132
3.9095,0.138733422674903,1.43121703685785,0.063761859597563
3.91,0.447944261083232,1.46623735488201,0.0764678926769486
3.9105,1.10853653618992,1.42318330919853,0.0417652769377189
3.911,0.475746118176339,1.4436137940113,0.0553734687975928
3.9115,0.505745506870394,1.41786700111671,0.0381914404609539
3.912,0.0331667384075613,1.39680299597898,0.0017301560650835
3.9125,-0.389352840430988,1.35127256623984,0.00144411607001023
3.913,-0.450224762358379,1.32442373118244,-0.00276886782048471
3.9135,-0.177621098146557,1.31856820019471,-0.00900705687854772
3.914,-0.40185904931508,1.30398824587704,-0.0466344384502682
3.9145,-0.468239521092742,1.30526844391937,-0.0949870610391205
3.915,-0.219666176886738,1.28143677519509,-0.0563683472599687
3.9155,0.168008596363556,1.31888689496862,-0.057482363763925
3.916,0.0205140508448872,1.33268211566559,-0.0159056907001863
3.9165,-0.140982042666095,1.33384502780648,-0.00216337813246247
3.917,0.188923764281707,1.35994453584162,0.0197332898863953
3.9175,0.503827506284381,1.41993173774862,0.0347965879169093
3.918,0.40328705614657,1.34808468719994,0.06696536305149
3.9185,0.816983379059627,1.46073790594542,0.0143599432306753
3.919,0.757555220935056,1.442526597222,0.0392900018485005
3.9195,0.535276298508296,1.3733559634561,0.0278075079393554
3.92,-0.120785307079491,1.44686953396779,0.0285290547632474
3.9205,-0.185515816370837,1.35357549338422,0.0204532401396646
3.921,-0.309426982257657,1.35617252033673,0.00830127198627983
3.9215,0.0421106378088666,1.3786714742821,-0.0111222377236758
3.922,-0.35795815296794,1.24354428252166,-0.0569870881994095
3.9225,0.0415217804024303,1.2516632101663,-0.0853064077525388
3.923,-0.485194415324834,1.14986081715719,-0.102216766181829
3.9235,-0.415163331744886,1.21222107124019,-0.084557354081383
3.924,-0.368066859666562,1.24113432696975,-0.0209465640975631
3.9245,0.153203594084849,1.30884321094838,-0.0147006949132876
3.925,0.263455230044298,1.28989253565697,-0.00379239625520281
3.9255,0.214364524971103,1.33677128379815,0.0229416610510415
3.926,0.186760442521901,1.34578350963875,0.0456598740755467
3.9265,0.318249325840886,1.38825264178933,0.0384588225141663
3.927,0.363706854275093,1.45084994188331,0.0408866764109537
3.9275,0.603305536773495,1.3597209579205,0.0376343409166859
3.928,0.604214101519882,1.31715991468281,0.0661811288122306
3.9285,0.630514710583183,1.30105086522102,0.0323509539995118
3.929,0.316593817323155,1.26858136519633,0.0155194589962184
3.9295,-0.38263052056672,1.23191527208231,-0.0286054122561085
3.93,-0.0158641073519515,1.28301730179223,-0.0375969362084677
3.9305,-0.352390999032564,1.19505528930086,-0.0698428594591968
3.931,-0.623963842731064,1.18232804633324,-0.0708311226876228
3.9315,-0.496804072189782,1.14923358935517,-0.0814271301461947
3.932,-0.419886853876102,1.16512835929273,-0.0680988524237032
3.9325,-0.266649396950887,1.22049857990846,-0.0507247636444366
3.933,-0.0775761927750447,1.22305845994538,0.0478557614823513
3.9335,0.0230663365216775,1.27045277983902,0.0273878121092998
3.934,0.10767290556486,1.27266601465503,0.0596268408004662
3.9345,0.658068155173926,1.27183953699245,0.0382495514499921
3.935,0.793631277182231,1.34466381097521,0.015094139475667
3.9355,0.58938965204991,1.30207440203881,0.060671256546872
3.936,0.428187878082675,1.36610987879828,0.0479800062702891
3.9365,0.666224279572465,1.29690899689917,0.0734535247956292
3.937,0.0748448200286092,1.19031131879446,0.0575346761673154
3.9375,-0.075341590899983,1.16605374303915,0.024151296562518
3.938,-0.152791831621756,1.13716081814667,-0.0168059890705498
3.9385,-0.0614380590123991,1.12469915211027,-0.0582766851970871
3.939,-0.43576497412185,1.11420964103248,-0.0467491204862224
3.9395,-0.315172629082019,1.12407078602374,-0.076015387400272
3.94,-0.456140322696882,1.14591829338661,-0.0753966492749843
3.9405,-0.293456786976168,1.11725646121966,-0.0510481427044205
3.941,-0.712809258074792,1.13231720097071,-0.00673186873113306
3.9415,0.292394686176378,1.12960519768379,-0.00567866466914398
3.942,0.364289886845806,1.18380624878742,-0.00924856037024234
3.9425,0.00115665093835138,1.21061338964029,0.0160601217622869
3.943,-0.236385921296832,1.23102710985475,0.0402676105203814
3.9435,0.858929000609996,1.26768529325847,0.0592590785823719
3.944,0.459411255733318,1.18640035665952,0.0577445743294408
3.9445,0.615594027321653,1.22211536895247,0.0538528103860627
3.945,0.414204907306804,1.13892757497125,0.0478125789389705
3.9455,0.215925474756586,1.18718920723755,0.00682411100966839
3.946,0.236715468860679,1.19460760403875,-0.00422242980577373
3.9465,-0.0988806914480525,1.11183183611375,-0.0546176729311132
3.947,-0.774657944466335,1.01723399228815,-0.0757876900204144
3.9475,-0.260060835144091,1.04161912554871,-0.07833679389181
3.948,-0.536220008303619,1.01740176216996,-0.0639878867203252
3.9485,-0.360453132884879,0.99260417007351,-0.0345759054505093
3.949,-0.2544284503204,1.01912081776049,-0.021855297624903
3.9495,-0.0805106163688104,1.00961790607434,0.0103428137012382
3.95,-0.139426399256233,1.07478816441983,-0.0058391463189237
3.9505,0.0233969373089503,1.15292913854798,0.0161536905462526
3.951,0.0405631073358422,1.15313206281987,0.0041952722673049
3.9515,0.682764026096229,1.08162322263034,0.0221068632946204
3.952,0.473986467156112,1.19475907517442,0.0311847836685244
3.9525,0.542530913092897,1.17977435784767,0.063173836477592
3.953,0.606392009842309,1.09863389333135,0.0653778697324212
3.9535,-0.0716613724515071,1.08747192484268,0.039193232395388
3.954,-0.227157068856007,1.08811621603238,0.012816819236662
3.9545,-0.156226485501022,1.00382378564797,-0.0249328939740121
3.955,-0.0923902893227132,0.981985160397991,-0.0712925109813663
3.9555,-0.597889800288312,0.959806812120806,-0.0406462988471581
3.956,-0.630664172085562,0.992374800697489,-0.0428294557516206
3.9565,-0.309156913892319,0.976170191148715,-0.0341917766898229
3.957,-0.301885122882585,0.963692578210317,-0.0363221446252406
3.9575,-0.12553366475343,0.965687229456209,0.000554163987317204
3.958,0.061111421132864,1.01535624071925,-0.0047523528815877
3.9585,0.317577500790796,1.02502687182035,0.0108003981054787
3.959,-0.217256037262836,1.12139683773605,-0.00231996772093486
3.9595,0.383063659394407,1.04175454395234,0.050261054488807
3.96,0.520172108545736,1.09435753604417,0.0541663951806224
3.9605,0.0238166773121359,1.07436539238847,0.0632885602849645
3.961,0.430452060965163,1.14495501844799,0.0591339395569891
3.9615,0.574835495619487,1.10765816614789,0.0443735455914303
3.962,-0.214614473670015,1.03435753546353,-0.00203586374365636
3.9625,0.0105653001354672,1.01611376544971,-0.0232605249052719
3.963,-0.309545129220812,1.01177106205703,-0.0564841862754396
3.9635,-0.131020959013602,0.978814847567783,-0.0417584801041489
3.964,-0.687298808224524,0.87070139179046,-0.0314328534310707
3.9645,-0.731171445647641,0.884411928237455,-0.0536795618192425
3.965,-0.103678073159824,0.931769975203273,-0.0391302044286699
3.9655,-0.225609112985531,0.996103662237086,-0.0460890479236008
3.966,0.126100084372979,0.996352723791886,-0.0133468177488761
3.9665,0.160482401033282,0.980009574850717,-0.0421545879242891
3.967,0.265522500668032,1.05828566536063,0.0155075506565034
3.9675,0.293916214474215,1.04661937726522,0.0308188340453046
3.968,0.0485557522104582,1.05226400418443,0.022027832834127
3.9685,0.439143703202804,1.10132707464267,0.0648392946020141
3.969,0.492324131147048,1.0856080546759,0.0728209367442401
3.9695,0.505457288451771,1.08245006505718,0.07267832221924
3.97,0.0355575821611631,1.03800711400175,0.0538560222801094
3.9705,0.134362758695539,1.04091739355285,-0.000245604369130418
3.971,0.373338626606792,0.98928702510068,-0.0361127765834158
3.9715,-0.353837850071822,0.950676483779423,-0.0819524313135046
3.972,-0.318852951882352,0.989459445429807,-0.0554123499315967
3.9725,-0.381832951359495,0.946769614560906,-0.0261862285339745
3.973,-0.676586856212576,0.906223019277192,-0.0509518100201957
3.9735,-0.314840011954748,0.993070909924613,-0.0313294204137431
3.974,-0.253733560393581,0.947889394343173,-0.0353746160345787
3.9745,-0.759137801165353,1.00082112695066,-0.0592872997403227
3.975,0.55395080728896,0.995130744968973,-0.0235875118859122
3.9755,0.508625375832531,1.11847281906143,0.0205891817641199
3.976,0.609131926225658,1.14534773158762,0.0482996185354468
3.9765,0.619335548329139,1.10530195471197,0.0780062686899538
3.977,0.361010905261868,1.09351485103,0.08063832282145
3.9775,0.125700017507478,1.14279900208188,0.0572090406758088
3.978,0.227203286874941,1.11134551967115,0.0533175251832792
3.9785,0.341093123735404,1.07735773058466,0.0175413898838053
3.979,0.533712113272846,1.10176481744977,-0.0167171257177518
3.9795,-0.361694310496914,1.06214023778997,-0.0521666982913873
3.98,0.204165394072894,1.00622570988359,-0.0349103642142561
3.9805,-0.640416987518197,1.00118088777187,-0.0493461031918491
3.981,-0.238009254483862,0.973987406747865,-0.0146568095406131
3.9815,-0.45701154599719,0.988807879651409,-0.0379365882412919
3.982,-0.8651459648478,1.01513933762555,-0.0235396898424709
3.9825,0.362408198590027,1.04896432479744,-0.0478147647653815
3.983,-0.412686030547863,1.0181678267851,-0.0391927768061562
3.9835,-0.120899494009176,1.08079090400272,-0.0154207882059785
3.984,0.102305390883488,1.12916485063994,0.0202651742627005
3.9845,0.250016790157718,1.09596094464245,0.0544299670484658
3.985,0.477589447578276,1.14959116978357,0.0980389023243199
3.9855,0.527571450914156,1.14037379898835,0.056720970297887
3.986,0.926619214282871,1.14714538829593,0.0651014505625984
3.9865,0.660735883102868,1.14974073751927,0.0252939935678031
3.987,0.404952154848474,1.09836595302359,0.0244780637213535
3.9875,-0.164350239824663,1.11867307923569,-0.0346049695983635
3.988,0.104475985415091,1.07314811606785,-0.0174368040258864
3.9885,-0.354796664592129,1.09335753749232,-0.0423172481529363
3.989,-0.475358296666026,1.03084073161904,-0.042247597638244
3.9895,-0.308159371904238,1.02127635147189,-0.0462221040132621
3.99,-0.722468268011504,1.04398682944923,-0.0645091631395476
3.9905,-0.944422701112877,1.07253103682971,-0.0549026131177123
3.991,-0.317899392216807,1.11662410102117,-0.0486667511895656
3.9915,-0.266637349244138,1.08284986297109,-0.0168003251002789
3.992,0.324034639257061,1.16595273369039,-0.00690015680636467
3.9925,0.195951401523992,1.14057730910791,0.0441156404124422
3.993,0.735594610855856,1.22649190481281,0.062813707728087
3.9935,0.305810228238188,1.18607376924931,0.0725671307923746
3.994,0.593504249267632,1.22476936436384,0.0579525829950213
3.9945,0.498091262283168,1.26468001281572,0.048676283943022
3.995,0.359393283436422,1.20702603635613,0.0170803880843226
3.9955,-0.131760186650178,1.15931213330114,0.018973553320195
3.996,-0.0406722569621184,1.1368993656899,0.00982956515266956
3.9965,-0.245744765683746,1.13200607216298,-0.0359956021172898
3.997,-0.486661512415107,1.12712282699171,-0.0436541839528323
3.9975,-0.498813365731057,1.0790302463049,-0.0551692559792513
3.998,-0.564128325064198,1.11514296495795,-0.057261446249297
3.9985,-0.479412598803747,1.09280635472607,-0.0865628371761199
3.999,-0.51934576240603,1.13708321206671,-0.0575511972840373
3.9995,-0.468435515314274,1.17409604668335,-0.0303800111261899
4,-0.161374101387278,1.19084716115339,-0.00221615278817578
4.0005,0.0910869288799688,1.23217454010805,0.0299196442594808
4.001,0.553852157912596,1.28850877836524,0.0858549291107419
4.0015,0.254402965033917,1.27630405563204,0.0642697726944653
4.002,0.832059517494946,1.23476839271854,0.0704784462984746
4.0025,0.0814372480197596,1.31668503801044,0.0347703169886721
4.003,0.816672687900865,1.25538838315636,0.0443551203887639
4.0035,0.258041202890394,1.28181744759761,-0.0138833938392472
4.004,-0.486098003209551,1.22948367801135,-0.000142285272205704
4.0045,0.0665096691426127,1.25212586609685,-0.000727032680354558
4.005,-0.81678034116689,1.15305027359467,-0.0451576100543507
4.0055,-0.288755122742609,1.16146973321983,0.00985885915259788
4.006,0.127711888119743,1.1859761863172,-0.0622397680048266
4.0065,-0.476555670423034,1.19911109852056,-0.0398295079678125
4.007,-0.252102849293649,1.19248356490985,-0.060868070419908
4.0075,-0.0919766790748147,1.20427214029051,-0.0509774036312959
4.008,-0.203817353796868,1.21576987977965,-0.0371214232714725
4.0085,0.260589167907843,1.28907324424232,0.0136963966342469
4.009,0.119447197113382,1.27903087906765,0.0525040605041132
4.0095,0.560498866693387,1.41294679766403,0.0299481140395817
4.01,0.171171936255007,1.35545610594311,0.048527876528766
4.0105,0.45898878272446,1.3871080647033,0.0545013808508859
4.011,0.327450965413237,1.38453984915843,0.0460537374596046
4.0115,0.108046901310068,1.37813997326406,0.0250822873018256
4.012,0.184855332358037,1.31734202932626,0.00384101366513242
4.0125,-0.368418607630634,1.35751177250281,-0.00588728690042397
4.013,-0.572607988839331,1.287283974463,-0.0013292709160932
4.0135,-0.665740885189578,1.26454379086449,-0.0246243242503044
4.014,-0.600510318572114,1.25181173347641,-0.0274853204166593
4.0145,-0.230111752384408,1.27426399402131,-0.0672194452957683
4.015,-0.40747875555052,1.28318537279095,-0.0764986094963425
4.0155,-0.0281708575694781,1.26026014912855,-0.0587738471984289
4.016,0.0341298558455338,1.23108538496224,-0.0327013196531818
4.0165,-0.175591008643162,1.29597727999149,-0.0028080056329719
4.017,-0.230466550561112,1.30336422837142,0.049021855619913
4.0175,0.266239095300671,1.34290144345899,0.0467036981395962
4.018,0.285469881524386,1.42136208161416,0.0545008024367941
4.0185,0.739229551678941,1.39611392390583,0.0497982387004508
4.019,0.24971009501975,1.46608964364894,0.0257859254305088
4.0195,0.767114450562237,1.43590116642871,0.021240513875585
4.02,0.322647339734357,1.37920996558101,0.0270669514220258
4.0205,0.225695967611896,1.37305807387522,-0.00355562532385884
4.021,-0.23398333922195,1.37476741053502,0.0213523100765276
4.0215,-0.46619576424935,1.32801778193185,-0.00286460675537805
4.022,-0.383394835619255,1.27816725615463,-0.0262248418059428
4.0225,-0.41351475731007,1.33653833193171,-0.0951233287540404
4.023,-0.804672707013223,1.29203762153929,-0.0623537751606874
4.0235,-0.370728423162096,1.34746174430665,-0.0906661291063067
4.024,-0.493475309010448,1.34944218492723,-0.0508166605870022
4.0245,-0.0566681671455023,1.34620743523261,-0.0112547457296832
4.025,0.244065499436207,1.36306571091155,-0.00549195228431205
4.0255,-0.31078029129667,1.37351146072034,0.0441278246023593
4.026,0.119694701541519,1.47124229834727,0.0411269347798035
4.0265,0.330155354304876,1.48856420205922,0.0388149468903491
4.027,-0.124061089409796,1.45685179786293,0.0175102406273521
4.0275,-0.230430701049854,1.43618129860798,0.0502911176164136
4.028,-0.0847056206105464,1.44330866079959,0.0399570647715003
4.0285,0.435565864238593,1.39478975261877,0.0649583226852998
4.029,0.459722466149887,1.37731678664058,0.0483069148528983
4.0295,-0.268725858398197,1.35044086720018,-0.00270369203862035
4.03,-0.371066305602326,1.33631261531932,-0.0324773722652318
4.0305,-0.326363869986712,1.31052521324682,-0.0469924310567424
4.031,-0.227689742716343,1.3335975921964,-0.0590751070160682
4.0315,-0.211272224709744,1.27563289075602,-0.0715400928658029
4.032,0.255888293127496,1.34786402735064,-0.0156775007862696
4.0325,-0.139754952148014,1.36659419420356,-0.00861181634019037
4.033,-0.401114889029557,1.37668259104397,0.0246225469831021
4.0335,0.634645827442337,1.3980974626251,0.0147353852157203
4.034,-0.0381556894838995,1.3788575405416,0.00741474069184484
4.0345,0.16165939585416,1.46223673836201,0.0482904618430499
4.035,0.643801001711762,1.45477816885125,0.0462520137637955
4.0355,0.481412825403454,1.44320956131794,0.0564764215761751
4.036,0.413661981780369,1.46646989150755,0.0419537162623923
4.0365,0.301475057896618,1.44928694916866,0.0460455985292634
4.037,-0.173595620020323,1.4647730757644,0.0586151491007179
4.0375,-0.321362725313135,1.37725889077916,0.00798604455965378
4.038,-0.580373022682313,1.29263793467376,0.00108130628217757
4.0385,-0.110819067433895,1.26659181179282,-0.0669813391428732
4.039,-0.620126905765546,1.25649241153064,-0.0450833322805261
4.0395,-0.870576533248822,1.24667684269892,-0.100040481164206
4.04,-0.297143300569634,1.27031927292192,-0.0936285294568403
4.0405,-0.400689793808349,1.32768170002223,-0.0289426016219108
4.041,-0.536580730699308,1.30208943423951,0.0184441801123209
4.0415,0.0177350853315992,1.32451978475124,0.0220366720051926
4.042,0.218692148940977,1.32564770652724,0.0316581523751462
4.0425,0.382899005603154,1.4118790027034,0.0177968775754755
4.043,0.216662559494163,1.42031645657388,0.0335853031120957
4.0435,0.340940198762068,1.41509807013157,0.0491665338475847
4.044,0.32132422310435,1.42256333145581,0.0404091248160787
4.0445,0.410103444802439,1.39462624337123,0.0891139877593046
4.045,0.384450124485324,1.40381818990544,0.0495728503937045
4.0455,0.519333411762763,1.41948412525191,0.0360533363169692
4.046,-0.208525240521355,1.33572891158465,-0.0127392661895976
4.0465,-0.367553973725401,1.32559295267575,-0.0152057973502539
4.047,-0.380570621982719,1.28009150803274,-0.043294681595783
4.0475,-0.124876013013924,1.25008471043799,-0.0604126950528984
4.048,-0.535235463330889,1.30693234702469,-0.0657814239161134
4.0485,-0.162780763401208,1.19344823342383,-0.0593183471559883
4.049,-0.482592947150505,1.24325536412135,-0.0165524105070802
4.0495,-0.374593228394534,1.32097512585713,0.0090609681638211
4.05,0.453277723476339,1.2982697178128,-0.00202619230183242
4.0505,0.375625808381886,1.34765426606271,-0.0139170518601647
4.051,0.440433447851508,1.34008698809986,0.0513724790582942
4.0515,0.39611562046966,1.41031682304285,0.0213616085264082
4.052,0.285062287454557,1.39726816748011,0.0837883867360624
4.0525,0.708271387478111,1.34678861890316,0.0826684366748331
4.053,0.618539345442042,1.33611852896981,0.0701007530776778
4.0535,-0.230607435422425,1.29864743020485,0.044766420446662
4.054,-0.233368354555723,1.30482875358813,0.0136354475753965
4.0545,-0.200374682821512,1.17952405265507,-0.0353261190825692
4.055,0.115105952820204,1.24583055496297,-0.0473760365246134
4.0555,-0.269791755396464,1.14461390733877,-0.0566510509294964
4.056,-0.100636431368689,1.11594491255954,-0.045199553843708
4.0565,-0.571769487325253,1.16658241790223,-0.0608742044170754
4.057,-0.248097904199539,1.2206292078892,-0.0270924894805882
4.0575,-0.411085689214263,1.24787537339127,-0.0230980909533097
4.058,-0.576954845405793,1.2616106179921,0.0138952241097952
4.0585,0.131451292112604,1.20330710016644,-0.0330857470779804
4.059,0.219229084935935,1.29789827944371,0.0187555245865856
4.0595,0.14453620207217,1.27240450350389,0.0234717358130885
4.06,0.275898366075105,1.22316142600387,0.0412699045694924
4.0605,0.238856606022717,1.33196585541093,0.0936965709093906
4.061,0.52326156010733,1.25275347343625,0.0885372890197558
4.0615,0.0371822656870461,1.22608994981531,0.0684425462794472
4.062,0.307859713335651,1.18247704859484,0.0551308396743782
4.0625,-0.072902184059311,1.19022991754395,-0.00394795341608732
4.063,-0.218882607016039,1.2054990954759,-0.0601933888181286
4.0635,-0.516369140721289,1.092738649606,-0.0555483139392398
4.064,-0.601937280440696,1.16965121896129,-0.069638239309914
4.0645,-0.601346443755234,1.08572463268034,-0.040771602910207
4.065,-0.642578050573699,1.09501681178392,-0.0384317100874352
4.0655,-0.510865279101505,1.1263270795824,-0.0237753346847794
4.066,-0.369468253954737,1.17808904277221,-0.0171068868531022
4.0665,-0.434286773425534,1.12855257376581,0.00265384333123807
4.067,-0.328519820309444,1.23498685760743,-0.0133408653453834
4.0675,-0.527415339136277,1.21824566169144,0.0311885288498313
4.068,0.502383290615595,1.17668858307296,0.033849090459587
4.0685,0.182001278482137,1.18033422342056,0.0888612931240729
4.069,0.480861274917721,1.19843757125932,0.0934999567097791
4.0695,0.267213924710562,1.18777691658675,0.0534578494807786
4.07,0.464048715555636,1.23860473542935,0.0353092727926981
4.0705,0.202547693011099,1.10428597024567,0.0291847636869085
4.071,0.315632755316004,1.20528308978868,-0.0491203869217744
4.0715,-0.149009555864569,0.999911996155849,-0.0383081498704538
4.072,-0.198754503998149,1.04733676011099,-0.0611399011669625
4.0725,-0.506255081949485,1.02572158363802,-0.0559191029267475
4.073,-0.660492622752734,1.03756415489093,-0.0269832261471457
4.0735,-0.822485842428487,1.04598933026603,-0.0321400487316769
4.074,-0.638897879715674,1.02014499390238,-0.0255426343982958
4.0745,0.280990303507943,1.08091864583558,-0.0152808635905824
4.075,-0.324561543354885,1.04260221932548,-0.0392415889889562
4.0755,0.287145354671738,1.09434296565652,-0.00392573030922281
4.076,0.312941598501017,1.18725052437013,0.0265956543626898
4.0765,0.563374821092925,1.18394881704627,0.0708902010886886
4.077,0.375274079230042,1.12879573818426,0.102407312470195
4.0775,0.342420359127024,1.19864281672828,0.073018224665985
4.078,0.490313760753261,1.12970123569305,0.0408644241993744
4.0785,0.128859926189943,1.11015878765391,0.0168530938370234
4.079,0.114528184887076,1.09155141768218,-0.0327290302814078
4.0795,0.246859369364557,1.04950609284446,-0.0410029515664131
4.08,-0.0989264413083938,1.08374827757826,-0.0343329892495802
4.0805,-0.51305126459226,0.992973076070054,-0.0529993883418855
4.081,-0.492877083596397,0.981267836510287,-0.057444212313307
4.0815,-0.0696007106842358,0.965824074756987,-0.0116408407387911
4.082,-0.81028128183067,0.939940802533743,-0.0410845784286335
4.0825,-0.173911557493268,1.01262608848977,-0.0635104252855615
4.083,0.279468042384741,1.04242961542712,-0.0489095557702902
4.0835,0.0568760615027827,1.06982782400601,-0.0125010783669478
4.084,0.257337651864479,1.0983544486141,0.0162392283477496
4.0845,0.573572837523728,1.13086643039173,0.0427213665738682
4.085,0.986700020241824,1.09000495249923,0.101839427575478
4.0855,0.668730300222249,1.13187300667233,0.083741349792586
4.086,0.248275806514654,1.12400995875845,0.056508573668807
4.0865,0.296202643925572,1.07327740553819,0.0304011304434859
4.087,-0.0129848533322243,1.05889073314367,-0.0125627834290449
4.0875,0.00271051749661069,1.00440095086046,-0.0241092776774803
4.088,-0.768207658049097,1.00969682879309,-0.0198034752970609
4.0885,-0.546148363983767,0.961232807466929,-0.0403457475253045
4.089,-0.249361058465436,1.01023545967829,-0.018304703889475
4.0895,-0.309829536762893,0.95823280574866,-0.0671265416022113
4.09,-0.741783690600912,0.937942394828688,-0.0471117697322783
4.0905,-0.203318298450552,0.938963873753046,-0.0691428169861287
4.091,-0.156938920934563,0.903229458258532,-0.0299841823614701
4.0915,0.207363813580842,1.01784706375468,-0.0144585610236996
4.092,0.156877823801547,1.01706526283646,0.00347032181460757
4.0925,0.0169430599121577,1.07434859703547,0.0477662036353737
4.093,0.138588582575773,1.04253305295303,0.0723080742618276
4.0935,0.11262491030967,1.1220785450864,0.0855441615162029
4.094,0.481547710568853,1.07858384423654,0.0483326893917077
4.0945,0.573997426355838,1.09985540261034,0.0457371522603403
4.095,0.146023084275634,1.04441941360261,0.0100871884328917
4.0955,0.0258588858789133,1.03849074681741,0.0118695298483492
4.096,-0.190960006829827,1.04743436335136,0.00683507189341051
4.0965,-0.75684877746927,0.985228488362251,0.0139508773270841
4.097,-0.6463791585586,0.970459934971881,-0.0394563233328022
4.0975,-0.512081490049224,0.984637772368518,-0.0519930714688207
4.098,-0.346347036543547,0.930931721352353,-0.0304672401528661
4.0985,-0.599037026848365,0.96651126705833,-0.0796065408056785
4.099,-0.597063193793049,1.00346718608853,-0.0610746154484066
4.0995,-0.434354078088091,1.03223230223051,-0.0394458727556077
4.1,0.199173756343057,1.04781611564828,0.0165707196343118
4.1005,0.227091549989217,1.14007322024682,0.0434704449219623
4.101,0.329187457293958,1.04840468829711,0.0235235031103161
4.1015,0.58271257377201,1.08058804425974,0.0878197911112362
4.102,0.641822921336959,1.12390048750785,0.0382757170136251
4.1025,0.250864061254357,1.0996122308676,0.0449403876236902
4.103,-0.100820523669739,1.11550099631199,0.0312290951806357
4.1035,-0.158230038243591,1.03848417708781,0.0221944270247175
4.104,0.278849759841967,1.05578052838485,0.029359893196111
4.1045,0.0112805749738535,1.05140158812046,-0.0267266117021365
4.105,-0.599890186597637,0.970693757875189,-0.00627258379561287
4.1055,-0.464856701421031,0.972702574954618,-0.0262083372429403
4.106,-0.436145244422652,0.91384021644543,-0.0330579659070897
4.1065,-0.390553567873219,0.952124135249625,-0.0810383541710861
4.107,-0.376288279203095,1.00007941107843,-0.0835665105878267
4.1075,-0.459024641308872,1.05306410724786,-0.0590358993825657
4.108,0.169589883038478,1.08197325029588,-0.0200922141159929
4.1085,-0.0714100865531234,1.08498024008704,0.0377756163500292
4.109,-0.0315268469296636,1.0907687140425,0.0472256504416421
4.1095,-0.161163977784257,1.09218394263793,0.0529050809764769
4.11,0.0872919265141115,1.17659460177863,0.0563361160556991
4.1105,1.11533063216317,1.17130359103423,0.034741264216305
4.111,0.237016016294874,1.13906624919393,0.0332624782605839
4.1115,0.663108665139028,1.13442346656008,0.0407878338163957
4.112,0.0269405022482104,1.12217466689162,0.0110501112524159
4.1125,0.255497132929277,1.07123435402284,-0.00025363054676791
4.113,-0.30564920905159,1.04803402127255,0.0082874646353436
4.1135,-0.469772921768351,1.03837073075894,-0.0321012706365498
4.114,-0.297277807152958,1.01607810388961,-0.0494023264252722
4.1145,-0.385707431488269,1.07112741712801,-0.0523576618504669
4.115,-0.23190305038206,1.04421184386111,-0.0728099255096416
4.1155,-0.454610509278481,1.0729585742828,-0.083666858411214
4.116,-0.06573452060217,1.14745691878188,-0.0587945237565992
4.1165,-0.228359155637481,1.10429405989764,-0.00921444749625335
4.117,0.3121158943802,1.1406139696062,0.0382492504068308
4.1175,0.416231227857433,1.14127183326238,0.0367677644736383
4.118,0.433814721640147,1.21959153024895,0.0354928871328826
4.1185,0.154008554105431,1.20621916292249,0.0447665657794512
4.119,0.00571460565431325,1.20254661776664,0.0411895681978282
4.1195,0.209365708406937,1.23800919244348,0.0644749694844486
4.12,0.281218322333156,1.16086641156626,0.0376027387395557
4.1205,-0.278370816929644,1.10212951806516,0.0245422596452836
4.121,0.0749921294420548,1.20432261354667,0.0106577005687902
4.1215,0.198210887337972,1.16997929601499,-0.0493205489515681
4.122,-0.44530932339393,1.1315115485703,-0.0497567128255423
4.1225,-0.440719678414471,1.04615233746357,-0.0824496495608225
4.123,-0.681593158697263,1.08993516523047,-0.0809879014311058
4.1235,-0.399270272129267,1.18266271203919,-0.056022968788163
4.124,-0.511422095955447,1.16075236139858,-0.0367950024299364
4.1245,0.10201733050469,1.14442443993005,-0.0379091254919759
4.125,0.19252318595016,1.1832221243374,-0.000370295966563763
4.1255,0.214637172262438,1.22311992220144,-0.00703698846155355
4.126,0.220198045034386,1.25466046690946,0.0330273091312966
4.1265,0.791890414547386,1.25643945074356,0.016888009545287
4.127,-0.115759079921361,1.35787838625635,0.0312034992620534
4.1275,0.49178365334874,1.32792121707412,0.0281537425006315
4.128,0.494920330098009,1.30017924369958,0.0349633464450853
4.1285,0.215808625959257,1.31597682229431,0.0577482912200688
4.129,0.38380450187922,1.21761568316097,0.0508393686491955
4.1295,-0.301233595212651,1.22191308606186,0.0268242190321428
4.13,-0.234107571943085,1.20080351902933,-0.00334889645432623
4.1305,-0.0168064008934414,1.14646587734284,-0.0804325115299093
4.131,-0.640357642721353,1.19510340322836,-0.0837100878160834
4.1315,-0.101376585099215,1.1732585363834,-0.0389657411597916
4.132,-0.79958793098723,1.23268321484218,-0.0450235558828315
4.1325,-0.306290918236154,1.24014154122769,-0.0511843058942546
4.133,0.251683628732114,1.23333029604426,0.00476187935297645
4.1335,0.190751684482346,1.32756840633342,0.00917943138384639
4.134,0.202740505098293,1.35203045124043,0.054645406816686
4.1345,0.390726387771127,1.37146580592416,0.0551564942538209
4.135,0.176055077441368,1.38912151247848,0.0443993254761589
4.1355,0.0483172951416188,1.35898356014118,0.0259528284500194
4.136,-0.138735672811926,1.32283797274381,0.0699570517762399
4.1365,0.440961900818648,1.3731130561979,0.0654523169452802
4.137,-0.324573465357516,1.3579744006045,0.0324614376844463
4.1375,0.0985821664979559,1.33610507263017,0.00383354235026609
4.138,-0.608444199434063,1.24852763373717,-0.00924340147791392
4.1385,-0.163833628289057,1.24069600440912,-0.0744979615439452
4.139,-0.313776511268678,1.26823567242884,-0.0984531144083364
4.1395,-0.38042222374972,1.26205525063452,-0.0925960113979481
4.14,-0.49730849998814,1.27276538617078,-0.0614593206168347
4.1405,-0.0114927229456393,1.23866177215992,-0.0245795729439469
4.141,0.00742888333255887,1.31608930925937,-0.0393747884373037
4.1415,-0.361918489631187,1.3345676447008,0.0065683450166598
4.142,-0.0252215564458172,1.37737680093465,-0.00395712975551019
4.1425,0.352005891997357,1.31179111844198,0.0296772310106756
4.143,0.26169320844108,1.38185370733326,0.0338119831368969
4.1435,0.683319000707465,1.46908976728176,0.0480180469465113
4.144,0.0997658985847045,1.45900528668724,0.0729644880161661
4.1445,0.487418446124744,1.36654864060193,0.0654250850871285
4.145,0.42911478546789,1.3768514526868,0.0395417653593387
4.1455,0.191215204975072,1.30345748648634,0.0381764253206677
4.146,0.00895021951533349,1.35241180361943,0.014563617506351
4.1465,-0.542322423042132,1.31668251954324,-0.050947607249847
4.147,0.0911184421971334,1.27837510938721,-0.0904921521265404
4.1475,-0.43590384835959,1.26017391723518,-0.0785011337989984
4.148,-0.73717354916071,1.25906606984123,-0.0219302643117904
4.1485,-0.628711730673558,1.24109065354619,-0.0448972633004175
4.149,-0.649841239266642,1.27076240704804,-0.0364890400740141
4.1495,-0.388781288012575,1.3547895509056,-0.0181645811535087
4.15,0.152785205745769,1.37778013726894,-0.0117230161111276
4.1505,0.0724511038013965,1.43540803966861,-0.00682021806169478
4.151,0.335845042873684,1.44419607495293,0.0264363928019332
4.1515,0.58294860403986,1.44327318834839,0.051830644540418
4.152,0.253247266827089,1.44608991500519,0.0409971615389954
4.1525,0.589533883350051,1.41199640330977,0.0547699091222675
4.153,0.27772700024151,1.42023477275666,0.0878829788167353
4.1535,0.128539464937338,1.41161328719949,0.0559108708337852
4.154,0.135268860269811,1.37809865221847,0.00471002290716995
4.1545,-0.14805888197846,1.30478058295462,-0.0419309199110371
4.155,-0.39186841018828,1.30725539201547,-0.0578220345642649
4.1555,0.0701293981396503,1.27944050453948,-0.0605878181736403
4.156,-0.400730837085933,1.31146363328843,-0.0497565054050054
4.1565,-0.407329713396458,1.29907116100061,-0.0639509123017174
4.157,-0.455750580313112,1.29583923053309,-0.00839650284195529
4.1575,-0.614220796156765,1.30121069962268,-0.0304585682594292
4.158,0.208448977035172,1.32893655526073,0.00785187429082697
4.1585,-0.188035986944368,1.32093449582214,0.00155635509975105
4.159,0.230654472080291,1.45781201124647,0.00898784821967098
4.1595,0.337572779472897,1.409994083983,0.0265307492587674
4.16,0.686123172022453,1.37840649409481,0.0480182011074668
4.1605,0.355530266999161,1.44425504342536,0.0451746040192436
4.161,0.175031055286063,1.46429537083232,0.0562872088343084
4.1615,0.145776038048427,1.40208035819299,0.0680676756643997
4.162,0.188691189339858,1.39369402918239,0.0402102519922893
4.1625,-0.0476654440986818,1.37403404019522,-0.0149407156459829
4.163,-0.522233359126218,1.34274878835671,-0.0506354703787417
4.1635,-0.0284661164201012,1.34733377018496,-0.0478639885028249
4.164,-0.498966836954867,1.24906540508029,-0.0406826079152443
4.1645,0.212335009719026,1.32221331861839,-0.0664245240618949
4.165,-0.402197331837652,1.33044630171787,-0.0242515180309968
4.1655,-0.38637531144527,1.31559299264586,-0.0301276707374958
4.166,-0.180343472912064,1.29269831495544,-0.0283826668722303
4.1665,0.00283557230201888,1.31014644463502,-0.0207565283765347
4.167,0.241016671328995,1.35971626070793,-0.00932751266808369
4.1675,0.90276116626374,1.38607962125203,0.0179767322009865
4.168,-0.132370355356438,1.4257489756678,0.0631230014749356
4.1685,0.15797694041631,1.4535541714354,0.0778877389896573
4.169,0.239961164592884,1.4516816753652,0.0971211523434452
4.1695,0.430188220324741,1.43948986657157,0.0667201628849994
4.17,0.151919437483246,1.38428795909017,0.0143439319936212
4.1705,0.244596589265542,1.35121120137252,0.00995386848178965
4.171,-0.40000966085145,1.32737758665302,-0.035630546173296
4.1715,0.0873424431838714,1.3046068649446,-0.0609900208441736
4.172,-0.255799927991079,1.23470964981025,-0.0517996208105599
4.1725,-0.314956038864806,1.2673548826415,-0.0263248454131345
4.173,-0.724463269760574,1.23844948797008,-0.0598822687517244
4.1735,-0.526820688273706,1.19078014216356,-0.031049293558581
4.174,-0.244849426413555,1.23987494690326,-0.0471982721045437
4.1745,-0.345089611440779,1.28226513861856,-0.041549166887386
4.175,0.203920056399061,1.31900069548224,-0.0319676508004626
4.1755,-0.00517659689932518,1.35013001644814,0.00190650915758207
4.176,0.0885389241789423,1.36380688478135,0.0572817396014274
4.1765,0.494378800989889,1.38989351383781,0.0625334063983742
4.177,0.192473888825178,1.37728605378713,0.0780575195339033
4.1775,0.63916111239126,1.35042382548238,0.0524550204204637
4.178,-0.0571056356497764,1.37616566105139,0.0307457047003556
4.1785,0.0177226367488151,1.31872982883331,0.0115495842822095
4.179,0.560852438166445,1.28221390138179,-0.00495066856558807
4.1795,-0.315992614139767,1.21572489885004,-0.0284507535181215
4.18,-0.361604993611043,1.24336047232305,-0.0456158929324088
4.1805,-0.282380341260851,1.17151651343155,-0.039774513235366
4.181,-0.320214566456768,1.20506675064879,-0.026009781912594
4.1815,0.322966010744346,1.13634456546561,-0.0479551556855007
4.182,-0.00171188307498671,1.18850464728716,-0.0282872063124312
4.1825,-0.371508554121538,1.18571485689005,-0.0629926539772083
4.183,0.0625497712418325,1.21778165519016,-0.0566273942952992
4.1835,0.407515008429858,1.20401738041776,-0.00235070819831066
4.184,0.188186748377597,1.25324940512468,0.0228702377855936
4.1845,-0.286380328852539,1.31744268577559,0.0590267823893606
4.185,0.318917122079082,1.36781281273325,0.0785440025209974
4.1855,0.0903802963752758,1.31874102098351,0.0979359332863818
4.186,0.522499875200719,1.23036600446601,0.0383684378950166
4.1865,0.257549536420378,1.24977397358298,0.0308309381641491
4.187,0.415301086584516,1.24649251271332,0.0175627932008471
4.1875,-0.253674320422036,1.17932157320177,-0.0256202687750209
4.188,0.13537051400818,1.22785754225197,-0.0226888430369542
4.1885,-0.574997790519049,1.1343758711453,-0.00899824159510022
4.189,0.00232738109196978,1.15260721861921,-0.0491383241015675
4.1895,-0.369653071079156,1.11066271269643,-0.0400988110597113
4.19,-0.0967094013910122,1.10354796072299,-0.0638361114363315
4.1905,-0.676764570338385,1.1663346498717,-0.0559092797734096
4.191,0.0158557230139965,1.09385456739812,-0.0381066187428679
4.1915,-0.200592454667808,1.13910581211599,0.0086918127986697
4.192,-0.28145353675869,1.13241046050281,-0.0083474534634828
4.1925,0.559397794794095,1.21056786586774,0.0529855583315925
4.193,0.452995514166094,1.23132663264948,0.0672091897560765
4.1935,0.367961730828535,1.24111774602312,0.0688732072275607
4.194,0.464437818959792,1.25270134093506,0.0531145958251009
4.1945,0.229074550963528,1.1668522199883,0.0171238541396746
4.195,-0.0967133706769706,1.22365436041495,0.015441042854043
4.1955,-0.424883799580925,1.09403713820008,0.00865505778406148
4.196,-0.481029120125575,1.13164305667445,-0.0100560152550653
4.1965,-0.317001288205477,1.02476690393006,0.023902414073458
4.197,-0.151191950942,1.0799018697057,-0.0506590659366752
4.1975,-0.42019798354208,1.0445986742921,-0.0416155673373724
4.198,-0.379760908630073,1.0656187776298,-0.038073679995023
4.1985,-0.488309478399137,1.05343272226089,-0.0873684053811774
4.199,-0.205242032398293,1.08554575276493,-0.0845642520966914
4.1995,0.0511611423003512,1.05060224593227,-0.0341503824975607
4.2,-0.186301217924442,1.04652795300533,-0.00953048571865102
4.2005,-0.164527927310114,1.05986263276182,0.0245698224456859
4.201,0.419115890022484,1.20264596643399,0.0414167914792711
4.2015,0.213226427066917,1.18991926060532,0.0760645442449235
4.202,-0.14081688964102,1.18285250152083,0.0384028406445278
4.2025,0.454871252574907,1.1686534454224,0.0402308978683592
4.203,0.46807504413236,1.10577368447765,0.00450359834237056
4.2035,0.374941162809945,1.11299478074164,0.0129144276076786
4.204,0.144480698072222,1.06927498835766,-0.00651573176159115
4.2045,-0.12258923778054,1.05799415777195,0.0177275420852916
4.205,-0.211991756423363,0.997318352307076,-0.0172308223968482
4.2055,0.135080072508293,1.06507100750274,-0.0228396090847144
4.206,-0.394116271679744,0.939763496703885,-0.0718629616813948
4.2065,-0.493496349833011,0.997990638693666,-0.0617128848544569
4.207,-0.000624149436352917,1.00267092685588,-0.0444784376980601
4.2075,0.0466724730138355,0.992564652246586,-0.0791025835534492
4.208,0.324385153789068,1.11759066469915,-0.0199468344409864
4.2085,0.293071819804705,1.04029641178831,0.0224156179255587
4.209,0.33840419298988,1.07587088780554,0.0327050064791743
4.2095,0.665378029073435,1.1663124687158,0.0917524037230471
4.21,0.350785708793132,1.16404520101501,0.0546905936857069
4.2105,0.33887326650405,1.07040392635216,0.0734403974181192
4.211,0.171636631638786,1.13935588587707,0.0193818528064079
4.2115,0.71572512324038,1.0993445688492,0.0233826845511417
4.212,0.738846716810462,1.0760049527851,0.0140788585568045
4.2125,0.254312557704233,1.01203417353036,-0.0217686155293797
4.213,-0.299060861917961,0.958473679475334,-0.014044437827752
4.2135,-0.582761793307229,0.9304264420403,-0.0331223804379644
4.214,-0.598089475067321,0.91745822201041,-0.0529235778994522
4.2145,-0.396632776358474,0.926046755025337,-0.0972595771963965
4.215,-0.71312628511003,0.911711623849853,-0.0755663626269838
4.2155,-0.704908399373605,0.990992963989179,-0.0504040075001724
4.216,-0.575159140102452,0.990580746248133,-0.0239070949245778
4.2165,0.0608786833856423,1.01786507013081,0.00678958450109903
4.217,-0.407682690375532,1.00403517833921,0.0408166948872644
4.2175,0.364759921717403,1.0892660818362,0.0583334230574289
4.218,0.453047640772153,1.01234256216509,0.0442659463566482
4.2185,0.139924124572826,1.07929970032015,0.047657243070757
4.219,0.167339078075059,1.11646234781619,0.0564839092016431
4.2195,0.202340215400635,1.14774331275413,0.0160896902396961
4.22,0.0821494643418346,1.05493882619288,0.0497491403540636
4.2205,0.31393726587821,1.06664835540596,0.0349797637012869
4.221,-0.0873597462958167,1.07852094569857,0.0414876010648709
4.2215,-0.410770044563138,0.964415993632678,-0.00712619762301673
4.222,-0.190362662559976,0.939701627180924,-0.0404715162998177
4.2225,-0.145494577767037,1.01652453441861,-0.0801860235865828
4.223,-0.841185659041665,0.947786000441064,-0.0526773319965878
4.2235,-0.0704205356263271,0.986940261740718,-0.0777854397496749
4.224,-0.538386887281213,0.980702177934732,-0.0502258005392021
4.2245,-0.637261513815408,1.02050144765019,-0.0124348124917916
4.225,0.0187124946832743,1.04853939574698,0.0206480731192619
4.2255,0.433734991788371,1.07282204144432,0.0197261300093063
4.226,0.586716103707088,1.00285095837225,0.0432485282317577
4.2265,0.27273527827351,1.08992050665248,0.0344992028965833
4.227,0.581572698564215,1.10148920406347,0.066425402410593
4.2275,0.358832774704596,1.08676272629705,0.0372938323578626
4.228,0.267790395195984,1.0773698839243,0.0411679931888464
4.2285,0.485017341229299,1.06444030715491,0.060155505750195
4.229,0.111023831527271,1.01724460518786,0.0219210182468474
4.2295,0.138553401091056,1.02708387582332,0.0115288582264901
4.23,-0.118265619660515,0.977229274404187,-0.034931459332587
4.2305,-0.506927798586031,0.960093464123654,-0.0847243017406205
4.231,-0.26442084714123,0.925484008667817,-0.0863568408283587
4.2315,-0.440653714872088,1.00347893137344,-0.0735027618697539
4.232,-0.651824758912844,0.935490964613302,-0.0441238002768482
4.2325,-0.189403526501228,1.03818259516524,0.00708380959224914
4.233,-0.103596147854202,1.04424559658998,0.00931498056562804
4.2335,-0.079782554830044,1.09631188997399,0.0364839929714026
4.234,0.226580152766934,1.08933593033231,0.0164139014859516
4.2345,0.103191946318629,1.15127267475797,0.0169026647359974
4.235,0.864464055287649,1.18105830435029,0.0288255805563869
4.2355,0.00911673978546135,1.16670658446522,0.0472975981061566
4.236,-0.0153005196132007,1.16081584399484,0.0589678858800042
4.2365,0.542528377688619,1.14267099154795,0.0378351570276909
4.237,-0.0414661141600828,1.11602717278593,0.0342371611884833
4.2375,-0.159883900505939,1.0990901218965,0.0471910928253312
4.238,-0.309853157080379,1.05766696175026,-0.0139956969819005
4.2385,-0.0552358034598548,0.994930704158252,-0.0415442656516756
4.239,-0.339738194016707,1.0650809785315,-0.094411074009242
4.2395,-0.283121238948343,1.01027501989685,-0.0751334052419665
4.24,-0.853142504947862,1.03422757662108,-0.0804620507459053
4.2405,-0.759896461873716,1.05069542185347,-0.0332982114528468
4.241,-0.141862195596772,1.10185799788005,-0.00607557421945734
4.2415,-0.521238636534548,1.16045613494346,0.0281362872072731
4.242,0.576505729362538,1.08388535303714,0.0103908121257489
4.2425,0.319749888488231,1.18941443843147,0.0339741175892602
4.243,0.67085156527635,1.19333026393001,0.0174034150041839
4.2435,-0.0426858190415418,1.17968784517047,0.0224215598641132
4.244,0.533361166636544,1.2143388739126,0.0791139141875264
4.2445,0.466594926178966,1.21358404364955,0.0730701613083699
4.245,0.525744305406768,1.26919106246111,0.0697728090761104
4.2455,0.0142938774894743,1.13557936393278,0.0336280255832823
4.246,-0.393077617679129,1.21198637152889,-0.0298022353780215
4.2465,-0.37564771771601,1.13078744305937,-0.0331987250440638
4.247,-0.445248702135005,1.13627328046399,-0.0659978998146016
4.2475,-0.468047541502026,1.08845569402434,-0.0675949959667196
4.248,-0.459456554882219,1.07048690435442,-0.0582323080966791
4.2485,-0.304664745401385,1.13380593148865,-0.0575332072787199
4.249,0.247164500952269,1.1597436374867,-0.0089864317453452
4.2495,-0.358837078957011,1.19361098002974,-0.0178341552779101
4.25,-0.166920729878412,1.1928566092026,-0.00185139095973297
4.2505,0.58808848281496,1.26371865773445,-0.00941117425271461
4.251,0.895059642751485,1.25783415357313,0.0094871490022232
4.2515,0.184569731955649,1.3254827700011,0.00139163267837124
4.252,-0.0729062962877812,1.30225152388648,0.0663477532001355
4.2525,0.510397866398643,1.29117574699512,0.0665991715762393
4.253,0.136967123061938,1.23793811827628,0.0725549583481006
4.2535,0.176360915264881,1.33891330734722,0.0263867995580709
4.254,0.0259339211975708,1.26756178389288,-0.000468928599796062
4.2545,-0.0203726779618204,1.20803289829676,-0.0432385384613811
4.255,-0.565724598510615,1.20384560955,-0.0647278169383537
4.2555,-0.283430442513374,1.1720663552637,-0.065558433923477
4.256,-0.502999248434122,1.15608197765306,-0.0568151831408162
4.2565,-0.771031300468843,1.1545446465293,-0.041985639053199
4.257,-0.378015056848075,1.14775079777677,-0.00812095916282228
4.2575,-0.49991361417232,1.26044190161032,-0.00407383310034199
4.258,0.615172100247023,1.27655634407798,-0.0145708373398576
4.2585,0.0633712351623872,1.27875817614484,-0.00649492284258926
4.259,0.170661114558343,1.30571337060368,0.0132377450268256
4.2595,0.254787662328429,1.37451450840104,0.0346441531118738
4.26,0.355992549914485,1.30735835339894,0.0719220137350109
4.2605,0.708669527970369,1.28481739120701,0.0946168348185318
4.261,0.0199164970213834,1.34114206143909,0.0795262547672767
4.2615,0.085319800221358,1.32423723697537,0.0643233862261502
4.262,0.40234218749919,1.37370340736976,0.0188850562974352
4.2625,0.1175212906816,1.28019852707808,-0.0459169220184084
4.263,-0.197297216180267,1.22855512980322,-0.0404090675439035
4.2635,0.0612867141746017,1.2123804618916,-0.0847304558273339
4.264,-0.391156538547127,1.22927505489912,-0.0610658204371303
4.2645,-0.166548379996214,1.26097599683961,-0.0153249247584674
4.265,-0.385544182395734,1.16991340276809,-0.02067131071435
4.2655,0.135853747356443,1.2491229739783,-0.0518676412532116
4.266,0.0123949852400736,1.26806138933281,-0.035394466856221
4.2665,0.112232403615411,1.35769229258787,-0.0239079567727515
4.267,-0.113426156261533,1.41777338541969,-0.0215129618485748
4.2675,0.12748876852362,1.4019643733555,0.021749592139678
4.268,0.437417678411061,1.43123821096111,0.0536136668678115
4.2685,0.469178992182729,1.40370152127824,0.0637631098423125
4.269,0.0401931337749191,1.39469595043033,0.0738502271174014
4.2695,0.410243565986227,1.41443525920749,0.0718680857268386
4.27,0.32578656406798,1.42161257498664,0.0455865385990659
4.2705,-0.341186777914243,1.44066423213576,0.00201296173584216
4.271,-0.338410161768671,1.35465973063338,-0.0332502531551642
4.2715,0.170879033435662,1.29089411864374,-0.0300493322700038
4.272,-0.447005123348559,1.27001697656815,-0.0494674804081416
4.2725,-0.66662197239884,1.25308837296064,-0.0416761160128364
4.273,-0.492716549792663,1.30420177029769,-0.0301008487768075
4.2735,-0.0528782563986473,1.30558086892791,-0.0314837154000979
4.274,-0.168864747408117,1.31785037472329,-0.0302153605494846
4.2745,-0.711034062058125,1.35472858711577,-0.0402726453411358
4.275,-0.13780261183881,1.36838397268192,0.00583534783483297
4.2755,-0.249414161113264,1.38583715103171,0.00699652772157607
4.276,0.123085620703446,1.44168120673235,0.0390910038798771
4.2765,-0.110419803795813,1.46489138719869,0.0677432309187841
4.277,0.569253132410811,1.4248903733799,0.0644584637219933
4.2775,0.640102645194509,1.38308598198664,0.0668867372173532
4.278,0.521635106078944,1.41956237261325,0.0537993514782989
4.2785,0.44391048608055,1.38209808135228,0.0292785805375613
4.279,0.361555829814576,1.36185789870594,-0.0356952870506817
4.2795,-0.303770786316693,1.38870631561992,-0.0309687585612787
4.28,-0.363796779882646,1.30986262368465,-0.0557437376110994
4.2805,-0.68622977053756,1.30900051540296,-0.0715279479190021
4.281,-0.886708153722615,1.38756599167638,-0.0191875977785153
4.2815,-0.628945652114576,1.3020940769696,-0.0304399537858366
4.282,-0.667824575063826,1.28247904728203,-0.0524214754571601
4.2825,-0.222981043440135,1.3391885200513,-0.0227584747619192
4.283,-0.193704045433882,1.31614517419772,-0.0349992391586257
4.2835,0.159401852627521,1.36603190336881,0.000806929430848044
4.284,-0.0398268897643884,1.40044052379756,0.0376449215200035
4.2845,0.394546306082709,1.43959916235112,0.0544104149413581
4.285,0.430916891595271,1.48911120925332,0.0511555193165827
4.2855,-0.00907738796330226,1.46045661918486,0.0834396528364742
4.286,-0.126365885445136,1.44142780407403,0.0532161257159331
4.2865,-0.30855384214366,1.43537671668362,0.00713049145184481
4.287,-0.0159724306859069,1.36595723656556,-0.00752058972199443
4.2875,0.0209297377259339,1.38351274732841,-0.00882388958166287
4.288,-0.0198809781040168,1.32143373428117,-0.0400090274412605
4.2885,-0.523336868284509,1.32814665479521,-0.0388410945356909
4.289,-0.469196817503667,1.28345234112178,-0.031661574436102
4.2895,-0.968028153523271,1.25765406649369,-0.0426729307084357
4.29,0.0641891798584906,1.23508945919413,-0.0673667477921747
4.2905,-0.505748220575147,1.30406083380828,-0.0625434736213207
4.291,-0.0994019845761913,1.33419583700219,-0.0396087293452346
4.2915,-0.451020806037933,1.32920122896671,-0.0419122808017587
4.292,-0.0234743127757527,1.33329338168359,0.0178946616250059
4.2925,0.475432948772251,1.36398963808097,0.0522421628437164
4.293,0.0352837195583473,1.44797319655998,0.0615863136346334
4.2935,0.518135298692507,1.40333671425804,0.0675449458819572
4.294,0.0980870230526564,1.43136055293897,0.0545726364232528
4.2945,0.499881620281731,1.40859924996373,0.0323738579636287
4.295,0.358705933780015,1.41561434794165,0.00623216343679
4.2955,0.0686503739959457,1.33911009550089,0.00772314494777382
4.296,0.39836719104508,1.32331730243914,0.00269410290640818
4.2965,-0.594464262761523,1.34313347922612,-0.0270113487167425
4.297,-0.174228963044236,1.28698389385966,-0.016396655843028
4.2975,0.0647746140514095,1.31285331760436,-0.0666103354763289
4.298,-0.321429586459652,1.24707574713675,-0.0634941617011553
4.2985,-0.184772877357584,1.26481814434838,-0.0636402079721295
4.299,-0.320097408566544,1.29147411122198,-0.0771065602506326
4.2995,0.0732563008825464,1.30931730006345,-0.0217219581723646
4.3,-0.449110603982788,1.27778712655898,-0.0100754300362075
4.3005,-0.135833138133643,1.26987186450893,0.0154588088938492
4.301,0.000948884571827902,1.37060883898368,0.0837155621809917
4.3015,0.0750885319290215,1.34139298403318,0.078189803397115
4.302,0.996910481744586,1.43443391193232,0.0733179504842836
4.3025,0.812362657388926,1.37912029228239,0.0971673956660112
4.303,0.15268349551761,1.36551784191386,0.00372990089597653
4.3035,0.302734049957495,1.33906122301516,0.0244247772464328
4.304,-0.36341340322215,1.31926389595178,0.00804541459294014
4.3045,-0.275719191570183,1.24153600370303,0.0184427031890649
4.305,-0.307563664787202,1.21726485579091,0.00549782959289844
4.3055,-0.260412502617755,1.20116843506658,-0.0176791574995953
4.306,-0.0907547365664335,1.21096693211347,-0.0532853216332627
4.3065,-0.237364131801631,1.18968203624745,-0.0907450618678002
4.307,-0.341541686229654,1.16594042184643,-0.082723668727513
4.3075,0.0763347906614354,1.22638863115485,-0.043682448045819
4.308,-0.145120799878888,1.22884274436538,0.000455168824791746
4.3085,0.213675851074921,1.21590063086264,0.0485482683249279
4.309,0.700481979597103,1.2709831298729,0.0173101884620192
4.3095,0.014397137752657,1.25471537423738,0.0431724239115607
4.31,0.308575161544187,1.27635406610654,0.055409125538083
4.3105,0.152507526181942,1.31577859236473,0.066932603950748
4.311,-0.0319530191730125,1.22870726910999,0.018796350921458
4.3115,0.519998350732528,1.22090920626061,0.0391416607247312
4.312,0.0311264361397559,1.2760237499899,0.0201524647453601
4.3125,-0.425421805965403,1.21271257590718,0.0414887133227725
4.313,-0.40246446445814,1.18541543589081,0.00570856909430194
4.3135,-0.0259010817419289,1.16759399529398,-0.0319391595579258
4.314,-0.198131315911938,1.15169964579051,-0.0570101596660244
4.3145,-0.36866110023761,1.11114744617934,-0.0601273368338926
4.315,-0.77437111752931,1.12680304868261,-0.0630389747328191
4.3155,-0.43635735001578,1.08870344151943,-0.0561892044001884
4.316,-0.432026442350146,1.12105485848999,-0.00229342769683732
4.3165,0.284883716467126,1.144163357847,-0.00233824686930194
4.317,-0.0668134254204812,1.15904459374313,0.0647399958466668
4.3175,0.446255026008067,1.18651645942151,0.0365581038963249
4.318,0.759160280924428,1.23190203698775,0.0442223412384092
4.3185,0.724331848108636,1.21819125460722,0.0680969520063395
4.319,0.545399471475368,1.22545157576928,0.0391509472278736
4.3195,0.0127267658899307,1.19364470674937,0.028697945610248
4.32,0.81427625345283,1.18264753600979,0.0380817605048216
4.3205,-0.231723263081443,1.17819749300513,0.018465036448984
4.321,-0.221277644099214,1.06374424865564,0.0291375899711398
4.3215,-0.195166786627572,1.12368954555889,-0.0304151944560359
4.322,-0.118890660602243,1.0727851805283,-0.063983362039842
4.3225,-0.308730590705844,1.07993883117363,-0.0697221950878576
4.323,-0.596411585423323,1.06131691165462,-0.0737465403734702
4.3235,-0.607301412115038,0.995652291612213,-0.0692063888086057
4.324,-0.646725830191726,1.04301489432171,-0.0368359551882405
4.3245,-0.241166652858258,1.05436215528849,-0.0157589135023423
4.325,-0.071985197940472,1.051067238967,0.0229147050256183
4.3255,0.110700332961958,1.16791953405551,0.0258084166359866
4.326,0.175806540544384,1.13128330519164,0.0771679420211472
4.3265,0.484100988452708,1.1487186788426,0.0364743026851506
4.327,0.359966019757497,1.18772627269472,0.0281416016871464
4.3275,0.229768636165973,1.14882887070872,0.0471696552870462
4.328,0.235694961739883,1.13135879950151,0.0554824069549132
4.3285,0.600516256236166,1.12270925259995,0.0579467179121239
4.329,0.0658435614766186,1.09709156513334,0.0352024890472448
4.3295,0.166966194982885,1.0688109568536,0.0316704619426425
4.33,-0.327495873125765,1.03198187709918,-0.0398710748464533
4.3305,-0.509168657167869,1.01599297292673,-0.0350535123866411
4.331,-0.0400108897800008,0.96516341555953,-0.0587573889332388
4.3315,-0.235262538454041,0.92175285500212,-0.0612188017270294
4.332,-0.484501343299841,1.04212091019356,-0.0633408375875752
4.3325,0.111716714138983,0.983191401848961,-0.0281997424668869
4.333,-0.157335752521071,1.07311196069518,0.00563739803954383
4.3335,0.0329109100525044,1.0997659788999,0.0354759778729967
4.334,0.177644600860437,1.10686078185071,0.0316786389845599
4.3345,0.265441836757794,1.1212259515617,0.0391671115029001
4.335,0.44632930858212,1.11922755925474,0.0313962680789595
4.3355,0.0362201976585922,1.10968735155969,0.0496346889986453
4.336,0.494342737483938,1.09288140605363,0.0410227130786107
4.3365,-0.344122447073175,1.06750607499954,0.0498646413734384
4.337,0.140952876561967,1.04213680088428,0.0615605572197384
4.3375,-0.28095876807773,1.07980747835699,0.0212196604522311
4.338,-0.0308811403843157,0.936281099102351,-0.0499604604505571
4.3385,-0.522404483058366,0.965284716773913,-0.0465802602008378
4.339,-0.13969411662826,0.940768240429857,-0.0829735112037755
4.3395,-0.569021180765009,0.9716935876428,-0.0761067091633648
4.34,-0.610469470503187,0.954979849924805,-0.036978221212832
4.3405,-0.235495849701358,0.931865877279779,-0.0144705358285159
4.341,-0.280860427237811,1.0219547132458,-0.0254791731849701
4.3415,-0.180965296028325,1.05875694796911,0.0247272241811944
4.342,-0.0407791753824085,1.04915909134146,-0.0227387407967869
4.3425,0.44323327265916,1.0709295980206,0.0248963408534743
4.343,0.209213172645317,1.09906441537343,0.039300674617795
4.3435,0.358338741604142,1.08502424954636,0.0225306151693742
4.344,0.237568573560222,1.1403509972359,0.0855403938230613
4.3445,0.288063510745332,1.03197771022092,0.072200965580232
4.345,0.0341654328711462,1.11171452586027,0.0340343870001967
4.3455,0.226766678849892,1.01727506028205,0.00715706262583593
4.346,0.0168717621109537,0.986472839568013,-0.0120912694826158
4.3465,0.0224063480136403,0.988023432260179,-0.0144299379930325
4.347,-0.23955332976923,0.971002218942373,-0.0658208705516562
4.3475,-0.292068274453549,0.963573222064882,-0.08544235098525
4.348,-0.344526156646443,0.962447722312798,-0.076304814096568
4.3485,0.0313360390930724,0.912455587060073,-0.0551258408908698
4.349,-0.300652963872163,0.992546200339187,-0.0329956346561679
4.3495,-0.234507768257802,1.01852994810676,0.00543769176870667
4.35,0.0699922853377443,1.04998565290257,0.00767591894927607
4.3505,0.0444069229602987,1.06507433120517,-0.00567547552774276
4.351,-0.0623023545159569,1.09554504869979,0.0129812651525998
4.3515,0.206311479596322,1.08051765064754,0.0463641373847611
4.352,0.252274501597122,1.11476514186469,0.0576623783308475
4.3525,0.490497765231024,1.13722569529589,0.0513636910280281
4.353,0.435342311663371,1.05592068739985,0.0621048496001277
4.3535,0.136893770974244,1.06792500862276,0.0399062059512349
4.354,0.107383784045399,1.01360583890475,0.00736053332094576
4.3545,-0.320247092662289,1.06589349598565,-0.0123861956191686
4.355,-0.254953804502524,1.01469870883727,-0.0210183053980935
4.3555,-0.407302503525021,1.02188280903147,-0.0527855614795326
4.356,-0.211812062589412,0.963321365758445,-0.0479246973701553
4.3565,-0.168882406776678,0.993867818249093,-0.0288476306575856
4.357,-0.467989322515536,1.00901770747326,-0.0518924692296963
4.3575,-0.712748638376493,1.04515872056446,-0.00802397517211334
4.358,-0.0822016023025144,1.05175547152057,-0.0186840774051702
4.3585,0.341299048310603,1.09313051275244,-0.00419680519729121
4.359,0.467204310795013,1.05980988433942,-0.0144393112665873
4.3595,0.458371910393055,1.17199531637292,0.0565491689672275
4.36,0.620251668253724,1.1380212055936,0.0564934765905137
4.3605,0.15768016933512,1.13951619943043,0.0682353882303448
4.361,0.0397416706204138,1.10597093419096,0.0752109790096041
4.3615,0.382540161563662,1.1447312683986,0.0718394985675268
4.362,0.105425882928787,1.12236306013982,0.0337726480416914
4.3625,-0.296451201176731,1.10472333337345,0.00358228296367278
4.363,0.032558330534405,1.08766102066864,-0.0243146812356646
4.3635,0.0775073626257837,1.03783624237711,-0.0523410132092841
4.364,-0.288394621864907,1.06530220139166,-0.056797879398953
4.3645,-0.31990646275761,1.01591415235526,-0.0322228655832744
4.365,-0.340484547922053,1.00090900120977,-0.041935219715543
4.3655,-0.477819872377764,1.04326495500359,-0.0371008988917254
4.366,-0.183016596592295,1.06197165460262,-0.0181451785056381
4.3665,0.164906169848414,1.12016630364193,-0.0121681169387249
4.367,-0.188609508850005,1.16231534197625,0.00050947697826698
4.3675,0.467837942063944,1.14691909822697,0.0171265275685401
4.368,0.6435170478358,1.21434268902354,0.0395511524923872
4.3685,0.361678816394368,1.20544835484257,0.0704747422901452
4.369,0.354460911630998,1.2523055205788,0.0905927450279414
4.3695,0.672032533930733,1.19647937828036,0.0238270950685579
4.37,0.347676149254401,1.19965872730298,0.0120064758154915
4.3705,0.208095419010482,1.16430040438759,0.0205425995302781
4.371,-0.0862957625934743,1.14627167631172,-0.0340997147950722
4.3715,-0.391804815692207,1.14570968858817,-0.0544327098094702
4.372,-0.413091037366129,1.08922308809821,-0.0308050459346199
4.3725,-0.266143883374222,1.05985900916045,-0.0661084843406849
4.373,-0.618190278100767,1.07263027017326,-0.0507492080469941
4.3735,-0.360100463826264,1.07362472568766,-0.0367122925586918
4.374,-0.450582913066924,1.15043792803111,-0.0488875180461344
4.3745,-0.478565363483636,1.17214229160259,-0.0305010518680554
4.375,0.4075010974945,1.22210119735338,-0.0130553687979064
4.3755,0.360659490816098,1.21051319613355,-0.000226543063444521
4.376,0.214823022570052,1.2741808495295,0.00950456271852041
4.3765,0.638852858084107,1.26859564082303,0.0598656535944809
4.377,0.409005981271187,1.31616450084219,0.0536275810722532
4.3775,0.487949854029092,1.31569116593232,0.0603318555135769
4.378,0.406959603551228,1.2945169258545,0.0264258670878694
4.3785,0.262837528281873,1.32769452063058,0.0162733688099757
4.379,0.0520065105255646,1.21406523987384,-0.00536681345042403
4.3795,-0.0994005226515489,1.21405315091032,-0.0316104955702332
4.38,-0.409245524495543,1.1979339535726,-0.0357981492675963
4.3805,-0.0334487770713725,1.18720708934883,-0.0254682236943218
4.381,-0.456095605128963,1.19722749358428,-0.0482506040629711
4.3815,-0.391958819764896,1.22218656826871,-0.0277198636783673
4.382,-0.596219119395798,1.17449748441605,-0.0573142916401294
4.3825,-0.220383691842575,1.22415726126847,-0.0432810537307748
4.383,0.278517425157742,1.19010921898755,-0.0361986732506135
4.3835,-0.229488747850635,1.23511158156642,-0.0158443046004922
4.384,0.367240087842465,1.3212395733404,0.0276336383098173
4.3845,-0.0672290378405518,1.34370723870422,0.0673089309138815
4.385,0.50294426745594,1.34397912219651,0.0708639516817035
4.3855,0.771596191914719,1.32333364037828,0.057800304370034
4.386,0.381894266206826,1.3555085992093,0.055375425476293
4.3865,-0.0233675911444068,1.38602165095593,0.0256099970804577
4.387,0.572420764055331,1.34232776749908,-0.00559535788009188
4.3875,-0.262508401303121,1.28072456494279,-0.0268981786004875
4.388,-0.310894679620425,1.27874814550607,-0.0218467249798215
4.3885,-0.155694907450658,1.29065093132308,-0.0194070931678973
4.389,-0.256742561308044,1.26468136600129,0.00789489755748739
4.3895,-0.405727694661644,1.17148717101708,-0.0293848789876371
4.39,-0.305013654110483,1.25420266808867,-0.024804858106684
4.3905,-0.188964844501741,1.28861568405901,-0.0635816891571631
4.391,-0.228706982336172,1.28628408376303,-0.0462266969429562
4.3915,0.0179153194155009,1.28836957338186,-0.0132681377190498
4.392,0.00361040942208762,1.36032603718306,0.00265184020002679
4.3925,0.0973716719998671,1.39891698748153,0.0301136320116237
4.393,0.198875285322439,1.39492207793813,0.0497852632793818
4.3935,0.399651251829881,1.41336425278515,0.0541915949954203
4.394,0.127348096790723,1.42519999541835,0.0515400919910321
4.3945,0.151809976211939,1.43032130610956,0.028080264193944
4.395,0.197089365340363,1.40969109951856,0.023897668652419
4.3955,0.185523663314537,1.39337506867875,-0.000948608182414083
4.396,-0.0995695324421215,1.33771051714422,-0.0256030022132666
4.3965,-0.186743098342299,1.29424824223758,-0.0352833807347921
4.397,-0.455091989509204,1.32348202239861,-0.0209310488030503
4.3975,-0.747671151859699,1.3067431730949,-0.0658695257302797
4.398,-0.536332351464922,1.25782550822392,-0.0599814506212251
4.3985,-0.497451062630326,1.30876427181332,-0.0544926786552629
4.399,0.0933314176480028,1.33255087380129,-0.074436827444217
4.3995,0.113999686506454,1.3206837021281,-0.0209261129132521
4.4,0.127420026381688,1.4129227617964,0.00734070076470485
4.4005,0.447723064740413,1.40654302307597,0.0291854620680273
4.401,0.284570530649792,1.38667191014614,0.0555605762418564
4.4015,0.206750965797313,1.45664664394684,0.0861298109383749
4.402,0.599435093090975,1.49014139064925,0.0551126088736248
4.4025,0.197089052646731,1.43110777812686,0.0161299463467941
4.403,0.101846994942355,1.43175696971721,-0.00479608922536066
4.4035,0.321271941104587,1.45779385548574,0.0223911657645098
4.404,-0.0971258112588973,1.41244146287186,0.00932899830712051
4.4045,-0.356345130630247,1.35197758418119,-0.012418956900023
4.405,-0.423168858567466,1.32012002036545,-0.0193091674997857
4.4055,-0.484519982932703,1.32541878055188,-0.0401817029235432
4.406,-0.721089878360631,1.31585822597361,-0.0454120723219538
4.4065,-0.56374387494517,1.31082388045728,-0.0568503035186005
4.407,-0.193267185980393,1.29096045412642,-0.0723995174266078
4.4075,0.315018150747616,1.33500750584913,-0.0638512882528306
4.408,-0.24251638698482,1.3746287034872,-0.0120345382152224
4.4085,0.197874376943061,1.43280673517462,0.0458508088996579
4.409,0.630333168911926,1.45747559178057,0.0489290834343459
4.4095,0.292384706316722,1.43494501566159,0.0586120653865169
4.41,0.270846532074903,1.44464163218996,0.0554462866496286
4.4105,0.436198259131856,1.44621302748648,0.0252328096168206
4.411,0.399785432901223,1.50492154069143,0.034745711688659
4.4115,0.0574451649539264,1.46133794577465,0.0319863234178172
4.412,0.169882554759823,1.45643893384436,-0.0219182783752487
4.4125,-0.148172988987621,1.37546998340797,-0.0103612816747338
4.413,-0.415710852730622,1.3632098801308,0.00265727285999164
4.4135,-0.233284596220615,1.26281817087503,-0.0297306599382143
4.414,-0.122681857516353,1.2556945378221,-0.0573111160708847
4.4145,-0.233735947899403,1.28902897275762,-0.0729495571149675
4.415,-0.364641005471386,1.25897991520051,-0.0945083634732638
4.4155,-0.120034488362126,1.25213690525769,-0.0589772069257231
4.416,0.0849256487162153,1.31379405785264,-0.0177309741391587
4.4165,-0.0832849147648269,1.37746643198829,-0.0115814068920537
4.417,0.0134459195121839,1.357952100486,0.0406288731290056
4.4175,0.403346548047379,1.39143783776981,0.0393299299220012
4.418,0.321674906988261,1.48525481510026,0.0599720373711651
4.4185,0.843767337081195,1.47723684195208,0.0551604522652767
4.419,0.0525494442290265,1.39968342696502,0.0574531662367216
4.4195,-0.0497638198741703,1.40949607999718,0.0461665869359221
4.42,-0.0404596679828921,1.31858126417837,0.0322295086158952
4.4205,0.129975970037101,1.37087543101584,0.0379665128269067
4.421,-0.0625339203904019,1.32557314722857,0.01827923088317
4.4215,-0.244028772612267,1.30251040600732,-0.0160557672376907
4.422,-0.0610391132476276,1.30518396522264,-0.032579894395308
4.4225,-0.402239771166225,1.26431821873904,-0.0567394730484839
4.423,-0.25299497178568,1.19773702774386,-0.0933695392416025
4.4235,0.0605639345841096,1.19551420208414,-0.065403151519099
4.424,0.0275891850981539,1.26375720218887,-0.0410421049824114
4.4245,-0.262760838122743,1.26109799609793,0.0176040956597119
4.425,0.554956264961094,1.27748836329154,0.00335102285349266
4.4255,0.383788117074627,1.26415002336032,0.027691921562238
4.426,0.319671413378146,1.3310145379236,0.0128002111364612
4.4265,0.0797412288581862,1.39248820397443,0.0137451303283125
4.427,0.807225023773775,1.35085082680795,0.0749490719523976
4.4275,0.335584680646441,1.36263504741482,0.0449657725500776
4.428,0.265966961206956,1.32521329527596,0.0665677843008761
4.4285,0.191401652278894,1.32399913782074,0.0348338298691324
4.429,0.104382814288642,1.28051906131465,0.0282972685016605
4.4295,0.458220085626342,1.28737162081488,-0.0186355487489709
4.43,0.113685693480583,1.18681689759721,-0.0692167953760734
4.4305,-0.342440040577597,1.20542904179749,-0.0345304712589524
4.431,0.0224021875924168,1.18372289858541,-0.077023142871406
4.4315,-0.462820387326722,1.12238930174089,-0.0847117901925471
4.432,-0.588871506276314,1.19102187017815,-0.0518007725469087
4.4325,-0.338161624782571,1.16614732589148,0.00459471934362218
4.433,-0.246628812335421,1.18015569494485,0.00653050043706555
4.4335,0.0166297454355806,1.24355992187345,0.0466643229690662
4.434,0.166531440131027,1.30531380048067,0.0255448687659452
4.4345,0.500309907079705,1.30366387622148,0.0203174107748706
4.435,0.186282741916093,1.34381205188831,0.0591419883849907
4.4355,0.630424347350136,1.28541710582506,0.0156927837454238
4.436,0.268194802363466,1.28615008016274,0.0666293656447884
4.4365,0.388758666885303,1.27913184593945,0.0768698102827909
4.437,0.599896942121202,1.26043122176565,0.0411074981761838
4.4375,0.0339871259692137,1.17957673538273,0.0264275316537502
4.438,-0.0147919628932419,1.15360198304445,0.00519954392350834
4.4385,-0.434094733638297,1.13312815074493,-0.0590034335233535
4.439,-0.286426182565808,1.11208705836018,-0.0728442498039939
4.4395,-0.577004352209338,1.11139482819487,-0.0727580424533362
4.44,-0.404807835825702,1.11339459923355,-0.0657134131749527
4.4405,-0.470053120895612,1.10010489642476,0.0050258051372018
4.441,-0.160652559934882,1.13633818797024,-0.0112137929416491
4.4415,-0.267898939346766,1.18022518688236,0.0286253330460114
4.442,0.308844341921577,1.14354573691011,0.0140163638347308
4.4425,0.289419583124918,1.18663395172777,0.0186937999052348
4.443,0.000255975823654331,1.14726394497602,0.0360940650768379
4.4435,-0.116538007828292,1.26334515530415,0.0545260903368416
4.444,-0.0029514983328619,1.25093369142962,0.0445703096035059
4.4445,0.0873406062638125,1.19070395411279,0.0816054410006484
4.445,0.220493739806319,1.16605676625903,0.0640014071983432
4.4455,0.190282076282001,1.21438415834096,0.0271775682935888
4.446,-0.350084831526381,1.12138078361077,0.00229041541526035
4.4465,-0.631102505801339,1.03505399753256,-0.0493334458255857
4.447,-0.417054249251501,1.09264042726903,-0.055446499565948
4.4475,-0.788245858951177,1.049988520452,-0.0953353865445914
4.448,-0.438625999048717,1.0664228881278,-0.0570432327659831
4.4485,-0.632394145647951,1.0724163338478,-0.0377570736926518
4.449,-0.148490814387744,0.976274950904607,-0.0115144083282206
4.4495,-0.299376727153819,1.06084179303393,0.015124255740784
4.45,0.0166009360782614,1.16592628689406,-0.00553174875411501
4.4505,-0.101673055770967,1.12083668185448,0.0221941348783256
4.451,0.693224954078642,1.12509087105401,0.0175721377930999
4.4515,0.364395415238641,1.15819673288212,0.0346801347647107
4.452,0.308952822563353,1.19916474621271,0.0551811017857319
4.4525,0.0286820113387368,1.15035242163071,0.0751384702531167
4.453,0.376904785582001,1.18225723198347,0.0431602914502772
4.4535,-0.0911620178221705,1.08476896565818,0.0368137645932986
4.454,-0.244468209540167,1.03803098970729,0.000528801291635926
4.4545,-0.270987307590911,1.02216897656956,-0.0579911746245435
4.455,-0.388802918889232,0.997344712294481,-0.0367813853672956
4.4555,-0.475078635829792,0.99715581868666,-0.0735632394451943
4.456,0.0434565846680279,1.03503569604403,-0.0663239573618948
4.4565,-0.209592906023364,0.934721589911624,-0.0187318576693038
4.457,0.0196827162746542,0.927803991754465,-0.0263464908002331
4.4575,-0.892059151298895,0.976767473090218,-0.0254311532095095
4.458,-0.16319071297888,0.976031549053936,-0.023663797476169
4.4585,0.00992369091305592,1.05846018384662,0.0175686661433771
4.459,0.101388613859116,1.07695652398612,-0.00931470506647913
4.4595,0.703342072696443,1.07348103371317,0.0287245112200665
4.46,0.230025229266264,1.13022920596582,0.059190006641703
4.4605,0.174485616159443,1.07223300162229,0.0621100729671953
4.461,0.421278693004658,1.09828488652162,0.0774572008928145
4.4615,-0.052736309260376,1.09454622313278,0.0430270581031202
4.462,0.545820555737011,1.05323045069804,0.0271968892323567
4.4625,0.252467699436039,1.03127893418176,-0.0155870534414807
4.463,0.443715039582245,0.98488876082116,-0.0302664831248584
4.4635,-0.119783751432467,0.953831751938874,-0.0538174073188417
4.464,-0.290283005952949,0.944454755270123,-0.0690708050218426
4.4645,-0.0668768024497986,0.944716001652466,-0.0478477263590221
4.465,-0.324929247141623,0.930202528005134,-0.0399556164759244
4.4655,-0.295456427934473,0.963031154683714,-0.0108967704224122
4.466,-0.417646246700575,1.00897382058571,-0.0233548205198907
4.4665,-0.240800500389622,0.945724097885523,-0.024645232948782
4.467,0.0844810680343224,1.02605300079377,-0.0140938628410157
4.4675,0.38700216906102,1.06995112803274,0.022765404466944
4.468,0.562754832045755,1.08550415545678,0.0331280610538327
4.4685,0.206331529224474,1.15439382813922,0.0428248687476022
4.469,0.251853922498241,1.12547083905077,0.0899319845685683
4.4695,0.0969567817989968,1.10456003935211,0.0637083806118587
4.47,-0.0908001751140615,1.08935905131862,0.0659686511874699
4.4705,0.166727275065341,1.00961693311586,0.0303550860515062
4.471,-0.121790954577771,1.03087278250827,-0.0103913382555418
4.4715,0.152688713744554,0.973879175134583,-0.0499113495798487
4.472,-0.397728873793436,0.901897034480922,-0.048759828422885
4.4725,-0.13930319716096,0.882515472684214,-0.0257435119895026
4.473,-0.503326800567952,0.966634068449243,-0.0250025333806391
4.4735,-0.227388962846317,0.933227516910138,-0.0533867554758081
4.474,0.0502099730755921,0.970757379992274,-0.0397535607462083
4.4745,-0.184807903256135,0.987935788802666,-0.034505960288537
4.475,0.0544294284380845,0.997605019193537,-0.0350500687157502
4.4755,-0.519948340291973,1.04360959743137,0.025048449387952
4.476,0.139366285024815,1.09906912162723,0.0137685144193287
4.4765,0.389913116374734,1.03858209885636,0.0501949781547157
4.477,0.402465675130021,1.12427834884378,0.0783540015136366
4.4775,0.772731397917143,1.08593785611986,0.0726796752092591
4.478,0.374467399005667,1.12805709581846,0.0283295229079183
4.4785,0.180452777313477,1.07811765502037,0.0305912860409698
4.479,0.177570160058832,1.04881728241651,-0.0160391439438203
4.4795,-0.416499838012376,0.996588077533388,-0.0425555386759644
4.48,-0.337517035220257,0.967259281845468,-0.0339987335198648
4.4805,-0.192617049624468,1.01683863584567,-0.0443318608844078
4.481,-0.42668845394973,0.942986673395651,-0.0675583817609896
4.4815,-0.966838733328267,1.00800575405858,-0.0752539052247615
4.482,-0.135825616272618,1.02246275467046,-0.047512921011134
4.4825,-0.562466982656219,1.01703318017431,-0.0584373028031717
4.483,-0.408896267672626,1.05952759861788,-0.0569544625139279
4.4835,0.153380050108911,1.06542205111199,0.00332221272167486
4.484,0.119771379692758,1.0931713717401,0.0348992752543868
4.4845,0.0938203601946747,1.17395578964703,0.0466433531733315
4.485,-0.0386661978949233,1.07370276821969,0.0941324020312516
4.4855,0.218192948012481,1.14766834157078,0.0645065313342614
4.486,-0.208010396489218,1.14908805995366,0.0529293230849342
4.4865,0.344965078690347,1.11830032851553,0.0227255068312512
4.487,0.118961954498444,1.16140992642216,0.00727818535768812
4.4875,-0.326421299434933,1.09276429167345,0.00454326989061415
4.488,-0.187094041273822,1.08432331017609,-0.0173757812154599
4.4885,0.478162452603123,1.03298898616175,-0.0228337192943617
4.489,-0.282642851525307,1.04247689888435,-0.0321899233798068
4.4895,-0.273633030359267,0.95605180287606,-0.0573239397091567
4.49,0.0469308686407083,1.07439746228569,-0.0609942888658701
4.4905,-0.191519600270531,1.07742430176953,-0.0785697570213041
4.491,-0.17764736074963,1.06082670074666,-0.0341097585534645
4.4915,-0.0287148855485716,1.14384076867818,-0.0246961660615557
4.492,0.172723567703208,1.1797238749709,-0.00388323268388656
4.4925,0.48730784896019,1.1430577567538,0.0603312832760685
4.493,0.390587842329646,1.22564002152773,0.0750032561087079
4.4935,0.65989439786109,1.22969452990139,0.0815464752374208
4.494,0.339429315327542,1.2091532134548,0.0610254798651004
4.4945,0.522024796860291,1.21573038935744,0.0210947028036834
4.495,0.0894434177767212,1.25800199352283,-0.00802955566999857
4.4955,0.306067926405518,1.17408250504228,-0.00598352429104026
4.496,-0.340546323624404,1.13273338852927,0.00501396563732716
4.4965,-0.293328093030326,1.14810026555869,-0.0320520712721122
4.497,-0.413932520684866,1.14255290623298,-0.0195369127932754
4.4975,0.0962363688765157,1.09965907999114,-0.0313524493368104
4.498,-0.625325778660395,1.09521388550851,-0.0548344523891043
4.4985,-0.647400207488319,1.14646841875374,-0.0524727084885466
4.499,-0.18851960069532,1.18677633001221,-0.0525360657169328
4.4995,-0.439130292176188,1.15919700682395,-0.0375896273792856
4.5,-0.262518103065451,1.22171419354381,-0.0173620892485768
4.5005,0.254310664172469,1.17719118075353,0.00211427822344319
4.501,0.325707300499748,1.24271326610702,0.059784122692674
4.5015,0.672273191987856,1.26627926014303,0.0509577639509055
4.502,0.46676746379817,1.25633147250725,0.0661852341903234
4.5025,0.7129242957973,1.2998533097776,0.0621836309207544
4.503,0.486699376607024,1.26350074686958,0.0236637588083961
4.5035,0.586428340010909,1.23918299839025,-0.0030823749140368
4.504,0.0789122421668157,1.27928366585551,-0.0181866855185319
4.5045,-0.6137103805785,1.22317928972148,-0.00117846276416413
4.505,-0.380412452072643,1.23199830021358,-0.0196724837214715
4.5055,-0.376936077619012,1.1907058738044,-0.0241479160234211
4.506,-0.317691654996869,1.23056936440836,-0.0636699949284201
4.5065,-0.482067435003334,1.19774477328324,-0.0618796690736082
4.507,-0.181153318771929,1.21404532697556,-0.0645773650964391
4.5075,-0.157278657501517,1.2473598377356,-0.0303784910057581
4.508,0.394201003211076,1.22435927853416,-0.00550125613118546
4.5085,-0.27270141934422,1.25310175074577,0.00474248884225761
4.509,0.180807785162301,1.34949948628527,0.0530766720266826
4.5095,0.195286808080001,1.37146123237171,0.0323014495082468
4.51,0.669847426887369,1.33831032262801,0.042421610466375
4.5105,0.505023517990901,1.36729740601376,0.0370586155768873
4.511,0.537561483928047,1.36649019583947,0.0216290840936094
4.5115,0.226179102236666,1.37055975808388,0.0315238709554019
4.512,0.364816366908617,1.341843529485,0.0046322351339975
4.5125,0.381157937196047,1.26179897208308,0.0469118108278545
4.513,-0.309636779862816,1.30856640892012,0.00818418116308603
4.5135,-0.479487922557941,1.26110644686049,-0.0137191642421788
4.514,-0.317904403344817,1.25004276626626,-0.0366236931006806
4.5145,-0.542112530199659,1.24920664118096,-0.118581028334881
4.515,-0.0447955617465473,1.25325753325206,-0.0842763618331543
4.5155,-0.35419012366488,1.25664365314736,-0.0599302503737891
4.516,-0.454405368302099,1.26115885606583,-0.0198588181276259
4.5165,-0.0261330288555011,1.31388593055539,0.0348922064713312
4.517,-0.10432192204809,1.34314225234789,0.0403902432033477
4.5175,-0.148208448803094,1.41062252100125,0.0512649140420399
4.518,0.411843537787505,1.4812218876389,0.0702832416489069
4.5185,0.222579554473799,1.40189391191183,0.0488052141136864
4.519,0.45812807391442,1.45082343744514,0.0355714263379647
4.5195,0.605091098861644,1.42998883274424,0.0219880024399497
4.52,0.206036072033653,1.403630064392,0.00941300927343418
4.5205,-0.0667625062049056,1.39675376927364,0.0206816957664013
4.521,0.0364869577482923,1.36077257463848,0.00361581575895556
4.5215,0.0423847062145354,1.32374490002082,-0.0220944308908181
4.522,-0.180265389153756,1.26057483043801,-0.0456109166552012
4.5225,-0.361733935205731,1.26342368731064,-0.0545150654045166
4.523,-0.386432617308862,1.32651164383931,-0.0902354034416791
4.5235,-0.588052278791329,1.31825954500865,-0.0896621762010374
4.524,-0.286374612010972,1.327505090446,-0.042290213683324
4.5245,-0.146197134989067,1.37998620667669,-0.0202814375683696
4.525,0.15069209792162,1.38461972214563,0.044984606850437
4.5255,0.331514564825164,1.40430002588358,0.0524107570020702
4.526,0.306420591583541,1.41951524157961,0.0800728012606727
4.5265,0.131593432350606,1.43199952667754,0.0260081832867251
4.527,0.0220653269412592,1.4533665295146,0.049339176027436
4.5275,0.373700609013402,1.40762631033616,0.0499923230272512
4.528,0.230798328208288,1.43065897835542,0.0379473179325367
4.5285,0.215443334429359,1.45799523871013,0.0576544801646394
4.529,-0.542625307599138,1.38375790950304,0.0245347248568282
4.5295,0.0633211399683872,1.36470713413575,-0.0146957548916121
4.53,-0.139073689351412,1.34084667192824,-0.0311495444205751
4.5305,-0.333962584250969,1.37830813372064,-0.0776925835750211
4.531,-0.461294610679053,1.26997692487748,-0.0895954663530783
4.5315,-0.213331269458221,1.26057972304348,-0.0753019716814968
4.532,-0.256055814072547,1.33153599398723,-0.0509558714654831
4.5325,-0.395665855805782,1.35724925095082,-0.0320698223084245
4.533,-0.0886656161187448,1.34309006150919,-0.0175893133542903
4.5335,-0.192594554313074,1.36133867113269,0.0269041570732968
4.534,-0.0172012051624278,1.411145336088,0.0502945450376778
4.5345,0.665847913640266,1.41783452832778,0.0365451878854025
4.535,-0.117024771517849,1.46781297805115,0.0222954565646579
4.5355,0.0620476845220272,1.46178523104219,0.0591968823416932
4.536,0.995468795795534,1.34732699043289,0.0499344467779466
4.5365,0.275565035606445,1.43225099110692,0.0783822803386668
4.537,0.234461745281909,1.37241856634251,0.046982334485842
4.5375,0.339384188237157,1.34865636408305,-0.00676199470697053
4.538,-0.620642581954479,1.34696958032062,-0.0303863367230387
4.5385,0.188489491957165,1.29480430445902,-0.0339616827074499
4.539,-0.0675199356252917,1.25397294957733,-0.0557256649682944
4.5395,-0.628470288999578,1.27895431506325,-0.0832249849647103
4.54,-0.417456372510832,1.2643988657387,-0.0535519990130825
4.5405,-0.173846078514288,1.28622531640446,-0.0382852523757724
4.541,-0.393397047152815,1.26987083977421,-0.030096071159789
4.5415,-0.206032564054105,1.37339981318544,-0.0178173910718214
4.542,-0.0385057944638154,1.3672294519661,0.0437061817505399
4.5425,0.178662436803256,1.40244304546526,0.0248636748556639
4.543,0.147192592195389,1.38091751098389,0.0403442991677312
4.5435,0.510401543884876,1.42080091400875,0.0303496396469954
4.544,0.38394363703406,1.46136714613373,0.077875199999493
4.5445,0.65505479222267,1.40660427794606,0.0608802977010849
4.545,0.0268873178139422,1.4194471234072,0.0418990416113746
4.5455,0.333080576438542,1.37261831148209,0.00554637610578701
4.546,0.0887841658696358,1.32800956655831,-0.0158841716650936
4.5465,-0.0158376410708193,1.29163165699007,-0.0431740528103205
4.547,-0.305216094885281,1.25631402100721,-0.0485447914779639
4.5475,-0.369206163832897,1.27652412988092,-0.0790683259150576
4.548,-0.699461127279008,1.25632655243985,-0.082022632990982
4.5485,-0.0381560117217424,1.20423644749665,-0.0312705819089913
4.549,-0.29826927612243,1.30006049108158,-0.026181458600055
4.5495,-0.0358950197134424,1.28094120328649,-0.00762345944380267
4.55,0.186178848584932,1.32769152709918,0.0124139483974488
4.5505,0.0721068051766948,1.34686580438336,0.00689971666768313
4.551,0.291903929866745,1.39084102425388,0.0271336731765099
4.5515,0.222303605467026,1.33842334702062,0.0370077399080474
4.552,0.657876098711854,1.36485482956353,0.0750028665062662
4.5525,0.120629207296238,1.35353991565025,0.0655720127057974
4.553,0.607189319538713,1.38858314148912,0.0231084071852745
4.5535,0.436520832691841,1.38687783166732,0.0421202902689686
4.554,0.414633027645619,1.27383826329068,0.00307317892716909
4.5545,-0.0192425848301916,1.26378153795643,-0.00151809335495505
4.555,0.146701283916663,1.17725302606145,-0.0290467008299663
4.5555,-0.323556585113596,1.19085321955824,-0.0712612681442955
4.556,-0.39852716642354,1.1512497588145,-0.0333966757530901
4.5565,-0.465056021241258,1.18873706190579,-0.0298190849772606
4.557,-0.194713527549682,1.2422209293756,-0.0170776299321855
4.5575,-0.318359537557496,1.19673946920177,-0.0194659024417941
4.558,-0.105441678561363,1.23210132097339,-0.0206367210915451
4.5585,-0.0175350163507525,1.27570040034384,-0.0120592178685849
4.559,0.122539915045006,1.24168528968943,0.015352504553477
4.5595,-0.250587465820582,1.2404552571933,0.0402637551216965
4.56,0.288129031490259,1.29756979211221,0.0628303276722624
4.5605,-0.0629632980909383,1.27200143408079,0.0824365301210747
4.561,0.410594664380833,1.3263640896026,0.0606380200701263
4.5615,0.434606444538963,1.30676643444598,0.0378604252271899
4.562,-0.0401275352293785,1.21367524966986,0.0142795208530905
4.5625,0.172926055545798,1.23857801592456,-0.02618479962345
4.563,-0.0272030407500922,1.12655019573686,-0.0314492223059783
4.5635,-0.246367621242089,1.14777528478358,-0.0674910498075306
4.564,0.109298913772553,1.11582218536172,-0.0456233275346178
4.5645,-0.170656820304697,1.10127770528165,-0.0202662133781947
4.565,-0.35418683744753,1.08446504467965,-0.0503201581520649
4.5655,-0.105279663686803,1.08035191909973,-0.0233633388626471
4.566,-0.0129481532598351,1.1207322975603,-0.0296705787631872
4.5665,0.375455657305473,1.16921403383143,-0.0266590522351775
4.567,-0.256933863882653,1.18920324639496,0.00908960086465226
4.5675,0.396162467077192,1.23336540976356,0.021334870422691
4.568,0.358153255082776,1.19943457443544,0.0494255113519977
4.5685,0.131308927928901,1.19731039194866,0.0880271420622622
4.569,-0.0573281277805695,1.22609734364048,0.0765523117788688
4.5695,0.0843166381384049,1.19219219937837,0.0527887564082451
4.57,0.189772089862901,1.20914232356798,0.0421155406596697
4.5705,0.192532875964186,1.1059351466044,0.0226122733841292
4.571,0.12290994173513,1.09987789162279,-0.0240443058375378
4.5715,-0.254407787161014,1.08555491964403,-0.0487525848223927
4.572,-0.337764577941533,1.03863080899317,-0.0791595403626741
4.5725,-0.176704358617743,1.00760940005163,-0.0137174851103338
4.573,-0.154684330463127,1.0616862121121,-0.0146591505865801
4.5735,-0.0280408114693308,1.05983966861541,-0.0245455538498268
4.574,-0.723073831527551,1.09774896171437,-0.0242571963286405
4.5745,-0.435500376367137,1.08761884351618,-0.0481741020116539
4.575,0.0715330937167217,1.07759825183467,-0.0163935778556536
4.5755,0.396404032517781,1.11175534728165,0.00794199280994064
4.576,0.024438996661049,1.15255489470856,0.0586815538117147
4.5765,0.255728173115353,1.19123942522602,0.0634666154416021
4.577,0.248016143251034,1.15422367444613,0.0904530917904106
4.5775,0.328067206562919,1.10251565939895,0.0751494833722432
4.578,0.166173356612038,1.1049462211139,0.0701841810592039
4.5785,0.364021058184507,1.12826842529934,0.0257611015576473
4.579,-0.342124493196501,1.07741658071924,0.00200039506314603
4.5795,0.415193786361355,1.07234503603171,-0.0161714211372269
4.58,-0.553897666344232,1.0271438137339,-0.0371510918021452
4.5805,-0.0536739290300245,0.948432559039054,-0.0175954246404337
4.581,-0.0664253901973677,1.01472281503107,-0.0146169271162258
4.5815,-0.397362573156665,0.936931812955993,-0.0529261276934328
4.582,-0.260723298541248,0.980472218312344,-0.037082061199292
4.5825,-0.324996023884583,1.00493826084801,-0.0612236174652972
4.583,0.106258976551231,1.03837853700241,-0.0506476926764919
4.5835,0.125478733844326,1.09668387528791,-0.012974081581125
4.584,0.232046969557668,1.11114310167504,0.039857859471554
4.5845,0.493675063222744,1.07113047957284,0.0830399418681214
4.585,0.32276289267022,1.08440699306168,0.0771534976343522
4.5855,0.66128793240415,1.14576504257364,0.0666480933717626
4.586,0.321321961003781,1.1247321350766,0.0629119318779617
4.5865,0.420861143056072,1.09198936713159,0.0213361626799769
4.587,0.152229126336028,1.0583877550756,0.00118533656092602
4.5875,0.128756692178171,1.04659293603013,-0.00860999449930869
4.588,-0.0877221344176659,0.98399736383506,-0.00692343606425933
4.5885,-0.100087641818771,1.03596683346265,-0.0187523467682105
4.589,-0.431711473643445,0.951404579586612,-0.0461237403578796
4.5895,-0.0608328297751619,0.943294401650754,-0.0247914423890672
4.59,-0.427804386568546,0.93595804252689,-0.0543625818589447
4.5905,-0.186223357416725,0.967760338448067,-0.0490191107611048
4.591,-0.45783194764383,0.987444535157995,-0.0550551658083831
4.5915,0.299928482913842,0.983942924653978,-0.0264471573033538
4.592,0.301256524621639,1.06851155306858,-0.00837569660241879
4.5925,0.137073987319284,1.04699154841371,0.0470080669074304
4.593,0.0829463109226728,1.06112247926495,0.103887441935198
4.5935,0.259798458366152,1.1127818460394,0.0784847573817159
4.594,0.449670182011897,1.08447995788104,0.0934163233865942
4.5945,0.411635469752659,1.07887632079658,0.0428505290130287
4.595,0.380636124275562,1.02364384888799,0.0155268176331521
4.5955,-0.048243815179745,1.02145694880941,-0.00770162117272969
4.596,-0.0347483995727863,1.02985777994248,0.0029146097168378
4.5965,-0.21545466184542,0.976520488009964,-0.0172410919753956
4.597,-0.431496537765257,0.959280315347888,-0.0455435753219638
4.5975,-0.133298710938385,0.917107177771119,-0.0364002850194194
4.598,-0.269299385416955,0.893683015746733,-0.0292664821756582
4.5985,-0.410637325572069,0.927695964934141,-0.0653651482054898
4.599,-0.346100600448112,0.955359321614457,-0.062995798625996
4.5995,-0.139506324121655,0.984860535266323,-0.0248265545852614
4.6,-0.173805318934789,1.06068739480664,-0.0378406972589824
4.6005,-0.091068222979633,1.05064284405454,0.0317735468113341
4.601,0.228654562156554,1.12551351646708,0.0310286881480738
4.6015,0.226811803233599,1.1513553562659,0.0290142256726293
4.602,0.285947852950158,1.11955567993126,0.070552698539368
4.6025,0.453723144111033,1.09728980317983,0.0430890730106859
4.603,0.715483614734306,1.10397387867857,0.0277780079201763
4.6035,-0.0308172072522354,1.0670978627211,0.0118944846807248
4.604,0.512863802801782,1.04663723706057,0.015104123251672
4.6045,-0.0556972022096907,1.04713729137696,0.00437486175840953
4.605,-0.380222683900717,1.0243592501602,-0.00110291235850638
4.6055,-0.14083551593233,0.94434535825057,-0.0312739607161963
4.606,-0.254642702728378,0.940798394655465,-0.0611885189669717
4.6065,-0.488004359417541,1.01484838056099,-0.0609557044674518
4.607,-0.271398686675443,0.976018356423606,-0.060108476705928
4.6075,-0.569329400884903,0.997659244113348,-0.0480155190067538
4.608,-0.72950507690908,1.08992842641467,-0.00825991021501967
4.6085,0.120998284729965,1.10066413569504,0.0385813358893029
4.609,-0.0980238162517977,1.14606413893224,0.056770827747301
4.6095,0.435008583146203,1.11971104376245,0.0507066029131713
4.61,0.491721129231169,1.20186828974193,0.0597638909314539
4.6105,0.612324623529721,1.14659887974372,0.0505678223790115
4.611,0.485817771599388,1.15948454306684,0.0632954333510386
4.6115,0.438167842208566,1.11611351708028,0.0341243251134298
4.612,0.0624374978970059,1.12473016110543,0.0453339370950337
4.6125,0.560187880750419,1.08547352842661,-0.0101885478560796
4.613,-0.0649005078156462,1.08237313787098,-0.00794254171164793
4.6135,-0.145240951218724,1.01243437185996,-0.0305249482421939
4.614,0.00590513765111511,0.998538427881167,-0.0424019743713117
4.6145,-0.618115416409781,1.0017377984659,-0.0755507727397872
4.615,0.417486648697596,1.01447459516102,-0.0833027279929832
4.6155,-0.579754807748169,1.02995687260039,-0.0415801229534134
4.616,0.184376105249667,1.06604659993285,-0.0096740263256162
4.6165,0.289037907320173,1.06722099212836,-0.00402781095519881
4.617,-0.0779622680927372,1.1226237161714,0.0451832805866382
4.6175,-0.282686712454051,1.11829209078326,0.0508291328767441
4.618,0.0734153713771977,1.15651674966215,0.0578354831530008
4.6185,0.391152655945595,1.23357814190299,0.0287103707615661
4.619,0.467272139218868,1.19059798817203,0.0313437165941226
4.6195,0.380671668045918,1.2143691720171,0.0273465603758643
4.62,0.0923102808372215,1.18007474475208,0.0202727888821685
4.6205,0.0742586028692922,1.20367201703216,0.0434238621568283
4.621,0.402718373755505,1.08357708904388,0.0180904282355448
4.6215,-0.0646546830319406,1.13036042003546,0.00233654261350058
4.622,-0.327829696967833,1.15778869274479,-0.0443417491983962
4.6225,-0.334804129511121,1.12849777243288,-0.0429074473659314
4.623,-0.11695579373919,1.12217956544182,-0.0861720551843105
4.6235,-0.402269230792335,1.1017714424058,-0.0604020841291863
4.624,-0.035052944234351,1.23773871296924,-0.0144287416359552
4.6245,-0.33209156992154,1.16310506867131,-0.0369023522715641
4.625,-0.177732015953311,1.23095479183529,0.0504306162747197
4.6255,-0.0688993970054589,1.2854661833856,0.0466680328503089
4.626,-0.210002849483584,1.25584401866108,0.0204736897824417
4.6265,0.679811231810793,1.28676022203112,0.060454801170675
4.627,0.665533822963523,1.28711066675373,0.046314011587995
4.6275,0.167684042821615,1.2682589411428,0.0388327052786743
4.628,0.406344213913396,1.31058725294887,0.049712346231032
4.6285,0.510287318061505,1.26758828127484,0.0598784762888843
4.629,-0.169156873898685,1.18917720404493,0.0131278613353633
4.6295,-0.333129909235233,1.21908402541472,0.00717118897837631
4.63,-0.312866438648461,1.23080706357591,-0.0512680916298304
4.6305,-0.0564911139743058,1.17569571810838,-0.0314658157557428
4.631,-0.278053900635316,1.18793918770916,-0.0693565640052417
4.6315,-0.389562410098747,1.17408600621737,-0.0727119693725342
4.632,-0.0250435248185544,1.13327476511699,-0.0504580414025434
4.6325,-0.483224084044039,1.20342805129795,-0.0245358773921922
4.633,-0.350604339730003,1.24437291557465,0.015809850394508
4.6335,0.049278644335374,1.23922121622942,0.0352353867306856
4.634,0.264488092949964,1.26006284892232,0.0426912017472217
4.6345,0.352346873239906,1.36691409435358,0.0579495762831817
4.635,0.101999169704296,1.37443036835874,0.0185522844553472
4.6355,0.25237357410856,1.34701105195153,0.0415718108060191
4.636,0.257869306240589,1.31584486819812,0.0559965802969783
4.6365,0.29056699335697,1.38542821907522,0.036406635827571
4.637,0.168797638467247,1.36034597790819,0.0521737925102661
4.6375,0.0549317910402327,1.28789010312109,0.00848624883044241
4.638,-0.317211271023422,1.27781805452427,-0.0350090604397679
4.6385,-0.102491503972778,1.27264370871895,-0.0323537414522195
4.639,-0.0587130022634213,1.23625991866654,-0.0854677116470458
4.6395,-0.403856217383363,1.24483483844329,-0.108821279455178
4.64,-0.423518001553939,1.30342121840868,-0.050417042806928
4.6405,-0.147114985287998,1.26472485371109,-0.0233448347321758
4.641,-0.377609276006697,1.32900892093567,-0.0171246313689844
4.6415,0.390193392192217,1.34987522570731,-0.00840269109206899
4.642,-0.108724346745259,1.33318143092599,0.03703407817206
4.6425,0.213948830536648,1.42362693724482,-0.00759653503643639
4.643,0.103397045316643,1.39063491705988,0.00988136389384116
4.6435,0.235796908539904,1.4360999565727,0.00777208629296706
4.644,0.309034215470908,1.42463020468528,0.0614016052234388
4.6445,0.554673084321206,1.40636016757769,0.0565090985116998
4.645,0.105651594539928,1.43281743733335,0.0577486640113315
4.6455,0.0800270753848855,1.38951369723166,0.0254993863355279
4.646,-0.0846115776098117,1.34187001039068,-0.00668551626565785
4.6465,0.129469227092132,1.34562430307187,-0.0555842552643849
4.647,-0.775346573264345,1.31842612430945,-0.0483234046962665
4.6475,-0.195353150017955,1.30895844457441,-0.0742108440423617
4.648,-0.33365663286313,1.28498358347695,-0.0497664194985894
4.6485,-0.684553892334862,1.23842083522886,-0.0587280525676079
4.649,-0.234888542441711,1.32391862665805,-0.00983933252613016
4.6495,-0.148513755643026,1.37550163719096,-0.0162226502573575
4.65,-0.00680546851168419,1.35773557652884,0.0289560921286965
4.6505,0.284264323608269,1.38312350076166,-0.00755714325135163
4.651,0.245685214780713,1.42560992741148,-0.00221699632189435
4.6515,0.492406197531069,1.46300922785848,0.0249582892812002
4.652,0.782375832877936,1.46591641602977,0.0496870127752431
4.6525,0.509827367676304,1.4403515317181,0.0757961950938718
4.653,0.241917091952747,1.48492292525413,0.0707601233810515
4.6535,-0.00682462673833761,1.37708988591377,0.0545756167480185
4.654,0.504704634292293,1.34715744244306,-0.0086806565698267
4.6545,-0.183224951316829,1.43403758840861,-0.0355132812100531
4.655,0.0547996327534424,1.34293577093064,-0.0478367278846018
4.6555,-0.0841062434117913,1.34385781247345,-0.0593156732321702
4.656,-0.177571190820534,1.27593122897365,-0.0607058682882638
4.6565,-0.249030368709225,1.29684151062383,-0.0282361288500067
4.657,-0.439951622577533,1.36484286515328,-0.0501211521245754
4.6575,-0.0149340542430161,1.33028216215298,-0.043818750311648
4.658,-0.116416439884355,1.34374638664886,0.000725201466774622
4.6585,0.0491078819638681,1.39076614950488,-0.0294808155440797
4.659,0.161686695344156,1.35014071414644,-0.0101804344897267
4.6595,0.158353453160711,1.466192335347,0.0408432547731517
4.66,0.0373126959727569,1.43582561531392,0.0613301662847336
4.6605,0.246933106155201,1.42558116728567,0.0726536868828742
4.661,0.628105000622928,1.43263266195799,0.096996232020664
4.6615,0.742116087307952,1.41879760395861,0.0472731936032725
4.662,0.119612696384062,1.38112416845647,0.0274414331850483
4.6625,0.158285401496417,1.31098831537045,0.0396408878220445
4.663,-0.0212452771028049,1.31612712201033,-0.061258826156235
4.6635,-0.654448085983353,1.31125468483021,-0.0470449141027086
4.664,-0.271297282731815,1.26479978476443,-0.0440048361981768
4.6645,-0.579034208013695,1.26758262900072,-0.0595208943396976
4.665,-0.732394009518845,1.27639556179933,-0.0314575698701164
4.6655,-0.446241789984011,1.30374587931355,-0.0425346500913569
4.666,0.250952540760405,1.32243295616704,-0.022017533859393
4.6665,-0.0212524635996892,1.32819807407256,-0.0161138821956592
4.667,-0.18119168592048,1.33878714426195,-0.0195712210541351
4.6675,0.385588365853184,1.36207639394213,0.0466766019757835
4.668,0.419566262903973,1.42875038376963,0.026766316103691
4.6685,0.267685562853841,1.41118723363336,0.0747188028133557
4.669,0.484826196072777,1.44104141077035,0.0672855226979201
4.6695,0.225402280540761,1.42529852230936,0.0810065271043823
4.67,-0.112279997524543,1.41372530517388,0.0423317540092271
4.6705,-0.227174153350204,1.37442766901969,-0.00100697141415324
4.671,-0.0781378190417421,1.31392609657699,-0.02003682215662
4.6715,-0.408639559686108,1.29301853364317,-0.0502008085276862
4.672,-0.401373589532603,1.27361105346881,-0.0606931740651256
4.6725,-0.32035846333827,1.24457123785062,-0.0340131382996541
4.673,-0.313828629842973,1.20983564259062,-0.0475465499927671
4.6735,-0.708663971096111,1.22996429976514,-0.0395380102765942
4.674,-0.161701075937433,1.31243712600209,-0.0362271302836156
4.6745,-0.15231468008847,1.2669982083328,-0.0570463246963745
4.675,0.161053094475775,1.27092447328954,0.00122309710455782
4.6755,0.342830333967318,1.33546508087855,-0.00292193674560892
4.676,-0.0893607792802304,1.34152366558787,0.0193798535258913
4.6765,0.475659015948356,1.41493718692235,0.0720435785689333
4.677,0.388937539679196,1.38823251587117,0.0708585095617799
4.6775,0.658300708815798,1.3775453420408,0.0866442206548419
4.678,0.316863047544735,1.32493830874607,0.0689328114731389
4.6785,-0.0160555650238243,1.34700425974116,0.0090915061110593
4.679,-0.467722635362949,1.26090068073973,0.00487914784436495
4.6795,-0.341765417575934,1.28736923406504,-0.0286586922305058
4.68,-0.507627880442967,1.15319796453604,-0.0554533282584337
4.6805,-0.256676097442666,1.23911481303557,-0.0406603576278364
4.681,-0.680224250861678,1.1580751459135,-0.061292673737566
4.6815,-0.693218571463784,1.16934594572547,-0.0164641519873159
4.682,-0.259722951115498,1.17727206379529,-0.0578288973505968
4.6825,0.271043620589336,1.20709690541389,-0.0623349833627696
4.683,-0.303831031940167,1.22922044034789,-0.0348548779198573
4.6835,-0.355290031905194,1.29449954360022,-0.00965230186829516
4.684,-0.411734783497001,1.26757710963089,0.0427259062425436
4.6845,0.0477314168750551,1.29624683292251,0.0604345569792826
4.685,0.467445906324492,1.3154931016021,0.0484526280133109
4.6855,0.305225659790474,1.30574458750896,0.10596848819283
4.686,0.321333295389604,1.27861128497395,0.0872939645156156
4.6865,0.408475247783528,1.28181108663844,0.0479774120480689
4.687,0.494534326344111,1.20624261015683,-0.019788769938136
4.6875,-0.481910519033076,1.18843712852593,-0.0269451270188961
4.688,-0.236156087575684,1.18122556360969,-0.0178985648949903
4.6885,-0.421411220269697,1.13710097201263,-0.0524879115713778
4.689,-0.485533836887153,1.13332057478469,-0.049839443147001
4.6895,-0.991443561274732,1.08687888220198,-0.0524044517193156
4.69,-0.658068236192122,1.07669467545123,-0.0505292881201582
4.6905,0.0317037636740604,1.11230965069623,-0.0545963079493571
4.691,0.00385568818768067,1.1237704267308,-0.037036768440372
4.6915,-0.020892298804505,1.11057758184544,-0.00853649789291554
4.692,0.264996750359394,1.17868065545151,0.00489034444018829
4.6925,-0.138386496547879,1.19990151551535,0.02620958365807
4.693,0.255070501135502,1.17203818589999,0.0669994005509322
4.6935,0.248897535794483,1.16260161831938,0.0929852447730037
4.694,0.529326050354272,1.20503662553317,0.055151770584828
4.6945,0.66425742680326,1.25442182742941,0.0532331916884327
4.695,-0.0139189651650991,1.19343141179103,-0.00347430755343099
4.6955,0.357893828564592,1.20946448452524,0.0173159427715834
4.696,-0.0295079161773801,1.08583052586978,0.00363945311900728
4.6965,0.152211434986713,1.08517587645235,0.00354747684636684
4.697,-0.021631087972206,1.02194857541648,-0.0176185197708895
4.6975,-0.563888135915612,1.08830827521111,-0.0230975569409993
4.698,0.131785271240243,0.992951795536469,-0.0658814373869509
4.6985,-0.674313205019982,1.03841780797938,-0.0823494497225789
4.699,-0.184191599954969,1.06147553348371,-0.0446674424960691
4.6995,0.267555142403051,1.03681159988726,-0.00900356608273986
4.7,-0.376239563884726,1.12905628860074,-0.0102960031255253
4.7005,0.0443194940109527,1.1001326402465,0.0304504528303475
4.701,0.140953125820974,1.10203870795285,0.0493900142172524
4.7015,0.354174777684331,1.15953522876806,0.0661636944804972
4.702,0.492306999528546,1.15325796550948,0.0834059280197052
4.7025,0.258970555225499,1.15421793065447,0.0216068757148902
4.703,0.377051694009669,1.12111378062837,0.0267642784063095
4.7035,0.710928939359629,1.1416972793629,0.00505640524193147
4.704,0.43210237030748,1.0795681364155,-0.00385672231314223
4.7045,0.346378535726112,1.06252659956973,-0.0047993101642213
4.705,-0.0670731163993816,0.970238385781579,-0.0193943573090931
4.7055,-0.465257383601979,1.02596333929133,-0.0360332736008236
4.706,-0.247786081505474,0.960784018530998,-0.072201113545287
4.7065,-0.170722439569556,1.0112406672872,-0.081797065521069
4.707,-0.0341585756006874,0.950434521196605,-0.0664389114543749
4.7075,-0.0142048361788543,1.00423575952223,-0.0382533371218968
4.708,-0.236466170303787,0.95168749024769,-0.00260292637617817
4.7085,-0.279445105079024,1.03453170538053,0.0348468434428734
4.709,-0.173396779777871,1.10314336069642,0.0585403299946514
4.7095,0.12985701635905,1.10861265785464,0.0578698218446586
4.71,0.455943052647439,1.14793211763178,0.0369945736021802
4.7105,0.732371573798409,1.129480982157,0.063408917409674
4.711,0.289498026642204,1.06860172245097,0.0370242058035756
4.7115,0.467719572437768,1.09948984240558,0.0223630885903374
4.712,-0.17891512026894,1.05844794141843,0.015373796610584
4.7125,0.334651506253198,1.08282916507453,0.0145068609191249
4.713,-0.108073509157237,1.01390925790368,0.00901676150855441
4.7135,0.0740368078871392,1.00103177540901,0.000792256136819585
4.714,-0.153549391885647,0.967369949192845,-0.0341431791523685
4.7145,-0.506457659991372,0.930956996503976,-0.0711182134477339
4.715,-0.572103385678782,0.968615929854696,-0.0761874446289042
4.7155,-0.843247746349425,0.98452090623782,-0.0599131115267625
4.716,-0.195138953388743,1.01117450291865,-0.0227826639918931
4.7165,-0.0805911693360031,1.00415447839644,-0.00108689395179314
4.717,-0.0129070434082964,0.997922933954078,0.0362099726064805
4.7175,0.431615832762321,1.08648244519006,0.0410642362774888
4.718,0.288452562251986,1.07205651691509,0.0422077856371452
4.7185,0.511314379558319,1.13529298206205,0.0353543800813537
4.719,0.529240781543194,1.08370411012685,0.0505122203024716
4.7195,0.359091358465463,1.12959984136826,0.0465551362116849
4.72,-0.0186473252808015,1.12107171081754,0.0327242319217803
4.7205,0.229281563622009,1.01056199013067,0.0459162738575429
4.721,-0.149686420734008,1.02809275633465,0.0125341193336004
4.7215,-0.528613370526042,1.01285315580451,-0.0112467511834847
4.722,-0.0221453232062489,0.970958766280803,-0.0367112793095443
4.7225,0.283702057708094,0.919374022267565,-0.0782185552495898
4.723,-0.543674123821594,0.904159428603179,-0.0902050792618017
4.7235,-0.307748725038428,0.989489525208926,-0.0513330323976215
4.724,0.0722495509751636,0.98260327467024,-0.041243872948911
4.7245,-0.659694668160204,0.95064656563275,-0.00229538436146301
4.725,-0.48099865525926,0.995072792832287,0.0338330460061265
4.7255,0.0651059480019266,1.09041276110092,0.0263412296470055
4.726,0.497591549225905,1.06796773907465,0.0314479439551888
4.7265,1.15836824294043,1.13497919207489,0.0432415155322883
4.727,1.14657373971069,1.1444568670887,0.0332073623892145
4.7275,0.581396385533437,1.08964295709793,0.0229653767873841
4.728,0.425352780154371,1.13474277740585,0.0609705012451671
4.7285,0.0226458468362578,1.10358766203515,0.0361848685306696
4.729,-0.40249929192724,1.00718694866648,0.0436261623493814
4.7295,-0.109936055563744,1.03547894123132,-0.0173900744778862
4.73,-0.157509112912505,1.02543521475821,-0.0388353797096251
4.7305,-0.265762779927619,1.01123480009639,-0.0628660229201518
4.731,0.0766842680090616,0.961292094835026,-0.0876639138146381
4.7315,-0.309682406913495,1.00528081177601,-0.0564454073608264
4.732,0.110372352955727,0.951708547674299,-0.0596023431703511
4.7325,-0.00937862867234873,0.984089996429244,-0.0539466849307714
4.733,0.116502352725138,1.04837508059882,0.0202131403874772
4.7335,-0.308246345763545,1.07252227552888,-0.0133812773592033
4.734,0.363924394921435,1.095641664555,0.0153994349900124
4.7345,0.428721229701529,1.16340182440659,0.0219875033976288
4.735,0.151654863217806,1.17687763041456,0.0381407441380302
4.7355,0.438134860127629,1.14156766685478,0.0376131091522393
4.736,0.423896228190613,1.13805461514513,0.0666413151469818
4.7365,0.37266842625656,1.18088304445394,0.055347483115941
4.737,0.306940420343531,1.13559879052717,0.0300533984845393
4.7375,0.292459314546749,1.07987716131944,0.021230367681859
4.738,-0.106044641076654,1.02949086752256,-0.0295870087824379
4.7385,-0.0989278044743842,1.05392825980181,-0.0544427426276926
4.739,-0.307415156372001,1.01734725308936,-0.0755676473706544
4.7395,-0.0954821851732777,0.99647341077572,-0.0792137841208177
4.74,-0.47513290648249,1.03407022273611,-0.0228930013143291
4.7405,-0.000666905116004868,1.05556970900042,-0.0452329539885107
4.741,-0.468831571442756,1.08592446606312,-0.0103212485456181
4.7415,0.178183742042414,1.0962607749867,0.00777274009886902
4.742,0.0505183835975302,1.15263135499864,0.0282053033105757
4.7425,0.27833391558283,1.18230651279604,0.0183215957226244
4.743,0.203334670557815,1.20283516819854,0.0441350795823912
4.7435,0.30440648884843,1.22348063928175,0.027090116969264
4.744,0.415172504660651,1.21429070743795,0.0843257721514769
4.7445,0.505810987080008,1.25853588330956,0.0692469709118841
4.745,0.422403930055713,1.21865157394159,0.0532387216439704
4.7455,0.173028520169573,1.1555088318661,0.00701341495041667
4.746,0.270746766932926,1.19999927662085,-0.0262090558504005
4.7465,-0.0711483867486215,1.07449988197947,-0.0514389590936019
4.747,0.0416988232051835,1.09707389319423,-0.101841936039759
4.7475,0.149412768905093,1.12551820078731,-0.0721317132277048
4.748,-0.635697919830255,1.15475758953582,-0.0758811058669108
4.7485,-0.591062655644993,1.09612137403618,-0.0223069222547163
4.749,0.0785278341914797,1.1987392058143,0.0065970762572735
4.7495,-0.16358609562144,1.21255450978541,-0.0170172753861009
4.75,0.119293120155824,1.22821531739323,0.0031204921695776
4.7505,0.516901993420157,1.2285866354967,0.00346916402907265
4.751,0.0739595904470547,1.26534450260212,-0.000976799231094106
4.7515,0.0655808658717665,1.34020819487125,0.0493274864083243
4.752,0.363095057574037,1.33957836001128,0.0447535518669326
4.7525,0.371506236281357,1.30811904237635,0.0365804753182727
4.753,0.393487841229817,1.29433104139725,0.0697218844231086
4.7535,0.290438339289689,1.31681093153237,0.0358513465327147
4.754,-0.313626825434783,1.26576708460527,0.00185144880306021
4.7545,-0.135619543552542,1.22181937294386,-0.0526674339325815
4.755,-0.260478815323469,1.2033176012048,-0.0518066618111807
4.7555,-0.873419674377479,1.19786764322824,-0.0707103794653779
4.756,-0.663414166916599,1.15726470685625,-0.0668968097842829
4.7565,-0.141595822267892,1.1665328418476,-0.0554930871925231
4.757,-0.562699241105267,1.17120992294523,-0.0216940245051426
4.7575,-0.139456890011195,1.22975634174172,0.00257016468689289
4.758,-0.524420957890985,1.24515194769002,-0.0408738517965506
4.7585,0.116332942820739,1.29888780807818,0.000322542542234334
4.759,0.384334622920403,1.28076692064814,0.0058399299369709
4.7595,0.547632902055329,1.32245570005686,0.02897485512417
4.76,0.214733029623264,1.39185341149521,0.0691415558873493
4.7605,0.0944232776736598,1.37959219107605,0.0740503488908887
4.761,0.503780435646147,1.41081386042349,0.0690323358191102
4.7615,0.221562098210578,1.38489664665306,0.0719649543043688
4.762,0.139523396013688,1.33135855004905,0.0183316110082893
4.7625,0.307229237006189,1.32161640710442,-0.0178438190612132
4.763,0.331464241054247,1.27775322906313,-0.0102703567433125
4.7635,-0.451382549383068,1.24911662295507,-0.067053690277252
4.764,-0.429727050802069,1.21539896050199,-0.0605920117882143
4.7645,-0.317774861566986,1.25907361472749,-0.0304566260987263
4.765,-0.155183357448423,1.26859427297377,-0.0194148462580969
4.7655,0.0739223749944755,1.25831950884278,-0.0388042302575743
4.766,-0.0216243168541803,1.28689658563506,-0.0469780589451383
4.7665,-0.149679121459587,1.32911200103088,-0.00579852914403353
4.767,0.334991130040566,1.38042215925454,0.00111070512335287
4.7675,0.344819855249427,1.34773452854821,0.0293696533236261
4.768,0.245932571396618,1.40571374469505,0.0431324886773424
4.7685,0.481619141936444,1.43939124134415,0.0900804008432106
4.769,0.383555736172843,1.44244719415468,0.0669696321902785
4.7695,0.742168034979049,1.44083234279198,0.0716629600828569
4.77,0.136561200637053,1.40808316434854,0.0322280019124868
4.7705,0.401042219177777,1.36523345455282,-0.0106420935616296
4.771,0.254109678855184,1.32944654222969,-0.00790395543778595
4.7715,-0.296501582151117,1.36029045292102,-0.0317702493849623
4.772,-0.0909568721359777,1.31900386742893,-0.0254239784439066
4.7725,-0.0975279556316228,1.31514319842534,-0.034995350135335
4.773,0.0713327816448543,1.32675264552505,-0.0198224297521296
4.7735,-0.630523151121171,1.29795336170751,-0.0311869098994147
4.774,-0.433295247023527,1.30410617362234,-0.0443390887034728
4.7745,-0.0843818347128382,1.3475185084192,-0.0436117289691868
4.775,-0.59155516793557,1.39007402327839,-0.0106629024795774
4.7755,-0.257066503819392,1.34897731194361,0.0194358456597364
4.776,-0.220496210883932,1.45454856774357,0.0544203717048795
4.7765,0.480999544273757,1.3966613541216,0.0498255679140308
4.777,0.17995364273853,1.45243467120521,0.0656121421458466
4.7775,1.07208888622344,1.44604045118834,0.0954752822503486
4.778,0.463365522467075,1.38080644102243,0.0518615508131492
4.7785,0.366519368194662,1.40315855045813,0.0202111284901829
4.779,0.00238196481752657,1.40383129733129,-0.00908612970914674
4.7795,-0.162205670919152,1.38445054368892,-0.0084575500265847
4.78,0.00512419983989906,1.30365144242009,-0.0165837794830174
4.7805,0.00980284231210571,1.2730892954153,-0.0258058206746603
4.781,0.0330908462604053,1.34215218466884,-0.0363335338725076
4.7815,0.0121432366229069,1.30391655503329,-0.051357326171945
4.782,-0.0118914429636816,1.29360349059733,-0.0545675354791281
4.7825,-0.204593708442652,1.32317346067889,-0.0618293819716313
4.783,-0.0904595172910729,1.3407138004448,-0.060600222923782
4.7835,-0.177497782171007,1.39733386986276,0.0126938507118664
4.784,0.128913254551561,1.4368226795495,0.0339483580874474
4.7845,0.358033062749442,1.38969918249255,0.0467940078828121
4.785,-0.027078739808487,1.39402523896818,0.0744026356607812
4.7855,0.234417603330742,1.45440625090402,0.101283221406857
4.786,0.203136473943602,1.43550545049638,0.0566393865693762
4.7865,0.254172214727088,1.47065404066073,0.075451538044348
4.787,0.04232637459115,1.3953149062619,0.00929708583489336
4.7875,-0.0807750527870829,1.36264347546398,-0.00322914057025809
4.788,-0.451218532389273,1.30890112966378,-0.00237725239321132
4.7885,-0.520262515280349,1.35738304106566,-0.0122055746449115
4.789,-0.628340498338384,1.32751476643795,-0.0318100416468176
4.7895,-0.258951850390578,1.27492460473014,-0.0390559796132536
4.79,-0.21207867418033,1.27569987366071,-0.0883068769472453
4.7905,-0.727603627342846,1.32124529683212,-0.0585664710489377
4.791,-0.443000691961902,1.2844385370272,-0.0363382860516513
4.7915,-0.134494455348792,1.33315931440822,-0.0249973714713118
4.792,0.219464633411891,1.35769785645503,0.00841729829110411
4.7925,0.249980608484645,1.39543805155521,0.0238459903142212
4.793,0.499078368838209,1.49251709271326,0.0804272497049763
4.7935,-0.00789229332522601,1.38748980755893,0.0700946900955392
4.794,0.166202685914046,1.37762151651136,0.0847826123824237
4.7945,-0.0539665814282869,1.45814157302816,0.0376979394247536
4.795,0.219932427067306,1.38407731382012,0.0132069949376795
4.7955,-0.120117505412474,1.37446148075791,-0.0297336952711349
4.796,0.148462478898815,1.29015150700609,-0.0174650847403975
4.7965,-0.584164072749784,1.26890529278739,-0.00967980333623886
4.797,-0.238587389310394,1.26978520042694,-0.0405907376458479
4.7975,-0.859910814319794,1.23372824478017,-0.0370615635916595
4.798,-0.562334246369302,1.2865549624924,-0.0498622684048844
4.7985,-0.323374245457917,1.26050571906945,-0.0778918662814383
4.799,-0.130190980249477,1.24452060589505,-0.0509164644493319
4.7995,-0.040484093608911,1.25977092939248,-0.0122184005579693
4.8,-0.439467631258303,1.29412632856527,0.00659600051315341
4.8005,0.241613788755791,1.35282795060813,0.0319382959084346
4.801,0.429437932992581,1.37111763044313,0.0480658554793257
4.8015,0.103788040563061,1.39102014248255,0.079194524269506
4.802,0.588592363236503,1.33628868303525,0.0481627871706272
4.8025,0.178188035401035,1.3515370607041,0.0344428321158972
4.803,0.0462662181883476,1.37835943878826,0.0214682284183962
4.8035,0.208166369592503,1.2726489783494,0.024445797024785
4.804,0.206192309314023,1.29837401859327,-0.016000495782068
4.8045,0.0322908880214496,1.21979701822737,0.00703252893497497
4.805,-0.122401542877666,1.24456936762308,-0.0035503018785638
4.8055,-0.134814786444795,1.1848016221945,-0.044700857144846
4.806,-0.406463945568959,1.23226128863777,-0.0738558803070481
4.8065,-0.157201138536271,1.16900808635585,-0.0625569834895114
4.807,-0.126991785992219,1.20163501145468,-0.0977254876635281
4.8075,-0.586706819253338,1.16398264584117,-0.0591987025006616
4.808,-0.227964321944938,1.20845472057855,-0.00453663913087751
4.8085,0.277939384041993,1.25646485102424,0.0159424548410309
4.809,0.0707139152529123,1.19328639348094,0.0521170611344394
4.8095,0.10363638963713,1.28930431679264,0.0768368152562171
4.81,0.253710842787947,1.27685469520495,0.0600260597161349
4.8105,0.565657631104517,1.28450053505764,0.0497345208907227
4.811,-0.0117300849404547,1.29196303320911,0.0307776276586975
4.8115,0.423937572197828,1.31936939039312,0.0505528021104324
4.812,0.322970996095187,1.19795474095159,0.0435732434229234
4.8125,0.127475973968081,1.19014946973483,-0.00447788041741708
4.813,-0.285713648104275,1.14908039531007,-0.0119319556452846
4.8135,-0.510825825659279,1.12258690091792,-0.0240150880458449
4.814,-0.074444140535348,1.12393802458834,-0.0537559157060176
4.8145,-0.230568401332023,1.12516912795455,-0.03642179582783
4.815,-0.286842585548247,1.10383021480625,-0.0664867166103666
4.8155,-0.211860032966288,1.08130352085057,-0.0726873265536391
4.816,-0.0587462631358418,1.10778549680233,-0.0535614019346952
4.8165,0.0496491815774355,1.17802285807661,0.022254121781314
4.817,0.38220704149297,1.17617809461919,0.0382689310059833
4.8175,0.361653496945399,1.21271154440166,0.0636894290743016
4.818,0.303338725032059,1.24727151722217,0.040568861359888
4.8185,0.572186732107012,1.24607155914818,0.0342098085796975
4.819,0.801511825915317,1.17511946892809,0.0518332366168743
4.8195,0.344367925495896,1.23098213472048,0.0288553659649933
4.82,0.44296646863409,1.16511958000059,0.0366924139602049
4.8205,-0.189941242524946,1.16714493450326,0.0200277969302497
4.821,0.245547601531634,1.0968446884631,0.034880284592078
4.8215,-0.302295698296744,1.09253943107007,-0.0127427698862448
4.822,-0.340740520170385,1.01695537691721,-0.0568118198878476
4.8225,-0.145519373481038,1.08350757687395,-0.0689912713826031
4.823,-0.433919787912266,0.985429286983911,-0.0970359296871604
4.8235,-0.845959468083151,0.988880131449273,-0.0584118451687109
4.824,-0.724027546007728,1.01522158868128,-0.0279364399182622
4.8245,-0.468733792687881,1.06697014232162,-0.00158382026573559
4.825,0.136553406699303,1.12019443084017,0.0139916068005681
4.8255,-0.00212630166620729,1.1199825376787,0.0688490928958052
4.826,0.144505341429583,1.14968191467346,0.0445866434824343
4.8265,0.0318772341274347,1.12646467480454,0.0274241854407343
4.827,0.801222148775023,1.14937467843065,0.0246697242214651
4.8275,0.2555454996332,1.16790281921944,0.0517073985245274
4.828,0.0543220570910299,1.20275165684781,0.0505744750695742
4.8285,0.224629921097464,1.09155898682161,0.0123389081453513
4.829,-0.351326753703072,1.02964069404775,0.0301409482406042
4.8295,-0.213122145615928,1.01007356022942,0.019291105548459
4.83,-0.170380950102891,1.02921619533816,-0.0159487511916992
4.8305,0.242186202263325,1.02249507493527,-0.0330100778440377
4.831,-0.25129293375643,1.01655273877245,-0.064333551433784
4.8315,-0.247560292513735,1.00779874540245,-0.0702339253048001
4.832,-0.0854484438782874,0.992150685173584,-0.0418207197650563
4.8325,0.0649513570818919,1.03777630386274,0.0106680789246603
4.833,-0.216329207383702,1.04740869857461,0.0191638862223934
4.8335,0.130783270465401,1.06529163012661,0.0123574502033597
4.834,-0.263993277157536,1.10876439655289,0.000968687686708186
4.8345,0.374033016615098,1.07231955835628,0.0247227131857919
4.835,0.0321177681944928,1.08953199182381,0.0527017729178285
4.8355,0.290169034572817,1.11586437483692,0.0125424523958072
4.836,0.351273007310214,1.09277910081003,0.030466631153528
4.8365,0.015336226731011,1.06520844482949,0.0428193987589137
4.837,0.441066297748385,1.0940838734972,0.051679400380431
4.8375,-0.128878312324702,1.01657657735495,0.0300522055110391
4.838,-0.279846547296858,1.01996132381568,-0.00690726440403604
4.8385,-0.0570286910462057,0.918973447375772,-0.0495361258271427
4.839,0.0302230357873251,0.978083662812813,-0.0973190007662951
4.8395,-0.285852428119105,0.927106165942072,-0.0471114420124613
4.84,-0.577775348948638,0.879281655536277,-0.0416940781532663
4.8405,0.00561335876431618,0.942210768691085,-0.0173694563928004
4.841,-0.347876492809031,0.97517288833949,0.000291497006730495
4.8415,-0.547779169090259,1.0420953567842,0.0165641251162949
4.842,-0.166241956906106,1.05294898585969,0.0209230425814141
4.8425,0.579709912859737,1.05148984190422,0.0366790670377272
4.843,0.793926672046057,1.09326481841346,0.0261955055229068
4.8435,0.378450490744521,1.09095526584115,0.0567384813393517
4.844,0.347608276035115,1.09651210243678,0.0839104318996186
4.8445,-0.166165416061399,1.11261393493153,0.0435226070975532
4.845,-0.255034500341516,1.08814006200626,0.0485832825737781
4.8455,0.269605246521851,0.993909121544936,0.022592773415462
4.846,-0.103801200369826,1.04945664700511,-0.0253927925041223
4.8465,-0.354128093760346,1.01312924532389,-0.049097991565916
4.847,-0.384827250775286,0.957569441930477,-0.0705553858094982
4.8475,-0.431987116167406,0.920217291140495,-0.071920974216103
4.848,-0.36025307695247,0.937931672830791,-0.0573935529740521
4.8485,-0.571650624835971,0.959015127718788,-0.000226908546475675
4.849,-0.173482865273717,0.926846312680352,0.000670837188874777
4.8495,-0.0517951318138362,0.985679083424059,-0.00743115296483646
4.85,0.206312686311745,1.02897883391327,-0.005162216377442
4.8505,-0.00424335191671983,1.07816732924605,0.0218216143250823
4.851,0.622798940084222,1.11545970635746,-0.000783040604571551
4.8515,0.215261221261179,1.14237775571347,0.0241018883813659
4.852,0.462977793643413,1.16753032729951,0.0501601228505049
4.8525,0.198894883966594,1.08703485256762,0.078440452704452
4.853,0.680570335384089,1.06931571560099,0.0680940551160879
4.8535,0.0394332945255179,1.11986220941569,0.0455041369510285
4.854,0.273290946030495,1.00904243812729,8.09466189291468e-05
4.8545,-0.170954225565632,1.00112851856623,-0.0408611365900944
4.855,0.0427987123745373,1.03304732788657,-0.0728406896382811
4.8555,-0.00501032047905564,0.935296509363756,-0.0845635619696889
4.856,-0.36307396687637,0.996987391280913,-0.0409653393183324
4.8565,-0.406577233537521,1.00922817215016,-0.0243123570567867
4.857,-0.418169804629776,0.95764753023265,-0.0148081812154555
4.8575,-0.240957883058058,1.03941636851777,-0.031462125778034
4.858,-0.189892995765942,0.991318058370729,-0.00885474117755964
4.8585,-0.428874977997385,1.0575458205906,-0.0213972584108506
4.859,0.0904679901754651,1.10809036814453,0.00519777008777568
4.8595,0.326004787121519,1.12614288194473,0.0244102091916153
4.86,0.124234390396268,1.16330901750142,0.0539932572607243
4.8605,0.166790239969386,1.16470509388836,0.0538091843231766
4.861,0.145423235175706,1.18192421076842,0.068673173836775
4.8615,0.214771430562302,1.10645873791045,0.0542263948487948
4.862,-0.0837646637247634,1.10519920489193,0.00951908153583628
4.8625,-0.311223480779307,1.13666783264591,0.00778911135597426
4.863,0.265004832369262,1.08222444182997,-0.0661743724536174
4.8635,-0.363949439720343,1.05454628546222,-0.0818968646304321
4.864,-0.161412751057274,1.03273100051307,-0.0306802144204443
4.8645,-0.6203163013028,1.07295644771653,-0.0386582012088124
4.865,0.182217369148789,1.10010804412223,-0.0472561951627264
4.8655,-0.250312996177562,1.0185106557747,-0.0314871745969189
4.866,0.133304419861376,1.09007443034226,-0.0251179053482765
4.8665,0.151738546488046,1.1531605147233,-0.0157089879312288
4.867,0.0794155722273467,1.16233156251848,-0.00113272188830412
4.8675,0.271276350515968,1.10039032426971,0.0219582476025807
4.868,0.121071178615917,1.18234056498126,0.0570647012098628
4.8685,0.349981359049731,1.20706357484998,0.0587465115599455
4.869,0.535625272307145,1.21749616832541,0.0677586597041578
4.8695,0.142563925404039,1.25649088896391,0.0692122439396959
4.87,0.0499518200590398,1.26334811222797,0.0397314517897749
4.8705,0.030184604621605,1.19388614310478,0.00158109308366069
4.871,0.149095287433429,1.18185591343946,-0.00138837631591711
4.8715,-0.403897698034632,1.16709030135105,-0.0273964282105258
4.872,-0.514815745788219,1.09594921641175,-0.0321811376578304
4.8725,-0.383781252445405,1.08070123904287,-0.0309633886142205
4.873,-0.392575362388076,1.10629132407997,-0.0580392029157479
4.8735,-0.123303554863426,1.13025640786123,-0.020736084544145
4.874,0.0455722597610693,1.10044446920188,-0.0528213615435713
4.8745,-0.386949405540521,1.18957726819667,-0.0327960947229489
4.875,-0.47615165529647,1.19361094122509,-0.0212216288677975
4.8755,-0.27242221407304,1.21611236728393,-0.0140765212624034
4.876,-0.0759522998795049,1.29458988587088,0.0250756845132188
4.8765,-0.0268225418292691,1.28929856355755,0.0756323050922214
4.877,0.304027519217623,1.28791058927209,0.0921762860119119
4.8775,0.207364823177429,1.28890041626974,0.0855466966061985
4.878,0.652790397732227,1.27821265718356,0.0667857531300538
4.8785,0.34176133838161,1.30016715639949,0.0318559709190413
4.879,0.0343854139363008,1.1926937878267,-0.0177508943611046
4.8795,-0.390828326693003,1.20612754736219,-0.0372592617329011
4.88,-0.152491588159641,1.13932970436399,0.000865171919840139
4.8805,-0.188797839243496,1.21059067055124,-0.0393541279827932
4.881,-0.209173087022302,1.13274267294018,-0.0568222912398271
4.8815,-0.412168355667391,1.15434459661567,-0.0765474852995605
4.882,-0.525648181024509,1.16485386049818,-0.0414675518331046
4.8825,0.200418568843729,1.25069384580319,-0.0325407523007845
4.883,-0.218434492912889,1.24862057765999,-0.0247545246008113
4.8835,0.0516940528605837,1.2774939185648,-0.007266163760434
4.884,0.330313791841412,1.29949521009327,0.0186278455694112
4.8845,0.257543862540728,1.36953470644166,0.0585417642646893
4.885,0.117816135599694,1.32076162241928,0.0922506795906496
4.8855,0.73385178400605,1.35055048817587,0.096567524154796
4.886,-0.402092232267367,1.38499993884624,0.0662980764302519
4.8865,0.340400178153308,1.30422565043416,0.0406687201515223
4.887,0.496254336596208,1.33201763065181,0.00059719108057152
4.8875,-0.0334759438496179,1.29151702740069,-0.0132585413771049
4.888,-0.148028155213576,1.3323369691687,-0.0298038183237876
4.8885,-0.377016705625168,1.29226368619261,-0.0276348288674866
4.889,0.313744380683111,1.24452586365033,-0.0273439349683047
4.8895,0.0810824823909596,1.2502945589461,-0.0187962939104089
4.89,-0.3175063638372,1.23936585170075,-0.0477035050364116
4.8905,-0.313970583311272,1.35947596946546,-0.0367964315270582
4.891,-0.361205171456582,1.28526858190697,-0.0581705909296919
4.8915,0.343645591440773,1.26229190477111,-0.00988738534985733
4.892,-0.320836376060869,1.33791219012256,0.034497591647687
4.8925,-0.0256498189510226,1.37208380746931,0.0614732420787097
4.893,0.164586741367399,1.36124976348894,0.0831395834799971
4.8935,0.0465250644444279,1.43127851602128,0.0750131253286124
4.894,0.0136721280265113,1.46726869387378,0.0331293175489611
4.8945,0.450892649622127,1.40158082686383,0.0399997123658528
4.895,0.173271529820627,1.36012854365767,-0.000350637190917713
4.8955,-0.0408917795898893,1.3521696020222,0.00201260127190369
4.896,-0.104812319362753,1.35645975197926,0.00230507362635804
4.8965,-0.18299394387333,1.31641870139993,-0.0260660512918752
4.897,-0.487075575144734,1.24051251059954,-0.01270581218396
4.8975,-0.361170513107541,1.30364647689817,-0.0346938419001841
4.898,-0.538599857740019,1.30238670105988,-0.07416942132026
4.8985,-0.0910758513983674,1.23986409291101,-0.0563944976621725
4.899,-0.0995147403100842,1.31837206044105,-0.0708768900046115
4.8995,-0.206066475723168,1.36294652998299,-0.0656457297028291
4.9,0.0827906044625655,1.38814875533029,-0.00691334784573085
4.9005,-0.0937024594922467,1.38934208930443,0.0383370187673861
4.901,0.0690087536588412,1.45583130404245,0.0559993271656776
4.9015,0.13765677507972,1.40787726267855,0.0692566741577397
4.902,0.374831238108949,1.39654796251775,0.0794415594238755
4.9025,0.321169248415592,1.48319823611926,0.0402980058426662
4.903,-0.257660629098751,1.44251931994591,0.0247069436612172
4.9035,-0.0892059594034696,1.43730174417099,0.011621941369149
4.904,-0.0814551267929438,1.36204998154225,-0.00890179080873173
4.9045,-0.134246751135988,1.40781520401079,-0.00178546224528642
4.905,-0.318432632931981,1.3149220273565,-0.00295730498996656
4.9055,-0.109382622040882,1.33225322661024,-0.0416340738294929
4.906,0.00643766293405273,1.26761638933561,-0.0702310961767337
4.9065,-0.0656884977401804,1.27150403456122,-0.079708199431564
4.907,-0.176101242590705,1.28512073455696,-0.0604679062072198
4.9075,0.0807283139684261,1.32417721517265,-0.0504249976858733
4.908,0.215320551159087,1.372869763979,-0.00621628263829471
4.9085,0.17918613194736,1.41941109359536,0.0159969655359158
4.909,0.654460722654967,1.44678774458934,0.0433862577751163
4.9095,0.185551210170051,1.45724161392651,0.062021320194056
4.91,0.394008934310749,1.47053911860035,0.0608351480257496
4.9105,0.208331195839434,1.44800884524665,0.0472139009562305
4.911,0.133051738843508,1.4293383352876,0.0198568118221645
4.9115,-0.0241063262867997,1.4261215859065,0.0308586053161527
4.912,-0.0716244853916178,1.41811785133755,0.0198126912355977
4.9125,-0.3208867064559,1.35333318865784,0.00186892201113737
4.913,-0.194019543273885,1.39044158519385,0.0160990950599054
4.9135,-0.397511210407652,1.36069471085306,-0.0479629846953936
4.914,0.0975843642490148,1.317545510612,-0.0673357590082453
4.9145,-0.189675592907261,1.300516138026,-0.0585930387784515
4.915,-0.79003256349765,1.26060357094247,-0.0680291355312393
4.9155,0.0439272357026144,1.22611663167713,-0.0595648384275992
4.916,-0.288730714625012,1.29604738733363,-0.0291950771082708
4.9165,-0.434847682410192,1.30585941186934,0.0192919214072091
4.917,0.212874285667824,1.3973498570268,0.0593857168993604
4.9175,0.49552018155948,1.44786130264895,0.0472598133240475
4.918,0.34471087591498,1.42583582581945,0.0671868795360068
4.9185,0.417124639256185,1.41318276861735,0.0500408691250475
4.919,0.116509766336881,1.392574536723,0.0170915255087215
4.9195,0.234273824287852,1.39264414089731,0.033323872104708
4.92,0.164498138612519,1.40673558902929,0.0300596099210988
4.9205,0.0222232875786243,1.35478012067124,0.017522786120246
4.921,0.142995227275082,1.37913112823175,0.0108924746735556
4.9215,-0.348132264825845,1.265107660132,-0.0139101236414531
4.922,-0.328257780620033,1.18396821227043,-0.028810751280294
4.9225,-0.417543345757662,1.2514184994199,-0.0828637792464314
4.923,-0.216951844759656,1.20921605901601,-0.0740904625488678
4.9235,0.0240678074524716,1.25992703440438,-0.0882456288168551
4.924,0.224208374180951,1.26271143921084,-0.030228607761133
4.9245,0.404671776618067,1.32573475286869,-0.00641529320273533
4.925,-0.251141626991538,1.25069601806626,0.00952310604590013
4.9255,-0.0645927330496434,1.34518576325118,0.0250198863865262
4.926,0.705265009330101,1.37394999009893,0.0601946556313643
4.9265,0.384238895387947,1.32788007035116,0.0571404091442887
4.927,0.182057744959576,1.40232599769506,0.0586589937983259
4.9275,0.655423027039731,1.42935865062311,0.0358247409003442
4.928,-0.141268302048413,1.35035046653206,0.0562339801551924
4.9285,0.0385135444181766,1.34843329531309,0.0415854444990792
4.929,-0.19424099152365,1.2903846846062,0.0360456653206802
4.9295,0.200002516061356,1.20502629360285,0.0111052940030487
4.93,0.300786431409001,1.23638039733033,-0.00388036486487072
4.9305,-0.0851317865354951,1.17916474887863,-0.0646190283332676
4.931,0.0595114346456005,1.1690375828314,-0.0818361446476428
4.9315,0.0761670180115112,1.18941846779793,-0.0891502938317028
4.932,-0.0963097923769463,1.2052348735186,-0.0546170028485687
4.9325,-0.315376618287623,1.14806011765095,-0.0107003850365034
4.933,0.147341788170731,1.2692595737969,-0.00238480878251413
4.9335,0.122641525294484,1.26677625373937,0.0242821953440949
4.934,-0.125783240200177,1.26288110228017,-0.00932943788444523
4.9345,0.106971200630449,1.31762375685021,0.00695899062296126
4.935,0.678291389020553,1.2697270673568,0.0435028501788638
4.9355,0.0311722000221922,1.29953198273327,0.0664884859044057
4.936,0.370384596820885,1.31227285978333,0.0444324310215454
4.9365,0.0285960311063847,1.25297753386833,0.0605983144800176
4.937,0.257713391818875,1.22654193640213,0.00819445790936176
4.9375,-0.246060480745814,1.17359187412937,-0.0101951007036795
4.938,-0.431831528925259,1.17464841090387,-0.0114039507898581
4.9385,-0.163347134801689,1.12742473189361,-0.0476860853761634
4.939,-0.510657580803244,1.10825230553081,-0.0447632655452744
4.9395,0.00845191918967525,1.15355205343192,-0.0483983084488461
4.94,-0.173512158541723,1.11645607387368,-0.0722595754727277
4.9405,-0.331388433650602,1.09437446465325,-0.0427993522179087
4.941,-0.240473505043483,1.14421767785683,0.000141786644068899
4.9415,-0.539573684549672,1.09604822702945,0.0075471484423832
4.942,0.0767556586943917,1.12517563440344,0.0216859629099704
4.9425,0.733548180418813,1.18361420204904,0.0272858831020347
4.943,0.346359283280654,1.18846278244992,0.0329531943212074
4.9435,0.0572992533678178,1.21154489082983,0.0515390001345398
4.944,0.397015362709614,1.24625202289571,0.0674228676272531
4.9445,0.451468880374239,1.21545330657093,0.0771801263771078
4.945,-0.143282287895125,1.12570820501679,0.0392547802209453
4.9455,0.21098285433445,1.13943227982661,0.0226491267144136
4.946,0.317088778514001,1.17105365269622,0.00470708209748137
4.9465,-0.0964997735075586,1.05992578243039,-0.0299853664139842
4.947,-0.3206556548586,0.971929016813469,-0.0549981103571127
4.9475,-0.556577665378043,0.971460113575315,-0.0903262746832283
4.948,-0.3003775843669,0.992343930827628,-0.0496597459530902
4.9485,-0.540899201596771,1.05387587508968,-0.0416563311515059
4.949,-0.300992914055841,1.02801732028208,-0.0180616910886896
4.9495,-0.221325300121385,1.07539767081738,0.00295645144675274
4.95,-0.011826324939094,1.0884344885839,0.00649170673717912
4.9505,0.233536869609085,1.10594129765535,-0.00137055804014098
4.951,0.112502209721926,1.18591071028832,0.0417282116253375
4.9515,0.30527661443125,1.1119559407093,0.0195128422542585
4.952,-0.110981891005417,1.11904412751212,0.0453111957993023
4.9525,0.553054965628915,1.14339219294109,0.0687234217337095
4.953,-0.00283752700870304,1.16281229556144,0.0756428164057379
4.9535,0.0829827487252805,1.14307182606778,0.0152590996508102
4.954,0.082306688280169,1.01652393434012,-0.0292988357240878
4.9545,0.144687273083726,1.06113843806968,-0.00556632659051724
4.955,-0.387029373120748,0.98960429095291,-0.0601427117155775
4.9555,-0.261539919309693,0.981915716000728,-0.0780915640960402
4.956,-0.458961226751101,0.918267198085894,-0.0344263958841699
4.9565,-0.583726729601031,0.962540814141255,-0.0162679576166128
4.957,-0.27718842804547,0.95617235269831,-0.0183464578652963
4.9575,-0.229249832789781,0.977645317014607,-0.00858496369995391
4.958,-0.0891195709461273,1.06905960490855,-0.00737423719876496
4.9585,-0.217842396435016,1.08798868057564,0.00201333156000601
4.959,0.0242491267433755,1.09562318033085,0.00407005067638587
4.9595,0.327738315598997,1.06415929702848,0.0320011161672426
4.96,0.475307843150938,1.0759506457449,0.0551631466407521
4.9605,0.248913945822382,1.12381809537501,0.0765684693541915
4.961,0.784441368440722,1.04694264015384,0.0813184825943919
4.9615,-0.0370713961277671,1.08363763699524,0.0556527170745993
4.962,-0.218472468184532,1.03660719347241,0.009598963590938
4.9625,0.408692054106829,1.03980820760767,-0.0183954816582403
4.963,-0.348503446668391,0.9616791867646,-0.046351865055175
4.9635,-0.264147402151842,0.965865637618791,-0.0674460211551748
4.964,-0.534480428502736,0.898767310788377,-0.0567128255721294
4.9645,-0.609441537151383,0.946244159693923,-0.052696105102438
4.965,-0.494518344905861,0.939990235786693,-0.0518565966642506
4.9655,-0.284659730739728,0.908336476480289,-0.0109586333108318
4.966,-0.264428179190804,0.977132425505253,-0.0274731217398481
4.9665,0.177136269595548,1.01406221065834,-0.0495152420598033
4.967,-0.0259339318206307,1.0135649927616,-0.000550819173240055
4.9675,0.503239299666856,1.09154685918623,0.0200029573490073
4.968,0.0614784727362916,1.06689656023843,0.0568861472069987
4.9685,-0.0792240424507277,1.04195153543096,0.0843522295303239
4.969,0.384327549924764,1.08711999313341,0.0620652429780126
4.9695,0.597007773929167,1.05821728896551,0.0951515040662681
4.97,0.127604568016108,1.04570670744806,0.0425701121768949
4.9705,0.387438190188073,0.994662535482028,-0.0174456408467743
4.971,-0.100466047078438,1.03545126150791,-0.038313050437013
4.9715,-0.310373410176214,0.941680877074026,-0.0461663660938175
4.972,-0.552987553477903,0.956576405518046,-0.0293006764394759
4.9725,-0.0326803360588608,0.938173082959935,-0.0213297688590433
4.973,-0.639091550600768,0.960079874146221,-0.0367740623298447
4.9735,-0.367219137754989,0.922969968837267,-0.0336774752674248
4.974,-0.410903685789721,0.983322003608082,-0.0567113890353113
4.9745,-0.309482648679828,1.02499979504418,-0.0312971999934738
4.975,-0.0709214272644951,1.02143679955242,-0.0584670074820342
4.9755,0.151970394439076,1.04657031632985,0.0102151181687368
4.976,0.274936612982344,1.09984172688179,0.0610134952093693
4.9765,0.0742484539735867,1.10240950822437,0.05145994574304
4.977,0.399896967630016,1.17153225324645,0.078410905515714
4.9775,0.428584012969246,1.11698151537574,0.0589024351396257
4.978,0.207814402811306,1.03862102321599,0.049911951388476
4.9785,0.095015942547422,1.10036761241203,0.0127035408449014
4.979,-0.262811410901248,1.07339607964398,-0.0230428393275111
4.9795,-0.000763877412866487,0.993092393058752,0.00248436339630573
4.98,0.226392299806557,0.981165318050099,-0.0427043944858503
4.9805,-0.0786228242031819,1.00707502277413,-0.0664737304798029
4.981,-0.338052183825832,0.9446911824564,-0.0439824238058347
4.9815,-0.165127199322971,0.959709757943303,-0.0585138312292729
4.982,-0.219495144258416,0.997457393748488,-0.0637893678526617
4.9825,-0.0417648602876375,0.979103797817126,-0.0276959432024668
4.983,-0.0474360288282043,1.05123879000282,-0.0604698324503692
4.9835,0.0418206157825838,1.0754996305751,-0.0148365789278004
4.984,0.548993078819353,1.16110145500673,0.0178300793782438
4.9845,0.27311507593294,1.14811659783319,0.0205023852567185
4.985,0.458653982064254,1.13408663170542,0.0935297782419081
4.9855,0.508270454199931,1.18627536000648,0.102647977084339
4.986,0.61615326811478,1.14088712759898,0.0575076727436974
4.9865,0.176224829102811,1.17330703998605,0.0159941005834755
4.987,0.272790721175714,1.07352187112067,0.015017108216987
4.9875,0.0163985670877492,1.12538739065587,-0.0113583764506507
4.988,-0.236370433042377,1.08074949047316,-0.0237470375897058
4.9885,-0.240547007375454,1.06500750518119,-0.0119522446650679
4.989,-0.133032565008485,1.02040853928338,-0.065309730745708
4.9895,-0.50011105053744,1.05161625187402,-0.033357096068196
4.99,0.0972915032053272,1.03483953479219,-0.0378212891016525
4.9905,0.229138097895245,1.06507329008063,-0.0502954637254837
4.991,-0.333423835115981,1.06281711177223,-0.0264436381907036
4.9915,-0.126045457472834,1.13788028845297,-0.0197979049211762
4.992,0.193411610963919,1.14717017505927,0.0330356151769747
4.9925,0.285058100495877,1.20423020337271,0.0424996430696686
4.993,0.610994370481708,1.22726413407383,0.067638165304938
4.9935,0.290102570223981,1.19195371781922,0.0954938302697496
4.994,0.706456256632367,1.18655525182884,0.0631864027585283
4.9945,0.0558581512912558,1.18774823017196,0.0366930110123342
4.995,0.204264059138327,1.17413566049966,0.0214566481673737
4.9955,0.15878346660742,1.14678085985294,0.000651451439462751
4.996,-0.280982051470758,1.12875014717537,-0.000170919516458742
4.9965,-0.136076797009165,1.12772964869518,-0.0354077799179427
4.997,-0.307558012023878,1.08910981918975,-0.0458060755844063
4.9975,-0.0833211746510817,1.1301526995292,-0.0909864406203345
4.998,-0.175972929170848,1.11176022143505,-0.0423160076794872
4.9985,0.18026565710324,1.14809914098341,-0.0688255293826733
4.999,0.0348275943781491,1.14942253588458,-0.0601706447044023
4.9995,-0.089444125912648,1.18530661133701,-0.0542087344561527
