Time_s,Reference_um,Evaluation_um
0,0.189757593008776,0.262679083658735
0.0005,0.518828477965197,1.27605105121192
0.001,0.916735057675416,1.67870676955715
0.0015,1.0043234623382,1.71823866586808
0.002,0.865376066746716,1.06293557635582
0.0025,0.636656039295662,0.659547106375647
0.003,0.494835685278142,-0.0695515156845883
0.0035,0.227809037829356,0.151244652261603
0.004,0.00461143438687417,0.0314428005002046
0.0045,-0.144374761949584,2.53859244642861e-05
0.005,-0.452339017381924,-0.387338524384511
0.0055,-0.817292960524801,-0.776197762510205
0.006,-0.922184843513377,-1.20068266407541
0.0065,-0.988286663222356,-1.77208633451735
0.007,-0.810829946852096,-1.59303477144501
0.0075,-0.425349508342632,-0.928110260179528
0.008,0.0385721946825002,-0.0639074252693129
0.0085,0.379033231007867,0.883835031307074
0.009,0.642247539855622,1.20945943744965
0.0095,0.851016604409169,1.44963639779777
0.01,0.875033073032156,1.07378990740435
0.0105,0.750399263592723,0.754772529323183
0.011,0.447142070481844,0.471149497756921
0.0115,0.427653171498308,0.325810295908546
0.012,0.254364219023921,0.393004420539754
0.0125,0.00815258195059431,0.382780636325979
0.013,-0.327022230884766,-0.0548966991263608
0.0135,-0.599751709071273,-0.779188372287497
0.014,-0.777203750669826,-1.1817933590073
0.0145,-0.916027932833502,-1.75005182088054
0.015,-0.928706804127749,-1.69846664567661
0.0155,-0.749534086954452,-1.29532752389016
0.016,-0.230402306241751,-0.241304142057292
0.0165,0.0866680004272677,0.499780794970423
0.017,0.481887884807063,1.12296050399719
0.0175,0.72854859441072,1.24828260769027
0.018,0.803575964077692,1.16641054635412
0.0185,0.781603708039156,0.704341793388343
0.019,0.587722719777331,0.541392857907489
0.0195,0.559732308695538,0.532536116727348
0.02,0.41575193564466,0.594129113185966
0.0205,0.148417219167499,0.545991651982128
0.021,-0.0672317774190508,0.243186623089439
0.0215,-0.479737136677016,-0.333120663261671
0.022,-0.838722362708808,-1.03769173819607
0.0225,-0.919654462606772,-1.66218986917373
0.023,-1.06609906087587,-1.65001291209837
0.0235,-0.817586101637055,-1.40965199896349
0.024,-0.462045682227133,-0.596348645548075
0.0245,-0.10384515963484,0.232893533156468
0.025,0.214483086353627,0.873576834746655
0.0255,0.516876252594577,1.14506553283152
0.026,0.70374662505889,0.988329678840519
0.0265,0.772020499766877,0.683420736288341
0.027,0.845104702487341,0.569791613287574
0.0275,0.64903914762552,0.608019541288413
0.028,0.647212327905399,0.757914914321547
0.0285,0.36777773775035,1.00817148254354
0.029,0.0340378345053193,0.500301173963704
0.0295,-0.24174411303927,-0.0536833812050979
0.03,-0.571573366328468,-0.798876734731141
0.0305,-0.855393700308922,-1.5511742402612
0.031,-1.02210035643702,-1.75121285994724
0.0315,-0.882908587687143,-1.55806705290681
0.032,-0.609030762969675,-0.7996856839724
0.0325,-0.209330199451347,-0.0343389536420554
0.033,0.180751570327362,0.538385473854029
0.0335,0.29512233690149,0.778470161804752
0.034,0.671583179805916,0.578110605383528
0.0345,0.666328895562891,0.498419174409872
0.035,0.767468769172332,0.703871932863205
0.0355,0.79612330335923,0.748862682511145
0.036,0.69356394874164,1.14240302618816
0.0365,0.731415277221092,1.21665905364929
0.037,0.31714187225096,0.976194862209702
0.0375,-0.0189525322778224,0.240287913754974
0.038,-0.477306012198891,-0.689200489486254
0.0385,-0.724935620442273,-1.56198427756741
0.039,-1.08180749600662,-1.62569336665724
0.0395,-1.00262254123047,-1.60324043859019
0.04,-0.794255609027808,-1.13381056908645
0.0405,-0.417519210577976,-0.276206432157597
0.041,-0.107956616519775,0.10641460717212
0.0415,0.0842845826880912,0.515804626709938
0.042,0.295305032150117,0.520639367789078
0.0425,0.455551590368097,0.494227705096394
0.043,0.669465938973534,0.430918210410021
0.0435,0.900712914901147,0.841294031468833
0.044,0.903556951417669,1.21777396828641
0.0445,0.736487307224775,1.44268819859281
0.045,0.539054644189761,1.19428258232031
0.0455,0.217007409618524,0.415671364977354
0.046,-0.274716722794212,-0.384605717406412
0.0465,-0.599964130379688,-1.32140409297089
0.047,-0.940803038355605,-1.66134075125227
0.0475,-0.893759919173613,-1.61878248191131
0.048,-0.847840864908163,-1.05214641675368
0.0485,-0.541886602593203,-0.393587052356557
0.049,-0.389687682292217,-0.178601573630913
0.0495,-0.0252106100335817,0.167604733223465
0.05,0.0863187381748763,0.22823383389292
0.0505,0.388937204845923,0.140339658427205
0.051,0.593673398898274,0.459969939879905
0.0515,0.793997450990926,0.684816945425015
0.052,1.01923165706997,1.27899513817723
0.0525,0.864768348588967,1.6209698605419
0.053,0.818862730722435,1.60640616727541
0.0535,0.371716861865049,0.775596892614972
0.054,-0.12419195578449,0.0370987136143899
0.0545,-0.539422624166072,-0.913604861923076
0.055,-0.740845084528654,-1.53262182699399
0.0555,-0.869055897005518,-1.40463428693954
0.056,-0.843890656651632,-1.15760142002693
0.0565,-0.690129267637837,-0.748802611161709
0.057,-0.555360084227802,-0.228055224646632
0.0575,-0.263225766281128,-0.103066074789938
0.058,-0.186353300645405,-0.0455517590372244
0.0585,0.113055745802177,0.0227840846972845
0.059,0.34502511648295,0.283146808043745
0.0595,0.632983292574795,0.707679887857577
0.06,0.961274270120575,1.55409725411375
0.0605,1.06916760929367,1.56938631162522
0.061,0.996109037935924,1.58851223117928
0.0615,0.67842841356264,1.05886423486149
0.062,0.238740448021286,0.331413147749095
0.0625,-0.264087024799979,-0.636061027243287
0.063,-0.582337637835733,-0.996338972309574
0.0635,-0.844131163187098,-1.17945404163086
0.064,-0.83596489639868,-1.06652664078675
0.0645,-0.862590141660731,-0.663244002090547
0.065,-0.751033653294417,-0.493181070359429
0.0655,-0.454288933279072,-0.294522920580037
0.066,-0.272479460218351,-0.369392574862189
0.0665,-0.0207065259212667,-0.446463637541821
0.067,0.223609156100851,-0.0280668239101798
0.0675,0.560646778051109,0.388442680222272
0.068,0.766753999718756,1.36578321810107
0.0685,0.981849587917867,1.6697566532951
0.069,1.09324137055565,1.64608367749419
0.0695,0.813454348960953,1.3508284079425
0.07,0.398965367608206,0.544815344098865
0.0705,-0.0584618727047988,-0.271525314933948
0.071,-0.430282015274062,-0.924769765429992
0.0715,-0.679164212805579,-1.03238747712878
0.072,-0.645591015862426,-1.09497946122771
0.0725,-0.718802093289044,-0.728322278258337
0.073,-0.811718452972656,-0.637767560608851
0.0735,-0.710803022654215,-0.554484542972976
0.074,-0.440351650535034,-0.684126826779233
0.0745,-0.370772678417456,-0.66401965705243
0.075,0.0279072626898769,-0.349351963614018
0.0755,0.309678936353842,0.351942012685155
0.076,0.734566814358399,1.18236733727075
0.0765,0.988041195587362,1.7345719176046
0.077,1.06505767482873,2.06458379203829
0.0775,0.928200517355976,1.70084647593167
0.078,0.612967666919891,0.818139945389012
0.0785,0.292794929197771,0.0641948150911386
0.079,-0.11988468740105,-0.685367943664667
0.0795,-0.361346044435953,-0.838640927136701
0.08,-0.600621098130392,-0.711066223231088
0.0805,-0.702467504213507,-0.596484212427426
0.081,-0.843521932428793,-0.498642356015801
0.0815,-0.773758662512584,-0.783060984278504
0.082,-0.681653513746972,-0.754768164533707
0.0825,-0.548811882225596,-0.83610187427456
0.083,-0.320704812671844,-0.669145468630493
0.0835,0.153593029638738,0.0331245090547988
0.084,0.573464787022663,0.864238113255441
0.0845,0.949926375495948,1.603111023399
0.085,1.01510258440302,1.8177683338185
0.0855,0.926347153930301,1.64656657609608
0.086,0.76605776183079,1.10829555959937
0.0865,0.334102126629136,0.489626265746652
0.087,-0.0161312213634189,-0.244863415702651
0.0875,-0.211396086334211,-0.533041247536476
0.088,-0.361477701791788,-0.41668619085988
0.0885,-0.586850773798457,-0.476104859713205
0.089,-0.695361133974142,-0.373353914973782
0.0895,-0.824975517945871,-0.757714146421613
0.09,-0.86369835631947,-1.09673154498257
0.0905,-0.701619805663976,-1.05449244857981
0.091,-0.515437033589414,-0.751522757043728
0.0915,-0.0611413792730797,-0.360828588785677
0.092,0.323364891378161,0.543025939176745
0.0925,0.716871282483958,1.39034530298292
0.093,1.04578964199433,1.83613528944698
0.0935,1.05761821157163,1.67902913355376
0.094,0.774646606956505,1.13704263010477
0.0945,0.511362843990029,0.312354942191988
0.095,0.282379791837706,0.208127945167811
0.0955,-0.0504208603475961,-0.284151296577351
0.096,-0.306554146770395,-0.266362022567122
0.0965,-0.382155242029218,-0.0957363644446133
0.097,-0.613819952047395,-0.14415145187912
0.0975,-0.845829590800965,-0.62140812997719
0.098,-0.852811719150527,-1.17373643343672
0.0985,-0.892297278592465,-1.32309856065423
0.099,-0.675643621313175,-1.15147217189224
0.0995,-0.194118481704937,-0.60983920139116
0.1,0.162913067074458,0.338381264843065
0.1005,0.583533579518499,1.0285070318515
0.101,0.937914137127094,1.62445071520124
0.1015,0.873533242665407,1.62648548315193
0.102,0.861201382217814,1.21676530715754
0.1025,0.66030061531022,0.786077302213561
0.103,0.419350505759279,0.16477030666794
0.1035,0.261880222742788,0.184578640249957
0.104,-0.147213941654479,0.0211712254517835
0.1045,-0.168495835969989,0.10555283795627
0.105,-0.457206802670626,-0.0963917965975541
0.1055,-0.725068186221646,-0.703216070066676
0.106,-0.90605580629355,-1.15874390668925
0.1065,-0.865344354414157,-1.44858608175066
0.107,-0.826127042485078,-1.35866749120122
0.1075,-0.39131095765524,-0.781525040012428
0.108,-0.163698522820206,-0.0134462531990244
0.1085,0.353594629408904,0.764672042348924
0.109,0.795858615657096,1.55070083750439
0.1095,0.890735718610369,1.26100230212185
0.11,0.772255599642084,1.21656801648479
0.1105,0.750247823165061,0.738704155929632
0.111,0.682596223728767,0.471344301242119
0.1115,0.377876325342179,0.357593171697723
0.112,0.225471941646007,0.304528981268009
0.1125,0.00625845591312147,0.429638655347977
0.113,-0.346345946410771,-0.0173552761047422
0.1135,-0.643728335941079,-0.484053389943124
0.114,-0.859996537931534,-1.04526178615039
0.1145,-1.03039810036727,-1.55045212755768
0.115,-0.899880076755292,-1.5776037996916
0.1155,-0.700381598883018,-1.09288672166629
0.116,-0.301442423690167,-0.282799457672711
0.1165,0.163495206731372,0.522580692960142
0.117,0.562423851130808,1.054935378467
0.1175,0.726483579241436,1.35293186476088
0.118,0.756337297103911,1.05436399993932
0.1185,0.844565237804097,0.792746766269875
0.119,0.68172716663578,0.814559451965404
0.1195,0.558858227573345,0.594947640092012
0.12,0.514300443435993,0.623318421542023
0.1205,0.158039222800438,0.72570093636538
0.121,-0.0661870549105166,0.435976812779795
0.1215,-0.513975407995328,-0.260593992439482
0.122,-0.735126211209161,-0.979276237070771
0.1225,-1.0125685832881,-1.48243502661235
0.123,-0.994010739546326,-1.74683764910716
0.1235,-0.866052275707185,-1.28430777732866
0.124,-0.459044318401324,-0.361044766775258
0.1245,-0.0867731589259216,0.223672692295328
0.125,0.276055429313242,0.85750682521543
0.1255,0.535571251149139,1.15318994464713
0.126,0.725599478018745,0.984459076417575
0.1265,0.69783931096674,0.719760626368988
0.127,0.768300408592863,0.776708159000853
0.1275,0.613151058527687,0.660143858396599
0.128,0.56155083712705,0.947356210985493
0.1285,0.465547262339457,0.972268847497796
0.129,0.137318622347961,0.858180363607463
0.1295,-0.282626761994081,-0.0381065219907651
0.13,-0.581154204278439,-0.62130842495097
0.1305,-1.09801815838574,-1.66661193018001
0.131,-0.994500431669629,-1.76168552270371
0.1315,-0.995107439443979,-1.6544625620522
0.132,-0.624247748985283,-0.812017414770484
0.1325,-0.284269824323083,0.0204667021216872
0.133,0.0661892890655256,0.591279826381452
0.1335,0.411232755482642,0.904985419492442
0.134,0.502658537215776,0.885088916703505
0.1345,0.657271607175094,0.69204257316217
0.135,0.797972648113343,0.744239731852753
0.1355,0.819070501621831,0.914293449989301
0.136,0.882059656679945,1.11669653092916
0.1365,0.546266977618284,1.316205044289
0.137,0.341760641496466,0.970861384251466
0.1375,0.112987720252303,0.166721699950333
0.138,-0.531547234094356,-0.518638894872314
0.1385,-0.794982864514302,-1.37745912397881
0.139,-1.00359811234857,-1.56343086207246
0.1395,-0.91411604755902,-1.42438700440275
0.14,-0.740942775067803,-0.793877287808097
0.1405,-0.583899938933888,-0.310157710426595
0.141,-0.0364643774943585,0.271294215598548
0.1415,0.0870696119175268,0.523214905010663
0.142,0.355706372618394,0.554297978606324
0.1425,0.491176054725535,0.463260547715591
0.143,0.655702260332006,0.594576334155811
0.1435,0.81789645556807,0.803384288858866
0.144,0.911962038027397,1.35698887565468
0.1445,0.818673907588518,1.38436361586314
0.145,0.550844859904007,1.28778513880092
0.1455,0.0795123455185044,0.608029285576409
0.146,-0.321246299480167,-0.33437564569382
0.1465,-0.597671298110056,-0.970716200708703
0.147,-0.987910801815795,-1.70451737500892
0.1475,-0.990726112249848,-1.48795192463557
0.148,-0.855741741634909,-1.03174774265209
0.1485,-0.622624053209497,-0.377378787069915
0.149,-0.376799062144557,-0.0830668227002428
0.1495,-0.0605818545927884,0.264281255605189
0.15,0.092304997026506,0.237130248154284
0.1505,0.286790346054243,0.359879729644115
0.151,0.586417102644787,0.481074340215108
0.1515,0.661643639301948,0.792320501420121
0.152,0.943629064070997,1.24403936787766
0.1525,0.867493023672411,1.56232925503124
0.153,0.802099627855243,1.5911366845019
0.1535,0.322583678118335,1.03802814713724
0.154,0.0140389749580455,-0.174136327277666
0.1545,-0.599623198851337,-0.625336335777969
0.155,-0.758040670669732,-1.31573875885569
0.1555,-0.899828930599888,-1.41558864167646
0.156,-0.953783491241288,-1.229137109312
0.1565,-0.675235482206073,-0.560226652146848
0.157,-0.437262234072532,-0.320855611478558
0.1575,-0.330333170068615,-0.127161747755582
0.158,-0.00635625052432472,-0.0983407857020512
0.1585,0.115998436612448,-0.0141636877156259
0.159,0.434555821214041,0.20406006455799
0.1595,0.646294544053881,0.804904148806306
0.16,0.872948476868806,1.50805102823142
0.1605,0.978603853225091,1.72398462945213
0.161,0.88458675403569,1.8167593181561
0.1615,0.636163978490075,1.1868705366635
0.162,0.23050704036288,0.372470888839884
0.1625,-0.250617939888425,-0.416445582465991
0.163,-0.658013900472235,-1.03066978548865
0.1635,-0.808424202506928,-1.00167957705309
0.164,-0.849604862209006,-1.05413949267678
0.1645,-0.733023998951781,-0.397349842547215
0.165,-0.682469084722867,-0.458235457545011
0.1655,-0.508795471154347,-0.247973269641641
0.166,-0.26473400764246,-0.399246358358495
0.1665,-0.0660558460170036,-0.354731282928965
0.167,0.165697996176886,0.0312753425225006
0.1675,0.486152220357955,0.531227985515725
0.168,0.881511405556525,1.35637132528645
0.1685,1.01646974492683,1.83929361100445
0.169,1.08106259409535,1.78343005615945
0.1695,0.752266171075412,1.2789933512226
0.17,0.382674670902805,0.552991918088322
0.1705,-0.020286778289298,-0.24519800020768
0.171,-0.252734595870936,-0.816643041161588
0.1715,-0.60944200089929,-1.12343435440929
0.172,-0.822516390823355,-0.82958955410457
0.1725,-0.682692165123134,-0.653369221967346
0.173,-0.670869389443282,-0.465300789852045
0.1735,-0.593254764440221,-0.700580239078882
0.174,-0.526665293569688,-0.711753305460256
0.1745,-0.355510864704794,-0.623125748796433
0.175,0.122944866043596,-0.366078542554774
0.1755,0.28585832502784,0.29533134543774
0.176,0.807450244555103,1.05471128455831
0.1765,0.973007192208371,1.65327305170394
0.177,1.11323994106329,1.95251820669818
0.1775,0.953801905733347,1.54475701401271
0.178,0.525664998820208,0.976686398648906
0.1785,0.187650196938894,0.00526725912990178
0.179,-0.150699918674785,-0.346548646045914
0.1795,-0.379400572953222,-0.589230976090798
0.18,-0.645987171272465,-0.622047083106044
0.1805,-0.671774607716174,-0.57970120641718
0.181,-0.721944067388273,-0.487810104982367
0.1815,-0.811270425746755,-0.501403853163609
0.182,-0.623321904177106,-0.863038613688155
0.1825,-0.472298681364712,-0.808113561348646
0.183,-0.222715822020316,-0.634676565611597
0.1835,0.171557953528141,0.100200952507745
0.184,0.603692678227065,0.954796547116476
0.1845,0.818803408628291,1.60693626972963
0.185,1.04216130120264,1.8490747482479
0.1855,1.01517318126864,1.78768554991984
0.186,0.697043086362829,1.14646198740482
0.1865,0.420717092028285,0.416189766157094
0.187,0.105597881636043,-0.20371844518526
0.1875,-0.231622499892648,-0.29888133378016
0.188,-0.357826048047476,-0.434232699610549
0.1885,-0.711708669710021,-0.439827870078585
0.189,-0.763380870049847,-0.281052720955265
0.1895,-0.700257492518046,-0.567986701298197
0.19,-0.884346421757012,-1.09141318438789
0.1905,-0.743103972682557,-1.0971055022244
0.191,-0.460386314802853,-0.778383886260925
0.1915,-0.0575971326058897,-0.168348441970521
0.192,0.400837648771475,0.702585399724198
0.1925,0.674838096410829,1.43204765997161
0.193,0.945359885234612,1.81252744058849
0.1935,0.942088661778964,1.61557246861016
0.194,0.852802919897918,1.35801704693893
0.1945,0.460566206134211,0.647246535963668
0.195,0.259105858217969,0.101301359306816
0.1955,0.0193647913490646,-0.118424279698167
0.196,-0.216689641390916,-0.207790146205662
0.1965,-0.386684073562351,-0.207548182732184
0.197,-0.641890835089417,-0.352670158904862
0.1975,-0.708069117469385,-0.51018863831698
0.198,-0.926816907122585,-1.17963769279556
0.1985,-0.729841499384345,-1.32159434581024
0.199,-0.54641546597159,-1.22465459386255
0.1995,-0.408377218132956,-0.576090087376806
0.2,0.146818223324775,0.322745732809429
0.2005,0.57174570686839,1.27019418293752
0.201,0.74250179201811,1.74263788818542
0.2015,0.964129819426466,1.73948288935726
0.202,0.871168238088503,1.40433441649703
0.2025,0.76647892006571,0.737182366946888
0.203,0.433740835794158,0.243615391863486
0.2035,0.272686574484822,0.243808237707932
0.204,-0.00660280337995727,0.24613803506239
0.2045,-0.170299954969534,0.161911242952036
0.205,-0.35064252822095,-0.113778921701437
0.2055,-0.663270548187263,-0.726893896885888
0.206,-0.949955163634416,-1.18876360058309
0.2065,-0.924663925374446,-1.29763265191236
0.207,-0.813789731502702,-1.40606416043765
0.2075,-0.57891353972346,-0.613337794497181
0.208,-0.0187538283987985,-0.0803154935346086
0.2085,0.473192475923572,0.892929998860122
0.209,0.715857467210708,1.57453760595035
0.2095,0.879670947759723,1.64493905241522
0.21,0.83530720159293,1.20472318864578
0.2105,0.739369888782081,0.898603412228966
0.211,0.663910454595584,0.629023175378529
0.2115,0.425786615988617,0.526333412541915
0.212,0.188502045369061,0.358767392835884
0.2125,-0.0333919310657713,0.508807252108578
0.213,-0.194650882207181,0.211578446584978
0.2135,-0.682535456997894,-0.165678837686319
0.214,-1.00460959219179,-1.07922031004731
0.2145,-0.967030270213589,-1.38432839614691
0.215,-0.975300022986989,-1.58982040010156
0.2155,-0.57294775159269,-0.949433656803052
0.216,-0.347412236444665,-0.136801812880363
0.2165,0.0947853705678169,0.765715980108638
0.217,0.56697702210491,1.06425777670617
0.2175,0.790777864899009,1.41835949828735
0.218,0.830302828188744,1.11432051489945
0.2185,0.77882215472027,0.990248703933004
0.219,0.680729381202656,0.509351438473801
0.2195,0.672402887845599,0.576296976937517
0.22,0.383071013610285,0.809766277340612
0.2205,0.225727774120125,0.80115274157542
0.221,-0.12971785511122,0.509055682225143
0.2215,-0.524596524938792,-0.0360296054279667
0.222,-0.753460130382811,-0.901770749790597
0.2225,-0.95372052211213,-1.52383994753291
0.223,-0.971359811995046,-1.66404586629503
0.2235,-0.83413714909066,-1.37332507336145
0.224,-0.608605132555116,-0.429751407886136
0.2245,-0.0381124882533399,0.27574350078288
0.225,0.310086925359676,0.959982979706834
0.2255,0.488882235993431,1.02805018049419
0.226,0.729451530093399,0.965567265121183
0.2265,0.75690168207373,0.89317956949387
0.227,0.808533918591718,0.729527053904665
0.2275,0.74755343892933,0.938860515549992
0.228,0.674966684559183,1.08899674244314
0.2285,0.528156073303597,1.11138046372365
0.229,0.175873308264269,0.698316899176296
0.2295,-0.346094186476788,0.101588483174914
0.23,-0.587059095855287,-0.674386522757285
0.2305,-0.897910828187499,-1.3176470008498
0.231,-1.02979909682578,-1.67426059370642
0.2315,-0.997907042396786,-1.28382421489536
0.232,-0.574902504813054,-0.743422527619362
0.2325,-0.210428057306791,0.0269678419663423
0.233,0.0714814754739505,0.670621996139686
0.2335,0.350051590459138,0.931421137799282
0.234,0.494572964549102,0.871090228601102
0.2345,0.651818323801934,0.727455986098123
0.235,0.84735396572845,0.597115166855341
0.2355,0.795511104225179,0.973488685449448
0.236,0.734503060492618,1.11026985089311
0.2365,0.507455731332935,1.23153800606839
0.237,0.418036258765684,1.24271998437073
0.2375,-0.0433870441290265,0.390265947873366
0.238,-0.514340710187428,-0.482105825578308
0.2385,-0.950627927333179,-1.2217203935805
0.239,-0.992976128177074,-1.6542548343166
0.2395,-0.979277211143184,-1.35460554924201
0.24,-0.755012401873339,-0.788209679269107
0.2405,-0.481263182527493,-0.320079746612482
0.241,-0.205911006118716,0.352542352537432
0.2415,0.194533530243031,0.653075196546449
0.242,0.453243406199927,0.549263951641272
0.2425,0.49989763061155,0.492253405493172
0.243,0.729248159505082,0.648949738047005
0.2435,0.819925285650365,0.934095066236471
0.244,0.825135668407833,1.45471106515196
0.2445,0.74443473512979,1.52559205814607
0.245,0.562240497593106,1.42933280221928
0.2455,0.21708308905439,0.782866986192827
0.246,-0.288989177005315,-0.123984452709968
0.2465,-0.665043372300235,-1.15180188802533
0.247,-0.930291584595856,-1.38900488343973
0.2475,-0.919771020984201,-1.40669134902612
0.248,-0.667082353350213,-0.780046051834312
0.2485,-0.690279981316393,-0.320547362897374
0.249,-0.381012844713291,0.265822093050004
0.2495,-0.13099207218609,0.16791150700377
0.25,0.0643244425050452,0.379593961014747
0.2505,0.24088936965918,0.344978851974255
0.251,0.592005187024819,0.53266741026766
0.2515,0.892773256569259,0.943195249477067
0.252,0.877008641512296,1.49781094713014
0.2525,0.928269279200614,1.57633420468292
0.253,0.815018929125383,1.78225395457355
0.2535,0.371596080189768,0.82250244181136
0.254,-0.127073342025838,0.128352006312277
0.2545,-0.520535522654685,-0.801236319653268
0.255,-0.72579080978301,-1.18930792673213
0.2555,-0.812505015186335,-1.27181431865746
0.256,-0.912313183068924,-0.895797444076142
0.2565,-0.777113566855341,-0.617112377489921
0.257,-0.397862532942895,-0.190217609558024
0.2575,-0.308186651931562,-0.0992828834680434
0.258,-0.0100751883652452,-0.035805013731939
0.2585,0.118406016272838,0.118642110631231
0.259,0.346286569864217,0.491031508966248
0.2595,0.715536954114473,0.895952107104922
0.26,0.942699060173896,1.38237516946271
0.2605,0.917195423368746,1.82513006137011
0.261,0.912350345605066,1.76556599817538
0.2615,0.570602595551625,1.30683400538621
0.262,0.322083778354456,0.448474757974488
0.2625,-0.293266803451611,-0.583169686756253
0.263,-0.6379602512694,-1.02117452089559
0.2635,-0.87033790110842,-1.02088101222016
0.264,-0.891091905922001,-1.07214476484417
0.2645,-0.748529873179706,-0.440011660420229
0.265,-0.770902124212869,-0.300384526736821
0.2655,-0.415338123355237,-0.16190768335883
0.266,-0.310218640482787,-0.165889403915551
0.2665,-0.0827972881117067,-0.252459740749675
0.267,0.244018469120818,0.0589191459569446
0.2675,0.520562168677673,0.595619218289975
0.268,0.890085554951884,1.35682657703524
0.2685,1.07546752581421,1.91828335176436
0.269,0.975639484095707,1.86686961015419
0.2695,0.872984256986642,1.47660728258754
0.27,0.369441022070249,0.643114481464762
0.2705,0.0514863757328503,-0.26935882011327
0.271,-0.376351912326219,-0.823255231436941
0.2715,-0.652797125511987,-0.837772179891331
0.272,-0.771945948086568,-0.804154402328921
0.2725,-0.802856076754902,-0.456714146775114
0.273,-0.679351252918739,-0.497347004398537
0.2735,-0.612624205684773,-0.440024842763786
0.274,-0.615941056607854,-0.680268289582224
0.2745,-0.231913981744637,-0.536678595501938
0.275,0.0289847333144641,-0.232102082202479
0.2755,0.282520018775691,0.347877805033122
0.276,0.801377800819456,1.28648570234156
0.2765,0.944000715621118,1.9646830234491
0.277,0.999036913998207,1.9927819045576
0.2775,0.961064056534554,1.7903482600253
0.278,0.591235393010924,1.0211689955145
0.2785,0.248041081879677,0.0809291464538981
0.279,-0.106684326587558,-0.531117267776174
0.2795,-0.495617290504851,-0.613710479810581
0.28,-0.539725717125521,-0.717328589835774
0.2805,-0.64841782180194,-0.489208601676858
0.281,-0.758290750549515,-0.485762145538522
0.2815,-0.767476021408572,-0.555504862901502
0.282,-0.704993991656185,-0.734149407267657
0.2825,-0.653828632499518,-0.813023501379753
0.283,-0.254502562844703,-0.504973012395123
0.2835,0.0773021594201733,0.117821900417552
0.284,0.553254396138234,1.16640390188308
0.2845,0.854969325087981,1.66530294177951
0.285,0.954206446234368,2.0920726597069
0.2855,1.0096174522809,1.78964693499721
0.286,0.816019020551387,1.21060517035456
0.2865,0.427400880007706,0.3631382321627
0.287,0.0849644918166394,-0.130784805265969
0.2875,-0.179103665309376,-0.471668900796099
0.288,-0.523528700313815,-0.267464859678925
0.2885,-0.576823026234087,-0.0924701696809387
0.289,-0.708859214166217,-0.297942726986286
0.2895,-0.801152044461819,-0.589508356101469
0.29,-0.870147648999352,-0.784082554728069
0.2905,-0.656554950027907,-0.890560870418267
0.291,-0.453291700606494,-0.918656048006257
0.2915,-0.138667051730578,-0.0196500084602645
0.292,0.27134791913529,0.848978802213937
0.2925,0.720593225349052,1.55851863902255
0.293,1.02220877826869,1.9957218933768
0.2935,1.07438283244426,1.78731936426191
0.294,0.755167530307719,1.34027598956681
0.2945,0.529000988257218,0.693126516494257
0.295,0.15876692601722,-0.0527691023715269
0.2955,-0.0576250211585151,-0.112473300265312
0.296,-0.193329150013239,0.0150351054673118
0.2965,-0.473777054195093,-0.0374712352548028
0.297,-0.612859773422732,-0.251327830251419
0.2975,-0.705742922971481,-0.537980476092104
0.298,-0.872751884367409,-1.04541286002489
0.2985,-0.748754978939986,-1.26268303402618
0.299,-0.728761421386573,-1.2194871143873
0.2995,-0.303961961200847,-0.42737884033128
0.3,0.13212636646394,0.326062384221413
0.3005,0.626283804902172,1.34422181423905
0.301,0.811572178287325,1.77103892978938
0.3015,0.984444785164478,1.79355211892693
0.302,0.872669153991656,1.33383318423968
0.3025,0.552698780048551,0.804363716516145
0.303,0.346047991596267,0.516561840649737
0.3035,0.25897114924562,0.380738127772945
0.304,-0.00537144883434169,0.195006232865127
0.3045,-0.287030176862347,0.344165520506554
0.305,-0.433703776270021,0.0908433381500275
0.3055,-0.758799188260103,-0.306090380692587
0.306,-0.884661205051285,-1.15210853384508
0.3065,-0.902219591470595,-1.44817126947392
0.307,-0.806558820987653,-1.191158679872
0.3075,-0.494780158101558,-0.659287433286443
0.308,-0.137391319001989,0.109811276306198
0.3085,0.258502226008046,1.02561121899278
0.309,0.734948676750203,1.56843251627999
0.3095,0.849776769320876,1.57494521079009
0.31,0.850208438003905,1.38199021201135
0.3105,0.769693581996416,1.00612348912316
0.311,0.598607733989206,0.613378310497878
0.3115,0.440228672704721,0.453551227003736
0.312,0.220382069182682,0.768548044589953
0.3125,-0.015099790619943,0.597602596314868
0.313,-0.322929642238685,0.300786593299649
0.3135,-0.639726262292921,-0.34862384145148
0.314,-0.881324709324979,-1.03287546626862
0.3145,-1.01553567015958,-1.59393615786251
0.315,-1.01427559824177,-1.44515346347942
0.3155,-0.747030318169925,-0.864998293078839
0.316,-0.327839030225533,-0.0385976502436495
0.3165,0.00254877190784816,0.709672900359311
0.317,0.396533079876938,1.36458880934197
0.3175,0.755862189434225,1.63213004899192
0.318,0.690963224815856,1.49041336058907
0.3185,0.699997784124337,0.803921372763143
0.319,0.687993805695789,0.801430087248745
0.3195,0.512282981058665,0.843212908197585
0.32,0.347326048005136,0.833700964122293
0.3205,0.108384140684829,0.810308193774114
0.321,-0.0210656929537155,0.713650231404515
0.3215,-0.41357729956169,0.0799949120249576
0.322,-0.790886957814581,-0.830507964388824
0.3225,-1.06155913218187,-1.48156692936374
0.323,-0.976113517964178,-1.61662589869057
0.3235,-0.920222026968814,-1.19883441818442
0.324,-0.439902603952316,-0.33352027534765
0.3245,-0.115611824565569,0.392350151176534
0.325,0.303578736682081,1.0620369911262
0.3255,0.524568571290881,1.28951564542698
0.326,0.760917110580567,1.24969677222719
0.3265,0.670336159693709,1.01680237890718
0.327,0.698991694163534,0.960700977186408
0.3275,0.664444071819994,0.987898234526061
0.328,0.531060562228696,1.05536933194333
0.3285,0.428697070725015,1.21654765764231
0.329,0.0905569634927736,0.836173757811787
0.3295,-0.404175205157024,0.00447659907256742
0.33,-0.661800115129342,-0.694793432796676
0.3305,-0.904822634696606,-1.31298071122424
0.331,-0.968896461792896,-1.67281531983654
0.3315,-0.927690848563367,-1.22042847933667
0.332,-0.670042303277993,-0.650431987676845
0.3325,-0.315082928985706,0.0757930805422446
0.333,0.125440185371508,0.785147888868414
0.3335,0.363712189469096,0.941153244240698
0.334,0.437835261057406,0.898866159057165
0.3345,0.684824035979576,0.791376074482474
0.335,0.750470685547772,0.814214506374506
0.3355,0.812501734043921,1.05388338097482
0.336,0.822752706700507,1.29748612606162
0.3365,0.573125709971021,1.39949602989796
0.337,0.413886144318976,1.31056693563976
0.3375,0.0602486680732069,0.418683586581963
0.338,-0.432985462441812,-0.365206898872283
0.3385,-0.81121525037813,-1.03506694116404
0.339,-1.08676562178437,-1.52697728384288
0.3395,-0.918573691727148,-1.12223228400604
0.34,-0.712377093421635,-0.890813469125081
0.3405,-0.514734686472415,-0.144312134345493
0.341,-0.222364293040132,0.353073163411908
0.3415,0.0603800416608439,0.691878847058633
0.342,0.392719600613389,0.686148024161991
0.3425,0.64658472849208,0.59493039052155
0.343,0.646178693950608,0.709528848184502
0.3435,0.821083498927507,1.18918783956668
0.344,0.843395623869121,1.47694764485508
0.3445,0.749985065406291,1.65827051584287
0.345,0.595364517021454,1.39967839398354
0.3455,0.134915645755072,0.991716503936946
0.346,-0.266611032372772,-0.105878577089192
0.3465,-0.658160615561656,-1.03211719025901
0.347,-0.835468947460882,-1.37841800263931
0.3475,-0.980414383931817,-1.37319760650885
0.348,-0.861380779478707,-0.863746665665775
0.3485,-0.555684662649934,-0.195921211211538
0.349,-0.332276931603074,0.154325098908404
0.3495,-0.154413616720814,0.416923491511067
0.35,0.10422659416561,0.429011454598862
0.3505,0.397088914906545,0.543405238644276
0.351,0.581569695988487,0.605712130712151
0.3515,0.842147735059591,1.05136350236895
0.352,0.882169494697742,1.50789049157122
0.3525,0.897229255018804,1.96978554409617
0.353,0.658865298204901,1.6103848904228
0.3535,0.451642854434209,1.04697356789045
0.354,-0.0290643483643248,0.16785646413736
0.3545,-0.540350159746816,-0.680513448725778
0.355,-0.787265023117493,-1.20600651092717
0.3555,-0.841801620894182,-1.31929395998689
0.356,-0.883008589361898,-0.990032786550799
0.3565,-0.698341252008763,-0.296840452200063
0.357,-0.491853702260567,-0.125551770165142
0.3575,-0.270197237519855,0.25258965795912
0.358,-0.235549724989311,0.134399612885995
0.3585,0.263708205632917,0.0909625300205356
0.359,0.385698673105242,0.479955399961897
0.3595,0.738036884870445,0.81026796851405
0.36,0.95181430789121,1.39960541901595
0.3605,0.965030530998453,1.89884413567129
0.361,0.893522447399649,2.00695788815757
0.3615,0.56362372313371,1.45292061133451
0.362,0.177969937351176,0.41073747747615
0.3625,-0.14794070694324,-0.360184737851187
0.363,-0.53981372257269,-0.875957828005394
0.3635,-0.789197017082311,-1.08689070495546
0.364,-0.779031964810265,-0.769816663408893
0.3645,-0.825181717281345,-0.477195135661414
0.365,-0.732383493424875,-0.297606095307149
0.3655,-0.468288732906271,-0.0741803337146082
0.366,-0.391937141404336,-0.125798422691374
0.3665,-0.00850863521524073,-0.0861389478406875
0.367,0.103995169838647,0.201868972905798
0.3675,0.460542744765022,0.778149668807338
0.368,0.893198475200607,
0.3685,0.973062303768484,
0.369,1.05074598449449,
0.3695,0.844357464673016,
0.37,0.286179906123729,
0.3705,-0.0553554937170488,
0.371,-0.291871976351906,-0.624030676368382
0.3715,-0.650891821657076,-0.763830609148788
0.372,-0.731729362307465,-0.54131974152283
0.3725,-0.685306110441405,-0.408528640509614
0.373,-0.670162681906272,-0.174497684347099
0.3735,-0.538940450251577,-0.514986528670705
0.374,-0.568566103010851,-0.441989022190481
0.3745,-0.32272623882776,-0.500513350877721
0.375,0.011498156259811,-0.140631118575685
0.3755,0.357408825961586,0.385996972411322
0.376,0.732830559229725,1.22625997216243
0.3765,0.952521084121639,1.92602823659206
0.377,1.06986637265668,2.13595031857871
0.3775,0.852246596722071,1.79222928812879
0.378,0.585409817457726,1.0388895225642
0.3785,0.0796433145056975,0.219000705660634
0.379,-0.0900289685561728,-0.374168629224286
0.3795,-0.434589527404337,-0.579361460076497
0.38,-0.730082605111902,-0.455964472553134
0.3805,-0.588894961833606,-0.385257737152419
0.381,-0.682946168500331,-0.460065349839371
0.3815,-0.715992519048125,-0.511924192485868
0.382,-0.783247494832772,-0.74246420145865
0.3825,-0.577537359050058,-0.82435735714487
0.383,-0.196057882570855,-0.319504766337987
0.3835,0.0774043872502902,0.183017778796126
0.384,0.656878636351002,0.910586785844925
0.3845,0.789179277616851,1.88423513183058
0.385,0.943894088832815,2.18993503649001
0.3855,1.05504767283238,1.88403431464121
0.386,0.675279013032993,1.30196373167389
0.3865,0.407763434831326,0.467960180845832
0.387,0.0809579601052424,0.0867331053727486
0.3875,-0.223448323384588,-0.290118762178
0.388,-0.434675307210089,-0.155996221147203
0.3885,-0.696482478772852,-0.0249367010708274
0.389,-0.720087500400393,-0.333325718160639
0.3895,-0.752077694886076,-0.523366103308715
0.39,-0.882404172638358,-0.848369485716324
0.3905,-0.667771549659409,-0.972836481681804
0.391,-0.402065237615137,-0.807486652147873
0.3915,-0.0101228628134861,-0.315086291823786
0.392,0.36659141645849,0.673508574361813
0.3925,0.756153990332896,1.58964059608011
0.393,0.960025207106926,2.24101432106531
0.3935,1.11411001303108,1.82096726865355
0.394,0.797530101158625,1.51376555482101
0.3945,0.58053315625756,0.733153649268175
0.395,0.185191991535934,0.300875826130327
0.3955,0.00731427673150894,-0.0608366909331212
0.396,-0.273039194936111,0.0420513493218272
0.3965,-0.426564057339185,0.240970768403091
0.397,-0.618316264866987,-0.197681938070686
0.3975,-0.827490808041197,-0.521892247754524
0.398,-0.853672007376865,-0.998924421036698
0.3985,-0.749507098356139,-1.07422874471746
0.399,-0.6881458098373,-0.910160702110718
0.3995,-0.362362597773898,-0.390343574513334
0.4,0.248378322461491,0.575916366426004
0.4005,0.610159375209817,1.2757440478693
0.401,0.870860935786113,1.7562575085264
0.4015,1.07631871035246,1.83207920948542
0.402,0.919057866528017,1.42979023436633
0.4025,0.752803417870789,0.915440781300474
0.403,0.321527679648747,0.50471329564854
0.4035,0.282072493354781,0.41509284670863
0.404,0.041040288165707,0.364630732793044
0.4045,-0.203421183167845,0.246953063499304
0.405,-0.474064385935616,0.0545419974097067
0.4055,-0.793853207874745,-0.47610150280186
0.406,-0.949624898354186,-0.990215866037403
0.4065,-0.931249146799537,-1.3379986732761
0.407,-0.797430809652609,-1.2674510103688
0.4075,-0.532990959550562,-0.696069774134592
0.408,-0.0822380900909772,0.341456848162505
0.4085,0.37516900434581,1.12920376125735
0.409,0.665043385815281,1.706827069615
0.4095,0.884303881288337,1.83469224383569
0.41,0.878698137928917,1.4180452078426
0.4105,0.718987004307073,0.988924654320207
0.411,0.556384857684971,0.713978070759221
0.4115,0.537812376269767,0.661490406704029
0.412,0.204923415671982,0.420823937425149
0.4125,-0.0210623987066616,0.689437557120092
0.413,-0.240460675986087,0.122625336263654
0.4135,-0.61057480989853,-0.383041392657549
0.414,-0.891847999165501,-0.952449355017807
0.4145,-1.02556608846764,-1.45934838845499
0.415,-1.01789201337487,-1.31681981978676
0.4155,-0.629807062994834,-0.905603075750095
0.416,-0.194476044699457,0.0233864701798358
0.4165,0.0358187514366742,0.791580134718087
0.417,0.470063434274766,1.24209745248323
0.4175,0.825395228883002,1.39331653200116
0.418,0.877971742166504,1.25780023686805
0.4185,0.702047543650444,1.07620719876871
0.419,0.777441339544345,0.718718837925252
0.4195,0.535725072096454,0.759180529031629
0.42,0.417026290752037,0.934311466641862
0.4205,0.263450609375781,0.92247039468036
0.421,-0.202970135194199,0.667458413431989
0.4215,-0.491178631243143,0.0592107094239208
0.422,-0.774394313073071,-0.842385045193701
0.4225,-0.995776837173248,-1.44027073303166
0.423,-1.0190749168506,-1.45956388481131
0.4235,-0.904399959521034,-1.25773087580782
0.424,-0.493413987929064,-0.152791120207735
0.4245,-0.0417061165109803,0.429045904106378
0.425,0.350613669137276,1.12748072261673
0.4255,0.462302385726356,1.30965292315851
0.426,0.781125368112942,1.26936078444152
0.4265,0.67753827421723,0.978820313457246
0.427,0.761553792192224,0.954754061765839
0.4275,0.717160802701924,0.99899368233752
0.428,0.676602599582217,1.08936961482426
0.4285,0.34453261561063,1.35915196624543
0.429,0.16179725357448,0.860268392256298
0.4295,-0.314543311978112,0.289289085682184
0.43,-0.743581177095509,-0.614641067745742
0.4305,-0.923282904792217,-1.29687310960412
0.431,-1.03335295133281,-1.50314674179034
0.4315,-0.912715918516173,-1.17596970143321
0.432,-0.634730248276563,-0.535461621375753
0.4325,-0.26696122283336,0.137876348846385
0.433,0.0245480428109655,0.977006771833167
0.4335,0.299252681297344,1.12570294590658
0.434,0.502078217789418,0.964730421902281
0.4345,0.546756739855993,0.953365545088918
0.435,0.69637314238518,0.784447541176499
0.4355,0.778847029121923,1.12406521323361
0.436,0.669120927343211,1.31881149898372
0.4365,0.584211041081984,1.44565918245056
0.437,0.411605529872915,1.17238942247666
0.4375,0.0308682556063454,0.676521003705918
0.438,-0.431441691637648,-0.37989692377082
0.4385,-0.675232506935095,-1.19495590121831
0.439,-1.03021850690804,-1.28402133987702
0.4395,-1.00716301103225,-1.3599903038976
0.44,-0.816050462914969,-0.685200082627338
0.4405,-0.430585156833903,-0.0481161003352263
0.441,-0.19422056354887,0.320086811715466
0.4415,0.136179451876084,0.759759603253081
0.442,0.232000263587833,0.796537490530864
0.4425,0.570932645130443,0.715652960716781
0.443,0.710512970271343,0.791976265932047
0.4435,0.883241294790264,1.2794923466209
0.444,0.843298578751239,1.60864931041012
0.4445,0.763109000697218,1.68439953410558
0.445,0.536957730010066,1.39254825915651
0.4455,0.199503849829898,0.929681092307039
0.446,-0.286976333707669,0.0477886695570498
0.4465,-0.571578260770529,-0.901631074326603
0.447,-0.913554176383655,-1.47012371062805
0.4475,-1.03213035022934,-1.36660512785519
0.448,-0.960430553453936,-0.984122461695472
0.4485,-0.560003587342379,-0.197031870196383
0.449,-0.359642195271728,0.0332616583870839
0.4495,-0.0438917769344345,0.425328214462587
0.45,0.140279757440676,0.414550023001471
0.4505,0.387212314296299,0.364864438017246
0.451,0.537020919349991,0.735002669872109
0.4515,0.845570532506807,0.950352666583828
0.452,0.961536717270772,1.46528698629786
0.4525,0.980704442076537,1.94275577093156
0.453,0.735368552026859,1.76628105377293
0.4535,0.370106716420349,1.01368925365246
0.454,-0.161192882297455,0.419928885963115
0.4545,-0.481032691705444,-0.651251779084003
0.455,-0.725230844264158,-1.11923920415043
0.4555,-0.878476892548072,-1.07175787772543
0.456,-0.848046555800937,-0.746719045981336
0.4565,-0.684595811158204,-0.287146136225029
0.457,-0.433338133615705,0.126649201577157
0.4575,-0.27192069880642,0.0350118247568032
0.458,-0.111193618747993,0.1357527056682
0.4585,0.110480867794266,0.200347943883193
0.459,0.371727564896541,0.566626679588828
0.4595,0.654753149336494,0.809158769437418
0.46,0.937387755388066,1.7528860666289
0.4605,0.959444820267727,2.01966123953168
0.461,0.989895062794898,2.00711251569965
0.4615,0.681781683609139,1.44474290109641
0.462,0.137436252751845,0.462637200715115
0.4625,-0.181751480745203,-0.201310039546008
0.463,-0.533207644821245,-0.952212057804771
0.4635,-0.835425675125272,-0.88933728097428
0.464,-0.851456896477826,-0.649503129402236
0.4645,-0.761066654604033,-0.478907158217131
0.465,-0.603155268627853,-0.0835757073602583
0.4655,-0.457901590396787,-0.105113700875899
0.466,-0.344688913251305,-0.123065076972978
0.4665,-0.0622427548411875,-0.0188651912962962
0.467,0.240859914493316,0.119494469246374
0.4675,0.564008539632017,0.785356003018422
0.468,0.825666493336689,1.52179434211287
0.4685,0.970855422557159,1.96831283427071
0.469,0.98506705219661,2.21468329110783
0.4695,0.751307886673899,1.47713527820444
0.47,0.430377887870602,0.882656630120012
0.4705,0.0059778445750112,-0.29377066741708
0.471,-0.322838141784116,-0.576337398121642
0.4715,-0.575582071488463,-0.871625371945055
0.472,-0.663981220746241,-0.618402673434344
0.4725,-0.778378414130997,-0.382479085593205
0.473,-0.728202051651313,-0.347242090854286
0.4735,-0.697828049148483,-0.305352412532438
0.474,-0.592533921570126,-0.406320289929462
0.4745,-0.396621142956199,-0.283839531995751
0.475,-0.0413126155214221,-0.158666645763408
0.4755,0.358360254735077,0.519781499161195
0.476,0.612632242109083,1.24559846523002
0.4765,0.96353411546473,2.06877419490084
0.477,0.975367065188905,2.03809889469545
0.4775,0.863286731369784,1.73053448051832
0.478,0.617190426052152,1.25119913553635
0.4785,0.175864902558751,0.333991435866147
0.479,-0.162173923321285,-0.0690100292149231
0.4795,-0.455835319462584,-0.346665392104172
0.48,-0.669173972469128,-0.330658222462994
0.4805,-0.655440630909223,-0.373943440939265
0.481,-0.735299460928897,-0.241404581439532
0.4815,-0.75580979994367,-0.281426279988443
0.482,-0.646033574551935,-0.675552227251237
0.4825,-0.51867677837242,-0.727377474973606
0.483,-0.211749249326486,-0.21931002041589
0.4835,0.390000657333878,0.535994134832432
0.484,0.61740837250614,1.17346036020602
0.4845,0.852914325642954,1.92655865384807
0.485,1.08651420848036,2.08399768167044
0.4855,1.05798425648638,1.98090400961451
0.486,0.654795415323562,1.10485598462356
0.4865,0.433890930427547,0.569004938019831
0.487,0.0213709386508812,0.0598324704167448
0.4875,-0.213252518071613,-0.16859333507526
0.488,-0.503778490692111,-0.0524881021062525
0.4885,-0.534124241802685,-0.157733011823179
0.489,-0.622444352256783,-0.21911996163525
0.4895,-0.798761895984068,-0.363392090978208
0.49,-0.826800311790918,-0.749942963286041
0.4905,-0.774190862958247,-0.807568924786721
0.491,-0.579779262276719,-0.499556362420714
0.4915,-0.070844623602176,0.153965597219066
0.492,0.33925745060707,0.834582315253577
0.4925,0.806801642247245,1.71785634935888
0.493,0.999387539414824,2.0785887155828
0.4935,0.878428433521978,1.93657147906888
0.494,0.790381242421765,1.62510916363735
0.4945,0.487218334256621,0.98372094536235
0.495,0.270273620141956,0.312477310189098
0.4955,-0.0893655056562255,0.077343717481219
0.496,-0.0970186418546834,0.187562223076141
0.4965,-0.499178059565111,0.149920709981139
0.497,-0.503569212719874,-0.00463479762101188
0.4975,-0.851424501092563,-0.391764296878357
0.498,-0.905160252328529,-0.879749648741695
0.4985,-0.954047113469459,-1.19457464246108
0.499,-0.59174533934613,-0.965558026652864
0.4995,-0.291809325380845,-0.228689767723804
0.5,0.15078747528134,0.708044793294288
0.5005,0.599095521930165,1.2788564858241
0.501,0.8621821970899,1.96155541909841
0.5015,1.08157722788427,1.97332271836435
0.502,0.87665052249959,1.45130774446505
0.5025,0.791882177526525,1.00625953361867
0.503,0.417741533316778,0.676441466596525
0.5035,0.0922158241362246,0.322298351283227
0.504,0.0550360703221423,0.422624841647105
0.5045,-0.187472899537518,0.344235836496581
0.505,-0.496369387386024,0.034633361952226
0.5055,-0.863232259151634,-0.493154962701419
0.506,-0.946041359232512,-0.874929523077429
0.5065,-0.945320922736547,-1.35621085742128
0.507,-0.800411590617862,-1.10051893429438
0.5075,-0.497818572526932,-0.55723972182783
0.508,-0.0134662134410877,0.176205716888812
0.5085,0.258084200751744,1.12914527125221
0.509,0.695614013009866,1.75018984120404
0.5095,0.818827846854463,1.82440274433251
0.51,0.921835614800449,1.45367176918859
0.5105,0.770995776789864,1.16627365816863
0.511,0.588530584578903,0.879611397442066
0.5115,0.400477497625445,0.733007716009818
0.512,0.257978351378498,0.849183991070585
0.5125,-0.0463196223978688,0.53865007586085
0.513,-0.202630858884081,0.408527143047947
0.5135,-0.556375272310882,-0.302349310150437
0.514,-0.850757491608231,-0.887260142001673
0.5145,-0.966691135967228,-1.1338855638608
0.515,-0.968215743621468,-1.17253659542366
0.5155,-0.750051221123302,-0.714948505157982
0.516,-0.316972814945809,0.174208055037671
0.5165,0.184615114987878,0.859722785962499
0.517,0.436903382534384,1.46654160951492
0.5175,0.800111551595592,1.58590429543707
0.518,0.795877154202829,1.59428116902016
0.5185,0.812523837031066,1.14627503624308
0.519,0.706188159048998,0.826811050048299
0.5195,0.488276327134612,0.724647328266703
0.52,0.484576793231486,1.0703859523048
0.5205,0.283086344088559,0.908519188226438
0.521,-0.0560602756885236,0.647937943794417
0.5215,-0.395523083435702,0.110641275398188
0.522,-0.692815471771833,-0.726788595163278
0.5225,-1.0613515422695,-1.22702609706795
0.523,-1.02074525828278,-1.27336886277478
0.5235,-0.81475036213032,-1.02629939069699
0.524,-0.523953710151909,-0.257066970890917
0.5245,-0.0826161612599841,0.551164555813938
0.525,0.312794455829463,1.02059249863506
0.5255,0.506050263117396,1.45252674612911
0.526,0.697694268163835,1.18889552922607
0.5265,0.705324967526993,1.10170615491029
0.527,0.667904470061347,0.990556306420268
0.5275,0.712811784227672,1.01146776040866
0.528,0.534842306907522,1.23426992327986
0.5285,0.375649708661007,1.25320772597287
0.529,0.147717173171448,0.985292608364372
0.5295,-0.22726983062122,0.371707155849926
0.53,-0.66427480189832,-0.45135838493788
0.5305,-0.992728164088628,-1.15363686759144
0.531,-1.0919350844015,-1.47201566438938
0.5315,-0.950449239863796,-1.23372645936895
0.532,-0.731688655470851,-0.532978077456387
0.5325,-0.261898212643428,0.286874534802741
0.533,0.10662201666208,0.981772178698178
0.5335,0.354661914541268,1.14177039232254
0.534,0.496335068639385,0.890870520562238
0.5345,0.727248853615999,0.838781843900759
0.535,0.832760112498303,0.988905914042533
0.5355,0.690945020650368,1.07141422861319
0.536,0.734544111145708,1.47725215607938
0.5365,0.723410534193957,1.36615903064078
0.537,0.358456961188209,1.20324549250087
0.5375,0.0565603635403476,0.682983037654141
0.538,-0.547636158082274,-0.244590234286523
0.5385,-0.78108970844167,-0.998369755867005
0.539,-0.973238776434557,-1.32031017511341
0.5395,-0.9436473620455,-1.14364153248306
0.54,-0.84052095836972,-0.647584269889184
0.5405,-0.489426076025017,0.14850547750108
0.541,-0.241089237357013,0.605622728536532
0.5415,0.0854797946510136,0.933812722628349
0.542,0.355667850805742,0.864012729232808
0.5425,0.399697483090063,0.784224169575392
0.543,0.745547430450043,0.912335246661467
0.5435,0.787131853653383,1.20098104718327
0.544,0.78949191631687,1.62036486203193
0.5445,0.804307127472361,1.95369581996091
0.545,0.447359432749815,1.43044401481983
0.5455,0.147404824102193,1.01692622547231
0.546,-0.173320301860092,-0.0987705461228149
0.5465,-0.577159104192556,-0.76318908164958
0.547,-0.870330091141865,-1.15812022792041
0.5475,-1.00361197939693,-1.22640337804797
0.548,-0.827717369177189,-0.837693460396328
0.5485,-0.745913165170075,-0.219707666466566
0.549,-0.266625113166586,0.390676720187229
0.5495,-0.00825902464671571,0.591708559174435
0.55,0.0599193778710069,0.427969436764208
0.5505,0.340847311678337,0.683018248742232
0.551,0.63067524213402,0.777368825180524
0.5515,0.874613324876987,1.28830305677954
0.552,0.813171649144239,1.73505470722822
0.5525,0.938882590994832,1.96174804818847
0.553,0.684474231259735,1.73088964346807
0.5535,0.445113995844555,1.30411412381552
0.554,0.0143247337073881,0.418357222632753
0.5545,-0.365634700021117,-0.496416972212977
0.555,-0.738767719481924,-1.00744163704313
0.5555,-0.886230994326446,-0.904594497300853
0.556,-0.80672967781304,-0.903118497241013
0.5565,-0.674122129770982,-0.473818975930806
0.557,-0.589584212075918,0.146413272628679
0.5575,-0.309879236948083,0.21270909875809
0.558,-0.085468568291512,0.189615737835627
0.5585,0.0953570712822216,0.200179811055334
0.559,0.462967894764242,0.636674678716606
0.5595,0.782029653027199,1.09839093368824
0.56,0.920490453646432,1.56834650942523
0.5605,1.03385649877064,2.13660127315779
0.561,0.953456613014341,2.00126314601437
0.5615,0.592370201019251,1.39757077873987
0.562,0.129287999859725,0.673483290203017
0.5625,-0.302849513991145,-0.190145018011014
0.563,-0.615632082189381,-0.719127648648468
0.5635,-0.830720461066744,-0.856383861817237
0.564,-0.90839303227353,-0.685276905131487
0.5645,-0.755192223428331,-0.271599051548978
0.565,-0.751490059445118,-0.222498769570312
0.5655,-0.491130052107235,-0.0572481337607767
0.566,-0.312423781226057,-0.192570781037269
0.5665,-0.13600298505687,0.109604643312024
0.567,0.228606212700459,0.352750026652112
0.5675,0.573835655079314,0.987806531340144
0.568,0.851750104330761,1.61698495615597
0.5685,1.0717586653607,2.15437181116634
0.569,0.942223518252852,2.12410312845076
0.5695,0.715923848049918,1.80108603656362
0.57,0.268018795548557,1.00432787028396
0.5705,0.0730823058794936,0.0558907980209979
0.571,-0.449672656590545,-0.555088702358696
0.5715,-0.696207567635483,-0.611306131371261
0.572,-0.646250322585553,-0.55442050291618
0.5725,-0.793249341876269,-0.105591960252298
0.573,-0.705231559462768,7.86372337016319
0.5735,-0.687521464803493,-0.0228375132597728
0.574,-0.64318464700078,-0.169573109145159
0.5745,-0.297968168032177,-0.414841890652855
0.575,0.0195802625300239,-0.0110893709086037
0.5755,0.397100360073456,0.620777333688386
0.576,0.739221892298468,1.38129072254654
0.5765,1.03994445017343,2.10041689904255
0.577,0.962334928576869,2.11866082044672
0.5775,0.936283058664272,1.89944939915883
0.578,0.514938626731617,1.0640094762542
0.5785,0.193320197175694,0.425797052364779
0.579,-0.15190715178131,-0.138161551852092
0.5795,-0.501685278101501,-0.383897313683865
0.58,-0.542239777799697,-0.365841745675978
0.5805,-0.742987876634846,-0.218460225013774
0.581,-0.716679188536728,-0.242974367270765
0.5815,-0.717270722980965,-0.18698582823369
0.582,-0.738099798468225,-0.680740707012404
0.5825,-0.467474536429929,-0.660899645325903
0.583,-0.239970052579017,-0.234868138530255
0.5835,0.123270470320605,0.339853012509701
0.584,0.403030815595121,1.26779640594522
0.5845,0.833716939625375,1.96217073159441
0.585,0.986660263565713,2.30315555842645
0.5855,0.990924062901671,1.97099561762687
0.586,0.705966340809963,1.25714555253479
0.5865,0.460448178489303,0.420592377435527
0.587,0.00327683571016091,0.077725436682499
0.5875,-0.195617495023348,-0.197118109335454
0.588,-0.488853380098267,-0.148851727274397
0.5885,-0.500438705949314,-0.0849219575414598
0.589,-0.634036697416686,-0.106065705511699
0.5895,-0.838836066322022,-0.409356887224663
0.59,-0.780150350947109,-0.782959698916448
0.5905,-0.6737718307782,-0.775638603024607
0.591,-0.491706745901907,-0.688659475338517
0.5915,-0.0547752967297736,0.0756543389017424
0.592,0.254803120698771,1.10925917633251
0.5925,0.760240439162516,1.72563122396386
0.593,1.02888793729363,2.19570731309919
0.5935,1.04589677000059,2.02404902075124
0.594,0.86044974294216,1.58825315536543
0.5945,0.586603001851193,0.832430240309241
0.595,0.301181463472464,0.40166252433662
0.5955,0.023938340522376,0.302925384211377
0.596,-0.300587756571515,0.193106652478588
0.5965,-0.35014465335468,0.287466599634947
0.597,-0.612367482675784,-0.0236119960482246
0.5975,-0.754995234151616,-0.282487970579371
0.598,-0.861121720117585,-0.722906556558592
0.5985,-0.770889021030272,-0.958913386851762
0.599,-0.682313425486901,-0.738263386572981
0.5995,-0.425908812124472,-0.314516989630999
0.6,0.195929071402967,0.714053612831635
0.6005,0.556602207527807,1.57251383975291
0.601,0.838920912464665,1.81417837125766
0.6015,0.887156469048325,2.13140902916133
0.602,0.851814895123429,1.57367323514304
0.6025,0.780908160965352,1.09483121544759
0.603,0.476834996667251,0.54721365799948
0.6035,0.271634267461158,0.539744436423164
0.604,-0.0284109423901001,0.484866548259752
0.6045,-0.264794534959655,0.491389018095534
0.605,-0.44917535576798,0.161600615425191
0.6055,-0.639440616729196,-0.460149307554166
0.606,-0.957632417949403,-0.847212172837846
0.6065,-0.89221788408407,-1.14988851391067
0.607,-0.929275665760271,-1.23486069106648
0.6075,-0.554127841958506,-0.448257704710301
0.608,-0.180393200786988,0.41379078607455
0.6085,0.407699665832975,1.14491261291394
0.609,0.844239895065219,1.80488174844024
0.6095,0.936232598022197,1.90308296036632
0.61,1.02395156266077,1.44236751683381
0.6105,0.779700543338336,1.11800849840631
0.611,0.605453179026758,0.940221611421437
0.6115,0.369235616713344,0.807287136719566
0.612,0.245610863916119,0.799020066925683
0.6125,-0.0178492653730996,0.750311446962489
0.613,-0.342633405535829,0.468373787598059
0.6135,-0.607835611456273,-0.0871833458904005
0.614,-0.821820563186911,-0.85122773535171
0.6145,-1.07494103361465,-1.09184875974161
0.615,-1.06157113501016,-1.02966160584778
0.6155,-0.626669979613969,-0.707087746468159
0.616,-0.397390163822782,0.224444206596822
0.6165,0.0424988148721109,0.74993481575803
0.617,0.55073310927695,1.5484381619028
0.6175,0.691753738942347,1.68227331223346
0.618,0.819353773274799,1.51782112849414
0.6185,0.794640593274052,1.10020418764298
0.619,0.535869849665601,0.957541587332571
0.6195,0.566859505353612,1.03046326062441
0.62,0.423186345755804,0.82626973815644
0.6205,0.297751584215495,1.08761614330415
0.621,-0.102148178333055,0.801725209573349
0.6215,-0.461909923145276,0.162459792383251
0.622,-0.789592838735722,-0.766350379055964
0.6225,-0.98593815809614,-1.0107921776986
0.623,-1.16792395336961,-1.32611446856018
0.6235,-0.739984739948831,-0.998133919595093
0.624,-0.422046895020267,-0.28816920394138
0.6245,0.0421263732570104,0.663221020711279
0.625,0.247641685428185,1.41557022686539
0.6255,0.586863841002598,1.60915841982692
0.626,0.706615054637008,1.29333199405354
0.6265,0.791499854332544,1.02367571942823
0.627,0.658688420513122,1.2101188884987
0.6275,0.739569675500784,1.10139866194542
0.628,0.65751590912706,1.35500611900072
0.6285,0.45757022495372,1.35496441914332
0.629,0.208774373673937,0.945433889408367
0.6295,-0.208170729766156,0.422794045363471
0.63,-0.724121296959623,-0.486355762143184
0.6305,-0.900348962145522,-1.22675161852456
0.631,-1.0509487554156,-1.37204438960536
0.6315,-0.964837509903434,-0.978182704686347
0.632,-0.665661623500941,-0.385041158681108
0.6325,-0.315438352636226,0.525647525254522
0.633,0.183670020972618,0.955171622735772
0.6335,0.32439829499718,1.23853390437177
0.634,0.396201174632534,1.02705382848787
0.6345,0.627314693350683,0.977743571173767
0.635,0.739339525743513,1.03694356438848
0.6355,0.799219803010736,1.3665996199946
0.636,0.831133180794523,1.4385073873819
0.6365,0.608252188795222,1.58151325921619
0.637,0.431887564688436,1.38588406149272
0.6375,-0.000162571204034186,0.651406446109598
0.638,-0.5330073915995,-0.376582263648151
0.6385,-0.983669941916209,-1.09049922551651
0.639,-1.1029673520373,-1.29861618943542
0.6395,-0.93246485246693,-1.11679376448957
0.64,-0.853332749565735,-0.547939227918511
0.6405,-0.623380452370528,0.206260779354088
0.641,-0.168770353313548,0.652527425223741
0.6415,0.238645605239898,0.933488305052743
0.642,0.409215387048446,0.733930601930938
0.6425,0.449687193294081,0.866655828243363
0.643,0.590194513512502,0.872028127820516
0.6435,0.746679844703744,1.16952457362697
0.644,0.877533042369602,1.58382677503969
0.6445,0.843482548433468,1.80098571957186
0.645,0.503370349516258,1.65655799556104
0.6455,0.140996860621282,1.19750438406049
0.646,-0.212102786471153,0.0880585856031194
0.6465,-0.625374625451329,-0.722858042336526
0.647,-0.789942882151242,-1.25373859587351
0.6475,-1.03664826467655,-1.03389797044261
0.648,-0.722044414648487,-0.798579251001775
0.6485,-0.526642808462284,0.0324764743917071
0.649,-0.411973700800306,0.214008511254691
0.6495,-0.0707932664856881,0.638648862726648
0.65,0.0949707828876197,0.524857812185769
0.6505,0.297642889991289,0.531069689939622
0.651,0.545038791153468,0.702782886788852
0.6515,0.78667937870157,1.26620050973465
0.652,0.957729993059213,1.67139908051874
0.6525,1.01908133979512,2.04227622151638
0.653,0.671307487715211,1.7962311508966
0.6535,0.328400635678292,1.39023527720972
0.654,-0.0121370074440069,0.397102648701356
0.6545,-0.452867640428876,-0.717761154432201
0.655,-0.776708040410822,-0.77014832206676
0.6555,-0.952622372864617,-1.10888126743243
0.656,-0.805641744786841,-0.606998541821329
0.6565,-0.655759383871825,-0.28435035438604
0.657,-0.577244563319312,-0.0651272947368776
0.6575,-0.301618544731898,0.407040951023454
0.658,-0.0921243966138276,0.324899651675315
0.6585,0.0621505874390969,0.33710397878263
0.659,0.388257294329931,0.563542251705277
0.6595,0.720597130594625,1.05330642177989
0.66,0.869023217585309,1.64333027624232
0.6605,1.14533015714975,2.0428592139859
0.661,0.811599346171156,1.92195400725614
0.6615,0.624833023143857,1.54091706321027
0.662,0.28395386965127,0.755729722832954
0.6625,-0.274137345874514,-0.165155799659314
0.663,-0.631166107454346,-0.799407523427584
0.6635,-0.806322783287073,-0.766651476225844
0.664,-0.752177351222353,-0.773623988819373
0.6645,-0.740370595512163,-0.291673601275994
0.665,-0.620252967720951,0.0947873142426433
0.6655,-0.45791704902069,-0.0624406091367355
0.666,-0.304074674905062,-0.145526385812353
0.6665,-0.138286347889879,-0.0690311857851887
0.667,0.180481547732695,0.301871790056135
0.6675,0.529033907885654,1.05244686920611
0.668,0.936496392413182,1.58277917143661
0.6685,1.03311073665278,2.12881477227427
0.669,0.928551504095944,1.99169522210955
0.6695,0.768631131432939,1.64757384472902
0.67,0.477017998699353,0.914811632268413
0.6705,0.0407291506089502,0.154523446224969
0.671,-0.37362016894038,-0.403268265808793
0.6715,-0.610412188617039,-0.573266146729158
0.672,-0.764068402376975,-0.43532933457441
0.6725,-0.873699754310476,-0.236828356910852
0.673,-0.755967437562975,-0.0846051511085219
0.6735,-0.591631530361707,-0.165835786517883
0.674,-0.583614322513257,-0.171045208830448
0.6745,-0.372003681174672,-0.121848223138532
0.675,-0.0983982524938986,0.137115087625799
0.6755,0.431966479885708,0.68967178387574
0.676,0.671830020358894,1.69070898159526
0.6765,1.01168886641209,2.17260450487955
0.677,1.14200665937438,2.21085313309507
0.6775,0.870227570151634,2.04766028630267
0.678,0.587921659516067,1.1379934056029
0.6785,0.136422447486871,0.356958891657583
0.679,-0.17839479722929,-0.264005199839825
0.6795,-0.482417316393338,-0.384877426630683
0.68,-0.574439396960271,-0.4340899274955
0.6805,-0.777067899207972,-0.0391532007775734
0.681,-0.785382471758813,-0.128275394995583
0.6815,-0.830605516958333,-0.146842942954871
0.682,-0.668655608760346,-0.50596322377599
0.6825,-0.529614769143726,-0.52868353109648
0.683,-0.291122044069337,-0.221681704532817
0.6835,0.168726908135903,0.612904496056486
0.684,0.510420028123991,1.34624556369299
0.6845,0.900097646718414,2.02468991505542
0.685,1.09784086041595,2.32898378475249
0.6855,0.902354314527642,2.0241436307716
0.686,0.656636209340486,1.48624753542337
0.6865,0.339626317211503,0.802387905615795
0.687,0.0805056028306744,0.25517776719939
0.6875,-0.222301664374222,0.0828413385944217
0.688,-0.442816144565963,-0.00956271123298591
0.6885,-0.614572963282079,-0.0282303359266916
0.689,-0.660028367315578,-0.131685732106412
0.6895,-0.783835718303591,-0.260559482251198
0.69,-0.781008776473713,-0.738200192140765
0.6905,-0.774165251844734,-0.717999389540704
0.691,-0.4479253564543,-0.546376219141224
0.6915,-0.0115304787143056,0.128437953936964
0.692,0.377707080913528,1.01876555810735
0.6925,0.777573325191574,2.03717864321249
0.693,1.09223022539592,2.07265778507677
0.6935,0.964730423619161,2.23403398442125
0.694,0.807763325547117,1.51751939627105
0.6945,0.549242851577907,0.938015584237431
0.695,0.261037016464357,0.468729498022039
0.6955,0.00243996573277819,0.0750360286718556
0.696,-0.255486899118648,0.252480107956214
0.6965,-0.386098261356328,0.232499176463923
0.697,-0.642868257377152,0.0457266610220656
0.6975,-0.798027633422858,-0.425069522447908
0.698,-0.857942788862622,-0.841102125785059
0.6985,-0.873432978821357,-1.00426204621306
0.699,-0.720811346930961,-0.779580148126808
0.6995,-0.268510928794377,-0.0648894227214475
0.7,0.298095805784342,0.813795480330953
0.7005,0.495422312827204,1.63998063676263
0.701,0.864116007333391,2.05760030288978
0.7015,0.963533291501209,1.91990262512909
0.702,0.944176566131414,1.64457755142804
0.7025,0.704504021085159,1.15714436529237
0.703,0.430370993205241,0.703198218461091
0.7035,0.174539479760221,0.402660015340191
0.704,-0.0980086332376418,0.503358470296996
0.7045,-0.139048991578619,0.607122869026116
0.705,-0.369097986987201,0.187490753861181
0.7055,-0.752033532864006,-0.273512777931083
0.706,-0.885799060897612,-0.728342393712913
0.7065,-1.00836010295275,-1.09009633929262
0.707,-0.714847767144015,-0.973046800127722
0.7075,-0.533380657683735,-0.383285575915284
0.708,-0.158466751620083,0.422532885953526
0.7085,0.309176653308236,1.27005242843992
0.709,0.594877944491327,1.90162550409633
0.7095,0.853004043933594,1.8631357475938
0.71,0.822080815771561,1.66487759087025
0.7105,0.704139786314596,1.23062745741363
0.711,0.707344177071413,0.976670462426245
0.7115,0.495664973918559,0.814801245083783
0.712,0.222231164804046,0.922281408146251
0.7125,0.00676257141881164,0.80158899939858
0.713,-0.329700914482198,0.659730602174997
0.7135,-0.677862589691708,-0.117590880334775
0.714,-0.850219386039735,-0.510877652098417
0.7145,-0.968202461381559,-1.12070493305751
0.715,-0.909410713918045,-1.01869857988389
0.7155,-0.766225182848147,-0.674733717846416
0.716,-0.361581972959409,0.195057232882711
0.7165,0.0596412367496423,1.01554161361399
0.717,0.45460626489064,1.61265824483468
0.7175,0.67641491879203,1.58280019693422
0.718,0.894558901025983,1.64239351109741
0.7185,0.869974262009264,1.40286904784334
0.719,0.691024392829798,1.0200961381
0.7195,0.499687912780262,1.12809576076783
0.72,0.449151824495333,1.07886295653068
0.7205,0.37909771884061,1.0189935419078
0.721,-0.065084340537853,0.802137640017317
0.7215,-0.487271935779085,0.210661706144156
0.722,-0.761478546620424,-0.595992024643931
0.7225,-0.965176356395969,-1.03938311390671
0.723,-1.03524696374153,-1.30538879447529
0.7235,-0.828424720306674,-0.82897063566432
0.724,-0.547796842836413,-0.143758833578395
0.7245,-0.218763422457236,0.780903380906542
0.725,0.24205537266127,1.1940918098586
0.7255,0.554143154527639,1.32328385537651
0.726,0.690162703250314,1.41559699669252
0.7265,0.82304450024105,1.31328719264217
0.727,0.702725050282416,1.06948047662649
0.7275,0.720460960593885,1.39779998279747
0.728,0.567917446559236,1.55630930618435
0.7285,0.383828291977985,1.34173475981313
0.729,0.175628492760174,1.13575492282074
0.7295,-0.299352021708287,0.296568605932962
0.73,-0.730247067466749,-0.495575942811055
0.7305,-0.991404196034042,-1.00507552124563
0.731,-1.1355601450006,-1.23053217126855
0.7315,-0.921740652801301,-1.00432363748032
0.732,-0.607467945883354,-0.340552113868284
0.7325,-0.239602716066196,0.432534269728996
0.733,0.0192735995667563,0.990501891110675
0.7335,0.432862029915721,1.04642683565274
0.734,0.462583934326781,1.13390341230143
0.7345,0.743015586839564,1.05694516374847
0.735,0.762526402337563,1.30597315359637
0.7355,0.962765646852719,1.33986690138292
0.736,0.749989126077431,1.71746751447745
0.7365,0.670060477137293,1.61021442146415
0.737,0.386213403078554,
0.7375,0.00509308431829047,
0.738,-0.436292419974704,
0.7385,-0.823493013089632,
0.739,-0.97427158423557,
0.7395,-0.884656214455815,
0.74,-0.801855646255102,-0.553498356160558
0.7405,-0.483583777736784,0.297912388628759
0.741,-0.183576071555261,0.791954042612331
0.7415,0.0704819964884448,0.840714382623178
0.742,0.248869748131077,0.922834804310974
0.7425,0.562080657730722,0.833344810528542
0.743,0.688460272964891,0.994366881840967
0.7435,0.837669287949188,1.32469282178952
0.744,0.834884782020262,1.8687207973804
0.7445,0.808740918940519,1.89402142346996
0.745,0.55837167904002,1.51762679934601
0.7455,0.145238007408639,1.1453385756747
0.746,-0.200848827777465,0.184725798976372
0.7465,-0.650429284108388,-0.750537669647153
0.747,-0.812206709089342,-0.940757646715963
0.7475,-0.938146440681263,-1.03981561642201
0.748,-0.905308796412812,-0.485958287754322
0.7485,-0.729247421946795,-0.0715342066655286
0.749,-0.289814823980425,0.4037093237569
0.7495,0.00878126664351998,0.721153949584978
0.75,0.039703470127795,0.588679131795296
0.7505,0.294233354110231,0.649040708727289
0.751,0.485155715063912,0.942665417251492
0.7515,0.856196701235063,1.45166557470411
0.752,0.965082447838974,1.78856413314743
0.7525,0.917057556492972,2.11200631449525
0.753,0.793364104674124,1.91547134423285
0.7535,0.300286179053845,1.41972405073364
0.754,-0.040862733390521,0.588900229640814
0.7545,-0.415925402695195,-0.310123122782063
0.755,-0.852557492527824,-0.912110349792547
0.7555,-0.907551883228288,-0.952071911802467
0.756,-0.915305233885055,-0.688594858876956
0.7565,-0.677245367232899,-0.108187914467026
0.757,-0.4206849617595,0.0608549845617276
0.7575,-0.273459117897908,0.340983351961289
0.758,-0.00580674301496123,0.396540380700281
0.7585,0.00923055329651096,0.606886122625433
0.759,0.368344231808817,0.70604557460216
0.7595,0.643046279237254,1.26545548726374
0.76,0.835975297833017,1.59353968501798
0.7605,1.04692767665006,2.10336177932354
0.761,0.924832868148311,2.07918130592575
0.7615,0.483495562461223,1.68986286920145
0.762,0.148570329318538,0.865734476861126
0.7625,-0.216885440485174,-0.101807229835449
0.763,-0.641227719037293,-0.709325130121581
0.7635,-0.798813473367207,-0.747708200620781
0.764,-0.908542401099522,-0.59982149284122
0.7645,-0.818353833120106,-0.0928610901505029
0.765,-0.651512721968094,0.0813493666319705
0.7655,-0.53150103423499,0.160504776073641
0.766,-0.280924472447937,0.116290454128802
0.7665,-0.130716356183302,0.101116386783636
0.767,0.117892226875767,0.280852238440322
0.7675,0.548068405198216,1.0708028095155
0.768,0.844329141975898,1.78761221463463
0.7685,0.89535889800579,2.17982390693259
0.769,1.04904938512701,2.35653681474001
0.7695,0.719089810200435,1.83116330547467
0.77,0.3599908984346,1.07369272578005
0.7705,0.0116542136703528,0.157544569076488
0.771,-0.43049665536332,-0.369947900480408
0.7715,-0.658917825206735,-0.647020245222815
0.772,-0.897322938307505,-0.37459251461651
0.7725,-0.76190791337098,-0.156894758848431
0.773,-0.711311135375644,-0.173489633853565
0.7735,-0.652296512954611,-0.0858803997655594
0.774,-0.500711716412895,-0.146169962568322
0.7745,-0.338101569426133,-0.111026621576256
0.775,-0.0475263713065106,0.185061231046194
0.7755,0.408255515074251,0.830598960086586
0.776,0.784395933390987,1.43273962141792
0.7765,0.945170712386739,2.16778872227859
0.777,0.995542604294331,2.51615736589874
0.7775,0.880306975395317,1.93208305300875
0.778,0.670338100022814,1.38377488510217
0.7785,0.133985012952174,0.474239835506663
0.779,-0.04928448214525,0.0102560891577068
0.7795,-0.437217383251174,-0.31405872886937
0.78,-0.674145938723441,-0.0769956996329326
0.7805,-0.671032646023154,-0.0118183682546582
0.781,-0.802467347382002,0.113349160317857
0.7815,-0.854791961062963,-0.0596159226712984
0.782,-0.584118371658596,-0.304159829250179
0.7825,-0.42052156912551,-0.554088588936057
0.783,-0.190518413906369,-0.158197016371
0.7835,0.123045249944958,0.653633142495645
0.784,0.49323843404407,1.24128329553476
0.7845,0.808185378751475,2.00404371732102
0.785,1.07215758565288,2.26477900406151
0.7855,1.00373828101899,2.11849481755368
0.786,0.693016800339945,1.53021404136082
0.7865,0.340986749032523,0.667534019550115
0.787,0.0464138393112444,0.361169728934596
0.7875,-0.34994362032014,0.180129876952686
0.788,-0.355998432455998,0.181336530061396
0.7885,-0.561179275854139,0.0529843621210128
0.789,-0.657141645087745,-0.0953482703851609
0.7895,-0.801864285659864,-0.17283357908974
0.79,-0.81678468756685,-0.679955424664371
0.7905,-0.775469677401074,-0.589850794106301
0.791,-0.356585983646141,-0.48938798889346
0.7915,-0.138316499153925,0.189726278567681
0.792,0.280954700989091,1.03646938832704
0.7925,0.760827561389555,1.88120906986609
0.793,0.93068814481572,2.29090871249985
0.7935,1.02996256507739,2.13782158197966
0.794,0.9715826379777,1.69817165130337
0.7945,0.557575446083782,0.880778250726959
0.795,0.0851041846201255,0.657292570492069
0.7955,0.012428692382674,0.370234656383469
0.796,-0.167472790165623,0.364785314873564
0.7965,-0.382876829453901,0.273293791971113
0.797,-0.577728223452157,0.0290889661619499
0.7975,-0.755923583506816,-0.190377781407761
0.798,-0.916202955739454,-0.595655380868795
0.7985,-0.865535102516892,-0.940418625303905
0.799,-0.672387516072166,-0.649528781255895
0.7995,-0.288409460400467,-0.0768227712967322
0.8,0.0474066550608013,0.860719932372959
0.8005,0.558692709094347,1.83279856745283
0.801,0.862559487770161,2.15645294359744
0.8015,0.999974222106785,2.17203137446738
0.802,0.92140007193577,1.69751074004951
0.8025,0.652065822155609,1.14667531441503
0.803,0.383039571128608,0.813302340332862
0.8035,0.236780261167841,0.533153067415939
0.804,0.0619643622219764,0.585748000724766
0.8045,-0.187093568145552,0.682091749676042
0.805,-0.420998976664521,0.349836861992768
0.8055,-0.765752733179676,-0.106872519575957
0.806,-0.900728655065178,-0.790751082465419
0.8065,-0.828807453322605,-0.995940386810339
0.807,-0.796391673772988,-0.846887367739879
0.8075,-0.572555500070046,-0.269426669911883
0.808,-0.148383587280134,0.559593075436099
0.8085,0.327658470492356,1.55186640213288
0.809,0.793403684629049,1.90626582327559
0.8095,0.795476889645825,2.07397595616164
0.81,0.802090206977016,1.73102085722723
0.8105,0.758829742109739,1.28634962983068
0.811,0.583712774535203,0.911509254026418
0.8115,0.44542734583137,0.81685636209829
0.812,0.235458368652053,0.823611230219877
0.8125,-0.0255099549758816,0.856305871107366
0.813,-0.274326198694022,0.662397287577759
0.8135,-0.592839408780865,0.228736504778985
0.814,-0.934188338078413,-0.534213242929634
0.8145,-0.973707457716178,-1.08812271562071
0.815,-0.93642257786913,-1.13099090429416
0.8155,-0.680177469466223,-0.586907843410373
0.816,-0.266464826076086,0.247862260419902
0.8165,0.149703922357716,1.14220428834037
0.817,0.492404586242893,1.75541508327938
0.8175,0.775281735636346,1.86589590804922
0.818,0.843530913563717,1.66439351787154
0.8185,0.770916147655255,1.37505008024699
0.819,0.698634204805266,1.19505250851168
0.8195,0.558780683796122,1.09153814690335
0.82,0.459268813561212,1.24022717827803
0.8205,0.217758250105599,1.14907339555468
0.821,-0.141997140960236,0.713737916746176
0.8215,-0.44310198394528,0.352301069239343
0.822,-0.881402069543446,-0.518743379385718
0.8225,-0.918253791692964,-0.995667163365687
0.823,-0.985970916315062,-1.2452425372948
0.8235,-0.841010316156281,-0.883218529911027
0.824,-0.586133596307973,0.0297670803856838
0.8245,-0.109822866383277,0.939349656974507
0.825,0.357215965995977,1.53801184224015
0.8255,0.626401268899082,1.54417456672394
0.826,0.633659068198027,1.46252089859246
0.8265,0.709883913077937,1.31184698257772
0.827,0.715910140945439,1.35162553489636
0.8275,0.76551276285508,1.27492650826989
0.828,0.612728240123593,1.44034540694845
0.8285,0.337274371612403,1.48003065078271
0.829,0.133620699820638,1.11681072244748
0.8295,-0.286484448194189,0.512757653286713
0.83,-0.720662832447808,-0.273828716230153
0.8305,-0.964942271171505,-0.980400429512182
0.831,-1.00150959189357,-1.1674197829826
0.8315,-0.941541924728012,-0.672523306741971
0.832,-0.707833173903297,-0.256330828132433
0.8325,-0.331689362376463,0.422545954795958
0.833,0.124642447302022,1.09501889163263
0.8335,0.264114158717414,1.36545122563987
0.834,0.559619567356631,1.27624958303475
0.8345,0.728364322339044,1.20943480817729
0.835,0.659714117123784,1.3079755803129
0.8355,0.800700982084165,1.47775691183843
0.836,0.673868080370188,1.77682497564872
0.8365,0.620738277651786,1.60931480552133
0.837,0.360984459225046,1.47971138396292
0.8375,-0.14707973051865,0.743593567686202
0.838,-0.408542401466878,0.00119690143175
0.8385,-0.835845438431988,-0.615407285861716
0.839,-0.952855037213611,-1.00821544582843
0.8395,-0.902092026527544,-0.888434232551985
0.84,-0.665984766515237,-0.384395195417544
0.8405,-0.510752341345202,0.375258582684276
0.841,-0.18441822290303,0.81090670614375
0.8415,0.0913887210856864,1.06440901656134
0.842,0.366159017975748,0.981921129852198
0.8425,0.53407192001056,0.889955853797611
0.843,0.646710815640532,1.06203948591198
0.8435,0.798885370697799,1.40020735241127
0.844,0.723334893809262,1.75368731673302
0.8445,0.795179764103452,2.10659724387778
0.845,0.569239610253485,1.73609137142499
0.8455,0.285082496806625,1.05292923977908
0.846,-0.317621945751492,0.0484256406769288
0.8465,-0.567749774069163,-0.59724184717982
0.847,-0.861655445590794,-0.946916607701309
0.8475,-0.940155817095915,-0.928357456488429
0.848,-0.829851709595587,-0.529832785114199
0.8485,-0.615161169777958,-0.0979451901562983
0.849,-0.353314779436063,0.603259951200221
0.8495,-0.116111835328662,0.65256533735958
0.85,0.101530164639739,0.791820755556917
0.8505,0.363253154431801,0.797627563966539
0.851,0.495785681953412,0.926223121822311
0.8515,0.795105933507298,1.43199487890301
0.852,0.953637608146228,1.80421628045608
0.8525,0.950202965242014,2.23198732748217
0.853,0.740652015616303,1.94970543002501
0.8535,0.486910872997169,1.13585664529395
0.854,0.00676232667653281,0.492838623811482
0.8545,-0.50663951361692,-0.312366671720789
0.855,-0.845301571307069,-0.882046392760124
0.8555,-0.947308058093727,-0.849305392960953
0.856,-0.837975990400998,-0.443574294228573
0.8565,-0.667526222237296,-0.0218711317666694
0.857,-0.284392182274094,0.479907090286877
0.8575,-0.29075935528279,0.427267729145107
0.858,-0.126181748743038,0.440899161277073
0.8585,0.0922478428403819,0.530560802024494
0.859,0.492873620805005,0.803991668429285
0.8595,0.522703530192959,1.20058827483953
0.86,0.913046476792227,1.75083645659519
0.8605,1.08000521976321,2.23178950261281
0.861,0.891952654219336,2.30577670044921
0.8615,0.568874475093226,1.75134267134247
0.862,0.0721134244211868,0.784189227040073
0.8625,-0.408501195711669,-0.0672985004809741
0.863,-0.559988488831035,-0.627653841902158
0.8635,-0.939947996365015,-0.678987635355907
0.864,-0.807137436547363,-0.352394534409563
0.8645,-0.749253840721403,-0.205555820563108
0.865,-0.581714628050662,0.17288043038834
0.8655,-0.550764861843716,0.223994490731195
0.866,-0.365865105222258,0.0947534062986964
0.8665,-0.151628439547877,0.0868511531267018
0.867,0.262779823924141,0.556764645864231
0.8675,0.558442761920599,1.20598225945515
0.868,0.875295141964372,1.80382853482825
0.8685,1.02946889433117,2.13679688835378
0.869,0.903234924943565,2.29678165255597
0.8695,0.746179445041682,2.0501032931883
0.87,0.478746425322805,1.15879309719446
0.8705,0.00378422536661948,0.162253355895333
0.871,-0.458012914915164,-0.3147935499446
0.8715,-0.600903283463867,-0.404633580213802
0.872,-0.754442458504486,-0.473956351001391
0.8725,-0.778571846366774,0.0591338558538672
0.873,-0.69786946452802,-0.000706281788801499
0.8735,-0.833013059295399,-0.013718487985458
0.874,-0.555203053807473,-0.187930551347149
0.8745,-0.259234696326897,-0.138047212835999
0.875,-0.0190480951446543,0.172771632732621
0.8755,0.306073197392473,0.991639315425611
0.876,0.843675952743802,1.57876797563299
0.8765,0.919851040625161,2.37589714365565
0.877,1.05564425780047,2.43436839194911
0.8775,0.889503949211984,2.19872242731532
0.878,0.616934804008168,1.32575685860151
0.8785,0.216971254152445,0.556823996979629
0.879,-0.13267384650878,0.019178739447296
0.8795,-0.576128372837753,-0.310370308778899
0.88,-0.589464128000851,-0.118910601651147
0.8805,-0.761996782371363,0.0681861250963319
0.881,-0.748349389167843,-0.125763435039338
0.8815,-0.767957413778498,-0.229043343541282
0.882,-0.705590013076316,-0.332860584875876
0.8825,-0.530433070917913,-0.302356591556706
0.883,-0.342150669943802,-0.0784183842706471
0.8835,0.129252742050441,0.664945991176058
0.884,0.64143912445422,1.14993271615437
0.8845,0.918956042045175,2.06054295752439
0.885,1.14029966224535,2.42526105189173
0.8855,1.07211038450934,2.09634607968274
0.886,0.713564667243113,1.48741626367372
0.8865,0.40083165605396,0.84091937669158
0.887,-0.0143431936848607,0.222889181729246
0.8875,-0.233133517046603,0.162393777204003
0.888,-0.482932247786713,-0.0831645399554864
0.8885,-0.673693409406053,0.130580256441051
0.889,-0.673279016001951,0.0918244955765133
0.8895,-0.848681152659291,-0.163394543446754
0.89,-0.765166544666969,-0.560331128690138
0.8905,-0.768853478159854,-0.623597386755318
0.891,-0.492323593595505,-0.244813271371862
0.8915,-0.166626745353384,0.107196423200102
0.892,0.440847940985867,1.14398132080589
0.8925,0.799469935491864,1.91755144568993
0.893,0.930817050528966,2.22149761978408
0.8935,1.07119836679304,2.1925493609894
0.894,0.755834489529834,1.63746763271822
0.8945,0.4908932217161,1.16482240592478
0.895,0.260737897328499,0.674846108078107
0.8955,0.0770388734405861,0.337890989017243
0.896,-0.274857371824713,0.503403205428767
0.8965,-0.437910818161345,0.532216252595326
0.897,-0.520846194693259,0.182338351386342
0.8975,-0.766632034169615,-0.229039507939205
0.898,-1.03806072786444,-0.502743919029592
0.8985,-0.859025629391226,-0.851883404710062
0.899,-0.672662865293097,-0.656132658475561
0.8995,-0.33551587594524,0.00697826860639106
0.9,0.144610158771949,0.817747116972443
0.9005,0.518896953708385,1.87064900552916
0.901,0.972962565609876,2.12014589968585
0.9015,0.987325662284144,2.28918578536735
0.902,0.864818152333625,1.81326238755922
0.9025,0.684210597277794,1.16519669364609
0.903,0.488373380300488,0.590400012538723
0.9035,0.185961808378381,0.789707930573481
0.904,0.00724266263442967,0.709222834811171
0.9045,-0.212781412081436,0.546084403880387
0.905,-0.423558813194709,0.266630807731917
0.9055,-0.732591476083826,-0.0448856890588727
0.906,-0.898256906387242,-0.554621854480886
0.9065,-1.01941616335477,-0.972183647847006
0.907,-0.91851855996573,-0.915031498454316
0.9075,-0.441059139976531,-0.398277188817365
0.908,-0.072563059619798,0.536388170907637
0.9085,0.376668489530301,1.44768072564223
0.909,0.598354197428059,2.06489714844396
0.9095,0.817111308694181,2.16277987126784
0.91,0.926326471932417,1.67968015796292
0.9105,0.834452629456156,1.40649280272691
0.911,0.615501925007052,1.10520987271376
0.9115,0.398283578053089,1.05710974501658
0.912,0.182224633223557,1.10554427765289
0.9125,0.129695969995012,0.939456356931684
0.913,-0.273303710966201,0.597964340406384
0.9135,-0.580381999307377,0.0680848500590693
0.914,-0.842798732617021,-0.63026037841592
0.9145,-1.05022719091182,-1.09112580715649
0.915,-0.892416855871726,-0.90311422270605
0.9155,-0.738602550642175,-0.440606116152419
0.916,-0.286305138729738,0.467788267393185
0.9165,0.090589809394453,1.21885921361218
0.917,0.44723991398816,1.69578839277346
0.9175,0.644400477281081,1.83044856214156
0.918,0.804714435425734,1.93356119310628
0.9185,0.80460111740777,1.40677571999862
0.919,0.78989148900735,1.31239510794269
0.9195,0.514271439084564,1.1667293031354
0.92,0.359029301654121,1.16207545583614
0.9205,0.215828145511426,1.20106441283342
0.921,-0.00760769619447763,0.93704706759819
0.9215,-0.561284148806066,0.449297665835011
0.922,-0.750713270874307,-0.240874057956203
0.9225,-1.02421731719714,-1.04625736147211
0.923,-1.01744529547236,-1.19670869436916
0.9235,-0.838458872823161,-0.679833924972233
0.924,-0.622416847620372,0.068697812757151
0.9245,-0.129372062188267,0.911657545244106
0.925,0.26352141634582,1.48951055200685
0.9255,0.558821472624595,1.78346664987666
0.926,0.639901858034604,1.57206933189774
0.9265,0.797046312209192,1.18265468276992
0.927,0.778884029471144,1.32296368497965
0.9275,0.729894264145628,1.31798922023396
0.928,0.699784474892426,1.61317485440208
0.9285,0.449547257305136,1.63892830913718
0.929,0.120775031037107,1.26355596014916
0.9295,-0.214396618877772,0.536667991470622
0.93,-0.688445388750923,-0.138381043328336
0.9305,-0.892389107259802,-0.733677850097518
0.931,-1.07167835547752,-1.15212675330366
0.9315,-0.954271719482325,-0.849867367512077
0.932,-0.678124702102748,-0.118460082631702
0.9325,-0.412579193657685,0.326923456736664
0.933,0.00763321076092655,1.20828648187345
0.9335,0.335318346097904,1.43115974429533
0.934,0.512244711466066,1.38721282579703
0.9345,0.684619888149012,1.18363273397371
0.935,0.798067410585225,1.29710492387179
0.9355,0.774610150900543,1.31347721617456
0.936,0.784990080653902,1.74042011763573
0.9365,0.53453211626473,1.93245378685123
0.937,0.290923912663814,1.59668912067774
0.9375,0.0251085042496245,0.9397138895083
0.938,-0.541922496252721,-0.0140114842678158
0.9385,-0.890203110152385,-0.841630022991432
0.939,-0.928727564642252,-1.02555746216925
0.9395,-1.05415646796214,-0.887664770193292
0.94,-0.712415706322615,-0.217556817271703
0.9405,-0.556888760014491,0.475877447900273
0.941,-0.00151813502901083,0.845382991980702
0.9415,0.109723194050214,-5.94890656337706
0.942,0.359298539928284,0.930526837162082
0.9425,0.640918815826518,1.08400745045908
0.943,0.685510281089389,1.22781725483861
0.9435,0.83371610312204,1.52690566674147
0.944,0.843226465866826,1.86981182000626
0.9445,0.787523060367844,1.96713571714657
0.945,0.621384069760256,1.78636235518622
0.9455,0.25968586524367,1.16163593712348
0.946,-0.221695700075435,0.261045494987536
0.9465,-0.664358877531705,-0.468291949193517
0.947,-0.900810160226053,-0.880291911520456
0.9475,-1.01256644073312,-0.857639767105976
0.948,-0.900830825815151,-0.415683538529136
0.9485,-0.590399178614286,0.164399258447269
0.949,-0.478895585373258,0.665011333017911
0.9495,-0.00936342219000792,0.84198437377715
0.95,0.163446226405044,0.696032279416295
0.9505,0.441122451098734,0.840302473317451
0.951,0.616026577451096,1.09414289035283
0.9515,0.769565071533121,1.53900771359622
0.952,0.915289238240855,1.9454086346323
0.9525,0.864350935694315,2.26171340482648
0.953,0.696719573855433,2.17181417654104
0.9535,0.422106521387316,1.78734220572077
0.954,-0.0212682577733725,0.438184315046496
0.9545,-0.51834854961597,-0.265935610808672
0.955,-0.801743853992364,-0.72767731148179
0.9555,-0.950114982296163,-0.80538750713525
0.956,-0.851175806678295,-0.43356656879347
0.9565,-0.725374017462713,0.146645706837777
0.957,-0.54538019507683,0.291959631942364
0.9575,-0.314365839848355,0.392278117627527
0.958,-0.0490974358500092,0.588130801065307
0.9585,0.0843836679421543,0.58239130036009
0.959,0.403286166989647,0.881585868355778
0.9595,0.626669402799745,1.40734282204935
0.96,0.899026051892975,1.93189361912806
0.9605,0.896886898239284,2.34539616706689
0.961,0.912326997950092,2.4397944242767
0.9615,0.573857815373799,1.77990112232795
0.962,0.228203607418712,1.01636273121625
0.9625,-0.201568702930302,0.0204890854791452
0.963,-0.603272668357473,-0.628732121338844
0.9635,-0.876236271358928,-0.695015776429134
0.964,-0.79722963673314,-0.517161979647394
0.9645,-0.744099901757469,-0.0933834355348794
0.965,-0.676018882894098,0.34380032834859
0.9655,-0.518377686575095,0.254765313989667
0.966,-0.347400134845225,0.27227050210215
0.9665,-0.247821625983736,0.304516492423681
0.967,0.15025060682726,0.637412093246116
0.9675,0.567994525437008,1.2118333181237
0.968,0.857690013442178,1.90071005354383
0.9685,1.02807754510575,2.32720821704604
0.969,1.01590009955358,2.57633244345967
0.9695,0.66450596455036,1.96677301186592
0.97,0.347667384518476,1.16360353121395
0.9705,-0.0696445828729171,0.401672921535783
0.971,-0.446164160206313,-0.138159026449824
0.9715,-0.602050712970255,-0.430175675659458
0.972,-0.731973583670548,-0.251896352266808
0.9725,-0.909008114928088,-0.147966740780412
0.973,-0.778830908367646,0.167979828615292
0.9735,-0.683691763024771,0.0106987901956902
0.974,-0.446937687977529,0.0970872626470396
0.9745,-0.398571096128686,0.022677962131846
0.975,0.0360097375594189,0.399582367161554
0.9755,0.373199793145338,0.887849979486577
0.976,0.709457338037555,1.59297745503057
0.9765,0.99564885712641,2.42856550317683
0.977,1.02715371885118,2.61408298266409
0.9775,0.894607487887491,2.18577627556552
0.978,0.506971464732054,1.47440448545413
0.9785,0.194098903987486,0.653491018241807
0.979,-0.0598539332326945,0.0315253194995972
0.9795,-0.439821001883282,-0.0893974611012133
0.98,-0.629811058316264,-0.0393629773063281
0.9805,-0.68304546161967,-0.0627712242229097
0.981,-0.77987450476572,0.0474543316803838
0.9815,-0.78166737145243,0.104666045025847
0.982,-0.727102075113664,-0.468210245521511
0.9825,-0.551300861225959,-0.29924487082946
0.983,-0.311829474357326,0.0352723641256841
0.9835,0.233611380741825,0.7198116378507
0.984,0.491034269950683,1.57779842555434
0.9845,0.83103047888903,2.21792010176977
0.985,1.03871470059397,2.62300866466167
0.9855,1.00508427595432,2.31030218753319
0.986,0.750245362037369,1.6521956906335
0.9865,0.431966437657748,1.03683194323927
0.987,0.120553927142936,0.31288633400276
0.9875,-0.228580096214244,0.0678353687609475
0.988,-0.489220886802045,0.0489488533343048
0.9885,-0.629148553378797,0.233621282510203
0.989,-0.706548663416068,-0.0577372491986684
0.9895,-0.906410623794539,-0.040510836187555
0.99,-0.87892726919534,-0.261950081480827
0.9905,-0.709314678200723,-0.594135673117274
0.991,-0.426807858416023,-0.271003153316793
0.9915,-0.115314259514267,0.355562420471076
0.992,0.386990856898628,1.29532988083932
0.9925,0.787782560464454,1.99273511267411
0.993,1.02518599873169,2.40525609779834
0.9935,0.967735569333117,2.13223570828952
0.994,0.844447817950403,1.69765344090592
0.9945,0.495641660063786,1.2665527444389
0.995,0.333294664155703,0.655609319310104
0.9955,0.0884817076661559,0.739861246907335
0.996,-0.23844966036915,0.57700577721381
0.9965,-0.397204352404624,0.306948007355392
0.997,-0.548441529472142,0.328355288194229
0.9975,-0.76548960959792,-0.171893620358105
0.998,-0.838108805199314,-0.565645652045519
0.9985,-0.834018449461137,-0.612788071996798
0.999,-0.647890774098236,-0.617806035138808
0.9995,-0.404353697634036,-0.0125174064999197
1,0.0115584486384303,1.02094701736239
1.0005,0.613821892696395,1.76827279949901
1.001,0.879566869352318,2.40846815459716
1.0015,0.913039370507291,2.15095414694512
1.002,0.875275081118338,1.7848979969466
1.0025,0.657911109449817,1.35444539104937
1.003,0.362831235710874,0.976775669828877
1.0035,0.293810681035527,0.749805322171893
1.004,0.00571804116825525,0.665919183067754
1.0045,-0.345428966443114,0.63364238889155
1.005,-0.494596369731991,0.435689967169736
1.0055,-0.774598197837009,0.0647886209242466
1.006,-0.878036159998612,-0.320854519038133
1.0065,-0.914092676483748,-0.932319987737882
1.007,-0.837935104608813,-0.632333088824102
1.0075,-0.388023488174988,-0.294241723421882
1.008,-0.140224213426077,0.656661797326659
1.0085,0.27536421956781,1.49875922675457
1.009,0.6615401541532,2.07591707946744
1.0095,0.802745702785381,2.16548365166412
1.01,0.859610501081832,1.84911478827165
1.0105,0.812273808717381,1.65893959089667
1.011,0.503085780389328,1.08560532922809
1.0115,0.532942080104656,0.990054236999569
1.012,0.284968604082047,1.0368498337638
1.0125,0.042866873062782,1.07150681239317
1.013,-0.316801999883736,0.727718847458073
1.0135,-0.604965149959616,0.137037966752682
1.014,-0.816697631982462,-0.439728956034187
1.0145,-0.918705563903487,-0.802537545961357
1.015,-1.02130986653685,-0.876419464149716
1.0155,-0.669173650915831,-0.381608701033366
1.016,-0.293826801759818,0.514958224374773
1.0165,0.175247751540875,1.18755653798144
1.017,0.471070510481982,1.95713635858403
1.0175,0.678162737604302,2.03007225266488
1.018,0.858653602863899,1.83265267997205
1.0185,0.8076969956705,1.36959837977523
1.019,0.662362741242602,1.25550486209775
1.0195,0.54641972355414,1.41288129908949
1.02,0.371374613024258,1.30421633185121
1.0205,0.198641721525076,1.33401922546471
1.021,-0.18508612947394,0.815284275629542
1.0215,-0.512905864510582,0.479135102579487
1.022,-0.845148898216533,-0.307394603456841
1.0225,-1.01848992314536,-0.930662550628271
1.023,-1.11043899434469,-0.957885739591431
1.0235,-0.908039620460754,-0.66310847553395
1.024,-0.353616715423297,0.302685997873121
1.0245,-0.02194028991209,0.821758667263143
1.025,0.283976767140836,1.52999564127363
1.0255,0.522921572817119,1.76443480047749
1.026,0.757518295968782,1.79634783670114
1.0265,0.591435585743302,1.42163634889988
1.027,0.777974115025532,1.35883141387029
1.0275,0.608045804772893,1.47678512608395
1.028,0.565224192824223,1.5842541566047
1.0285,0.375131339963366,1.56278967988037
1.029,0.190105926992413,1.38516992875757
1.0295,-0.338205448572095,0.549407396211571
1.03,-0.640708236043661,-0.0821750871351554
1.0305,-0.87048050544164,-0.781019990603555
1.031,-1.10694549773225,-0.969727025225145
1.0315,-0.917919041296568,-0.631603353619594
1.032,-0.716340926943581,-0.12188262230741
1.0325,-0.148441040904473,0.602191279600091
1.033,0.111663082305244,1.13165176029675
1.0335,0.359729038464839,1.50122024587965
1.034,0.46352854430505,1.59275171344386
1.0345,0.676979139142083,1.13248949900851
1.035,0.695501647449332,1.4842130236791
1.0355,0.735837113072144,1.55134602728709
1.036,0.796449384710659,1.88644608371617
1.0365,0.650364153468657,2.03442395795151
1.037,0.258207134660607,1.61145067144912
1.0375,-0.00538852078084399,0.865817966545767
1.038,-0.458438938734809,0.0300933946795654
1.0385,-0.863202121932526,-0.634672971266979
1.039,-1.0584701213021,-0.918034769166249
1.0395,-0.896291490953731,-0.829811700495508
1.04,-0.689734415508696,-0.330497434235718
1.0405,-0.410795071616276,0.456707749500681
1.041,-0.145915604124115,0.842285136717817
1.0415,0.111015709823649,1.02762484585299
1.042,0.326339381109246,1.2053498909993
1.0425,0.558397493085931,1.22456339722382
1.043,0.619564738178029,1.41098089096948
1.0435,0.846961448005875,1.53339009178601
1.044,0.789563485342863,2.05374638385635
1.0445,0.823471118655511,2.03723585791444
1.045,0.612961811894994,1.91086607731312
1.0455,0.177446140381581,1.37269931755176
1.046,-0.300932308605275,0.296564626943467
1.0465,-0.604775501860629,-0.471176941973713
1.047,-0.969571667398578,-0.835532165168403
1.0475,-0.994065104289023,-0.873148501484883
1.048,-0.973636024722807,-0.546887960140802
1.0485,-0.687604913448059,0.231911349028246
1.049,-0.428513379592073,0.585605249105678
1.0495,-0.063368623159044,0.973934158330047
1.05,0.11287324687042,0.767935241434938
1.0505,0.288875216443371,0.873889202971967
1.051,0.602432802311073,1.10252786184174
1.0515,0.73500464882242,1.50190857794542
1.052,0.965327063588376,2.13796222301718
1.0525,0.94391145430336,2.21855273605349
1.053,0.738103999077057,2.10189314173962
1.0535,0.351704883520406,1.5970876050549
1.054,-0.118747979533864,0.719124883665597
1.0545,-0.611410125329114,-0.0270141946554965
1.055,-0.775856790925267,-0.700762098600487
1.0555,-0.970574539421277,-0.725786058974087
1.056,-0.913614160125953,-0.537200409305966
1.0565,-0.728126960761246,0.133994115783913
1.057,-0.459557029486373,0.309974034678035
1.0575,-0.350066179106001,0.712494799278246
1.058,-0.169260310864372,0.373444186188318
1.0585,0.157445314634018,0.764100690494935
1.059,0.365520663051892,0.707615095035562
1.0595,0.656233402584493,1.53776089314486
1.06,1.03309717294669,1.95598644564921
1.0605,0.989036110375686,2.47118829203284
1.061,0.844741828129169,2.53559505152298
1.0615,0.699557721769426,1.84040517959951
1.062,0.249346936870651,1.08238239434842
1.0625,-0.133368203349975,0.0953257675299244
1.063,-0.525775198911523,-0.394086229779111
1.0635,-0.758554913762993,-0.570944523281091
1.064,-0.866128788130786,-0.25428712514854
1.0645,-0.821320111827081,0.016896564100401
1.065,-0.683708448396386,0.213760032709255
1.0655,-0.495144643602588,0.483785863137325
1.066,-0.31683277794871,0.394952740378527
1.0665,-0.205551078623704,0.47445825651627
1.067,0.220701033613154,0.764756608159624
1.0675,0.497663449902862,1.35171928999482
1.068,0.860707696894807,2.01579279666117
1.0685,0.90584123856854,2.57991108618223
1.069,1.03629370410937,2.48378526942611
1.0695,0.896569514315344,2.25517892744588
1.07,0.398359939328113,1.279725565293
1.0705,-0.0561492817555007,0.275554620355698
1.071,-0.32850637598047,-0.0754591560990403
1.0715,-0.619355803425624,-0.335312270907585
1.072,-0.794809465364241,-0.210675288907574
1.0725,-0.753631253551881,-0.137979223203569
1.073,-0.834896779466071,0.0739417716106291
1.0735,-0.800743502143213,0.207072099434765
1.074,-0.492759489381499,0.132837566419195
1.0745,-0.267381209264912,-0.00216938470204775
1.075,-0.0331337660010637,0.327919812472743
1.0755,0.272714587381257,1.05598501351139
1.076,0.794311676000667,1.87058921531887
1.0765,1.01030237505057,2.44795457149206
1.077,1.06109125728865,2.58992868174696
1.0775,0.950055046802639,2.30497220086877
1.078,0.626588214759854,1.63721097153501
1.0785,0.182087912901635,0.693229330813037
1.079,-0.202152190166391,0.174317428552896
1.0795,-0.427367206602967,0.0732956817855028
1.08,-0.567056547760149,-0.0955571156647567
1.0805,-0.64809044496636,0.217664801396911
1.081,-0.672874744408075,0.277900292370467
1.0815,-0.729915173655253,0.1685563753052
1.082,-0.766251044859795,-0.244806906239357
1.0825,-0.592059717299451,-0.177451285714418
1.083,-0.206540700578998,0.182020747229084
1.0835,0.26870607206656,0.867096887633532
1.084,0.599399625166962,1.60212389948327
1.0845,0.826489572474833,2.21342059694112
1.085,1.01055493755864,2.51889136302424
1.0855,1.05750024432298,2.40812833316856
1.086,0.776504859988566,1.76626865744742
1.0865,0.400319075744842,1.08665072563909
1.087,0.200154009486358,0.568284475541881
1.0875,-0.240426147093126,0.211795594995526
1.088,-0.360634100586272,0.198984595723457
1.0885,-0.726194927400486,0.402182211304884
1.089,-0.660490625807318,0.287537280175268
1.0895,-0.826340618489657,-0.138397200551399
1.09,-0.827006235529057,-0.523944093501151
1.0905,-0.714441601885877,-0.365493752676061
1.091,-0.449354810438995,-0.235843601472831
1.0915,-0.181422840397476,0.529990735854388
1.092,0.392629814307821,1.2819459610221
1.0925,0.76343950107106,2.09817858792299
1.093,1.06175425639514,2.5168205291769
1.0935,1.01139022752487,2.37765045377847
1.094,0.859463986743901,1.97554872245283
1.0945,0.487496123051694,1.26252254468789
1.095,0.285105547431643,0.884582530842564
1.0955,-0.0108902854844849,0.597990333460298
1.096,-0.161286734834733,0.478271316195117
1.0965,-0.398935466302289,0.560710219711412
1.097,-0.717625512673121,0.417624832120193
1.0975,-0.835687635480725,-0.0327780963066361
1.098,-0.896042291148247,-0.558103980693235
1.0985,-0.855122330818822,-0.542634531069555
1.099,-0.737110419420088,-0.487348729925995
1.0995,-0.408862498630333,0.270174521359217
1.1,-0.00511281741189848,0.948878996072652
1.1005,0.445982089154277,1.86946856318419
1.101,0.848614884813456,2.34445000248418
1.1015,0.944387045104069,2.42092306827678
1.102,0.835708058479573,1.87312943911507
1.1025,0.596115815274157,1.34340687583736
1.103,0.315655533986622,0.948667775967281
1.1035,0.220143313166745,0.948836557045749
1.104,-0.110799840299724,0.979380002959464
1.1045,-0.262151118766075,0.647195406729461
1.105,-0.466600933265762,0.710027713320903
1.1055,-0.726378228970635,0.0524719018244028
1.106,-1.05096936428283,-0.47169212977314
1.1065,-0.958006495567161,-0.834776279696989
1.107,-0.78894783353373,-0.813267984350049
1.1075,-0.563449910948002,-0.0232086183492817
1.108,-0.0651097415016712,0.952732487600308
1.1085,0.280427598256798,1.61615615543598
1.109,0.674487992937271,1.9375890157035
1.1095,0.837221045394968,2.23066210056561
1.11,0.878710237105337,1.94262224633827
1.1105,0.735095948152873,1.64634026941995
1.111,0.578864363130591,1.21529551612474
1.1115,0.430272489871023,1.26111805169922
1.112,0.274135100122311,0.999694005199912
1.1125,0.0586655423661984,1.22190816073729
1.113,-0.342131308816082,0.830649559312456
1.1135,-0.476994010247302,0.148944561316508
1.114,-0.931676494286586,-0.553549939607344
1.1145,-1.02209830246602,-0.968650950971974
1.115,-0.860774963018048,-0.746941647932583
1.1155,-0.726381523096328,-0.460858635837173
1.116,-0.211398176815489,0.447647868551246
1.1165,0.103795012174387,1.25107782542374
1.117,0.474146961083417,1.82239159168641
1.1175,0.806129596745236,2.28749780235769
1.118,0.801098150060161,1.98479335893564
1.1185,0.798665203429362,1.54968935661786
1.119,0.693370553196133,1.26555558637804
1.1195,0.4899021036541,1.22411693868586
1.12,0.447379460412389,1.59707726230239
1.1205,0.160003065072088,1.36766810483251
1.121,-0.0779355777360776,1.21992348566091
1.1215,-0.476381075836329,0.498008318054313
1.122,-0.751543384229153,-0.366230685793328
1.1225,-0.95512995402687,-0.785075761953608
1.123,-1.20148881639207,-0.785844855958427
1.1235,-0.891124002173826,-0.363171536490517
1.124,-0.56037977437105,0.0156449465774516
1.1245,-0.10627448581265,1.15287331781501
1.125,0.20619120054683,1.62961140393065
1.1255,0.642263947209011,1.72776754128774
1.126,0.644873679412365,
1.1265,0.700231935804913,
1.127,0.776301499029643,
1.1275,0.799974351280528,
1.128,0.641759258711213,
1.1285,0.465071616145402,
1.129,0.115481889947623,1.38448474863663
1.1295,-0.271624275278811,0.835992618349365
1.13,-0.450492358498062,-0.228534999266482
1.1305,-0.892791846251557,-0.804598945258332
1.131,-0.99458893745237,-1.13320363614228
1.1315,-0.976958027471293,-0.687040210962241
1.132,-0.68195427480909,0.165148479443516
1.1325,-0.376458922601138,0.58791131269914
1.133,0.0276394273524162,1.32840974562948
1.1335,0.27637350191919,1.41640174456101
1.134,0.509143507516316,1.59236231820104
1.1345,0.681451474833282,1.37589871033734
1.135,0.688300269386963,1.45478612244768
1.1355,0.67194685079823,1.69697178763033
1.136,0.797993152275853,1.99732676513154
1.1365,0.569828341459762,2.04133852486497
1.137,0.403814363045773,1.59165497375208
1.1375,-0.00336037548614888,1.10653305126372
1.138,-0.449942999923316,0.0468236680102916
1.1385,-0.7609895021477,-0.372506197894526
1.139,-1.00363422680338,-0.844651428457266
1.1395,-0.84195003603062,-0.669057535517545
1.14,-0.789286887471907,-0.122605513857873
1.1405,-0.464314390539252,0.507147949873803
1.141,-0.122341495931684,1.14800744610452
1.1415,0.248059703780694,1.17740659907378
1.142,0.361275400489495,1.26581305828019
1.1425,0.51825768317075,1.15539802088118
1.143,0.65901259625012,1.3481547099614
1.1435,0.776902028485796,1.66839010134491
1.144,0.896985405825375,2.06848469779573
1.1445,0.803361031813298,2.29573428017829
1.145,0.497126787448923,2.01642446302316
1.1455,0.261898663657191,1.38004352598604
1.146,-0.213749999418066,0.309473124371399
1.1465,-0.617920348779241,-0.520155507482
1.147,-0.969789446229471,-0.86293935083048
1.1475,-0.866288816971189,-0.770761851249079
1.148,-0.897296091668608,-0.362760079787439
1.1485,-0.608785195117557,0.211990350280392
1.149,-0.403780378786221,0.716222216928644
1.1495,-0.0819953198823415,0.965374813605426
1.15,0.0497163546395913,1.04412609900521
1.1505,0.304565344848349,1.05384061318335
1.151,0.622106740736721,1.20970608847794
1.1515,0.789527210792271,1.61291319140936
1.152,0.860459560614594,2.04906077189346
1.1525,0.942166763949814,2.49152484841551
1.153,0.68162643006507,2.21649463510355
1.1535,0.387639130994537,1.70752519209371
1.154,-0.122927723287007,0.715659257323226
1.1545,-0.424266988891961,-0.185583880558494
1.155,-0.696343282532304,-0.575239750846184
1.1555,-1.05566830877413,-0.722095979176994
1.156,-0.941650103112906,-0.214499303679953
1.1565,-0.710349720557124,0.167131064301609
1.157,-0.493903515585316,0.554427285250737
1.1575,-0.400894785792839,0.769234696343542
1.158,-0.0612275815989777,0.529504348186459
1.1585,0.0602921815135249,0.724797145880808
1.159,0.425612300245608,1.23691633959048
1.1595,0.613272550783404,1.58007613097687
1.16,0.987602177891759,2.17303282415419
1.1605,0.967250524258743,2.66146452245962
1.161,0.998695596382185,2.44887792704961
1.1615,0.512809628500927,1.92522841332212
1.162,0.181017351490899,1.00028058616062
1.1625,-0.154963075067922,0.174186951128161
1.163,-0.602041732864091,-0.430741339199438
1.1635,-0.765358332660483,-0.589605410877277
1.164,-0.753045204535659,-0.326813091061067
1.1645,-0.818941087124243,0.0708735763335472
1.165,-0.723280759404999,0.254504647303859
1.1655,-0.511743180488378,0.400511285001551
1.166,-0.35495134298329,0.459119944375978
1.1665,-0.110165752436167,0.429482177675109
1.167,0.130756570188773,0.852980354699568
1.1675,0.60101131815413,1.32567387203043
1.168,0.818163663531685,2.04978065421743
1.1685,0.980710951779902,2.44908852943627
1.169,1.07575453253614,2.51934216001181
1.1695,0.80335713287951,2.1885006822818
1.17,0.380825181437895,1.33794799110865
1.1705,-0.0380765278050498,0.594086570231148
1.171,-0.352292261183884,-0.143141951835622
1.1715,-0.585678846785237,-0.104823841305569
1.172,-0.823886380813024,-0.134533381259486
1.1725,-0.751620126206347,0.1534117749628
1.173,-0.714599136735026,0.316915660722619
1.1735,-0.772796264291414,0.314871750124779
1.174,-0.457306362821217,0.255677575816961
1.1745,-0.14918011023547,0.154034295444761
1.175,0.113514172787931,0.401361199163616
1.1755,0.404340891518526,1.21730421435438
1.176,0.698614296962491,1.79999294150104
1.1765,0.861147833353999,2.6335490731291
1.177,1.00337163480838,2.70000062392387
1.1775,0.985854859860093,2.37523039045971
1.178,0.65142193683162,1.57138263330708
1.1785,0.178582825599048,0.748625253643999
1.179,-0.189499189153892,0.153887383482193
1.1795,-0.413892987944621,0.147171869704803
1.18,-0.595468185900961,0.0941977043887715
1.1805,-0.753679412105688,0.298041147317795
1.181,-0.696075966415817,0.258184698273645
1.1815,-0.795961762872029,0.0740598531956748
1.182,-0.674264529018939,-0.00596745041237801
1.1825,-0.454565048241369,-0.0829067527863325
1.183,-0.245265090665039,0.180388923310668
1.1835,0.0243451090081752,0.688910822427345
1.184,0.437847114739564,1.69590226310454
1.1845,0.943012054744675,2.37111569597314
1.185,1.04662259620068,2.53984780290808
1.1855,0.91742574310066,2.3924975092961
1.186,0.739997678826954,1.82424209277307
1.1865,0.377014838587609,0.988454431092968
1.187,0.00959458886987798,0.653824556442734
1.1875,-0.307220742323643,0.341543501017398
1.188,-0.44777583417363,0.34337674988373
1.1885,-0.582499338210593,0.379126939855193
1.189,-0.714996845821597,0.25209965378399
1.1895,-0.803119266240662,0.00916564471506853
1.19,-0.79709271008772,-0.351986700141688
1.1905,-0.659569961258637,-0.368528208529518
1.191,-0.505005088659516,-0.0960979664648484
1.1915,-0.0779801868308245,0.43951382135481
1.192,0.408239668319643,1.36565617312014
1.1925,0.670526733918175,2.21642971254759
1.193,0.958465747067875,2.62966426794075
1.1935,0.9947457613758,2.44800524951346
1.194,0.844286756747894,1.85137979311319
1.1945,0.514911177866883,1.32666573301778
1.195,0.233519777601762,0.944079151869456
1.1955,0.0155653199780421,0.601152073350272
1.196,-0.267147754623842,0.667721287882222
1.1965,-0.405432648924215,0.552047753211958
1.197,-0.575158915673054,0.454714263132492
1.1975,-0.811318619064602,-0.0920548146528896
1.198,-0.958448445268056,-0.197661479055992
1.1985,-0.902871715447069,-0.499815354549522
1.199,-0.72291127360198,-0.466881753182111
1.1995,-0.233886856146421,0.18747852071972
1.2,0.212105504586196,0.994084729081199
1.2005,0.486405995046194,1.93719557585231
1.201,0.840241791030171,2.39646986147485
1.2015,0.924170302537215,2.45249979419214
1.202,0.897045965654116,1.96353432933614
1.2025,0.621841232948541,1.53442635102426
1.203,0.260505177671227,1.11300116755381
1.2035,0.220702495191088,0.923782661766895
1.204,-0.0471774553732985,1.08320318299894
1.2045,-0.212855806515985,0.663230192933994
1.205,-0.520446142019489,0.606557688396469
1.2055,-0.725801844476152,-0.0554596505981267
1.206,-0.89923781540006,-0.394506384268767
1.2065,-0.967950635528907,-0.709309168959776
1.207,-0.728898853994182,-0.553952158215365
1.2075,-0.437002877108115,-0.0554041190712683
1.208,-0.133783670642255,0.861269665241174
1.2085,0.502192856875916,1.78255590474765
1.209,0.728331993988462,2.20471354319016
1.2095,0.893075749746717,2.40377598656635
1.21,1.01720513133181,2.08279421165091
1.2105,0.854496911314063,1.55777084651305
1.211,0.583707626207625,1.09511047320252
1.2115,0.462226209254001,1.06622957213078
1.212,0.192013225887196,1.18452515636143
1.2125,-0.065370120817046,1.33000412288941
1.213,-0.253746503943864,1.08965038362619
1.2135,-0.607531711689773,0.316522602593827
1.214,-0.849968008984508,-0.437704324184211
1.2145,-0.963059233824417,-0.74967847910409
1.215,-0.983968921034439,-0.69918448772018
1.2155,-0.687558836610374,-0.414802045403959
1.216,-0.213215352830806,0.57225313355757
1.2165,0.123629307935893,1.354657241269
1.217,0.41495649840052,1.94004066480689
1.2175,0.705859279096264,2.14112286535858
1.218,0.927215396210842,1.89166302516901
1.2185,0.746980640285878,1.64404646417313
1.219,0.753455303255843,1.54941847235379
1.2195,0.688424293290053,1.54347377711066
1.22,0.429901759295218,1.60999074044697
1.2205,0.196424210595015,1.50343848121261
1.221,-0.137363668424161,1.2252295018727
1.2215,-0.397185427516682,0.584488479209177
1.222,-0.795077020793194,-0.147690752931475
1.2225,-1.00962238623246,-0.569581694882374
1.223,-1.02844905989177,-0.897407812794304
1.2235,-0.844978028929647,-0.555013821468564
1.224,-0.511215287494934,0.261591491016371
1.2245,-0.103096690852555,1.04412774746698
1.225,0.287256104431069,1.90254316190479
1.2255,0.536691343189405,1.94543560670036
1.226,0.643975315965853,1.6756777327921
1.2265,0.786961125318528,1.61794166300315
1.227,0.73533147109464,1.33851459001042
1.2275,0.530914022540095,1.53568832591202
1.228,0.597033581062667,1.91383042903614
1.2285,0.528882028108586,1.73901464877838
1.229,0.138011744459318,1.43868400827348
1.2295,-0.309419671523038,0.947236338846786
1.23,-0.535277296874833,-0.184696279272039
1.2305,-1.01546596874998,-0.646868436578329
1.231,-1.08834370549852,-0.718403049283658
1.2315,-0.928727836902641,-0.550127700042978
1.232,-0.67616694781877,0.0721263554314325
1.2325,-0.288350218317542,0.734955800740726
1.233,0.0960222120441629,1.37588228930523
1.2335,0.378804261949299,1.51708782052867
1.234,0.684770855002408,1.50348560530392
1.2345,0.744948324449913,1.48069711209429
1.235,0.777040995978407,1.53592135658774
1.2355,0.623215830061268,1.76294866629437
1.236,0.880646549655728,1.75445627481827
1.2365,0.65773780572269,2.14840443948423
1.237,0.297721801850328,1.70598042142795
1.2375,-0.014537632553966,1.03416440619957
1.238,-0.431793707491375,0.173840836432641
1.2385,-0.8706116543218,-0.412509979336913
1.239,-0.978703173007213,-0.859783613661182
1.2395,-0.957091749987002,-0.743018486356082
1.24,-0.735787951172503,-0.182104452964202
1.2405,-0.489828897613807,0.382988509687542
1.241,-0.0627207155755907,1.12121640126715
1.2415,0.157273480807883,1.41688793040246
1.242,0.416201599457969,1.29990283143648
1.2425,0.455162045044014,1.29485505537012
1.243,0.684400780280497,1.34608901381961
1.2435,0.754047413701519,1.6356533586514
1.244,0.771449902993824,2.11859883406583
1.2445,0.734893187172869,2.45644001259116
1.245,0.565104344420881,2.16421616930245
1.2455,0.172897394316593,1.5327638803199
1.246,-0.239739432010227,0.619292072052154
1.2465,-0.70368300709929,-0.173357981857837
1.247,-0.907898388892612,-0.529182767582096
1.2475,-0.987760041981991,-0.640326638867206
1.248,-0.893425015545039,-0.239900867074226
1.2485,-0.593437084371402,0.462756744777566
1.249,-0.372222302283187,0.829102359300668
1.2495,-0.148709335498363,1.11872941148089
1.25,0.134742232505336,1.05270778302384
1.2505,0.348401798973685,1.04047860884303
1.251,0.530881805236957,1.21124729652973
1.2515,0.70353822769348,1.62663726133251
1.252,0.826398453615489,2.23752849826795
1.2525,1.02420735993788,2.32652762008914
1.253,0.659259561578357,2.3020865271543
1.2535,0.392983604897436,1.64076254792897
1.254,0.0437449202366857,0.950094357555931
1.2545,-0.455862459858953,-0.00923943371479397
1.255,-0.746433837752132,-0.386433485409921
1.2555,-0.932739025395138,-0.56341415497754
1.256,-0.809196841850674,-0.19243609617791
1.2565,-0.719417559980616,0.29651334203766
1.257,-0.528239470864648,0.610901004472374
1.2575,-0.327602702622248,0.82168814489865
1.258,0.00486652212488481,0.669063455518685
1.2585,0.107496970414394,0.868261296197611
1.259,0.500271106233419,0.939853273818311
1.2595,0.624885097276721,1.56477722202746
1.26,1.07110168623976,2.16866978906168
1.2605,1.11640099787339,2.54060291720882
1.261,0.977839678750076,2.47438990026567
1.2615,0.585007055922085,1.78760959526431
1.262,0.134581692304469,1.33643657601952
1.2625,-0.446961018176005,0.348454734633398
1.263,-0.660619046746074,-0.216631638617235
1.2635,-0.849786088170948,-0.344117060930594
1.264,-0.820195401725542,-0.0113351137220169
1.2645,-0.756889076202489,0.229970857972684
1.265,-0.705757515618902,0.41487416723749
1.2655,-0.432239622257562,0.608019845645286
1.266,-0.353031358249355,0.403702786899307
1.2665,-0.169640089004636,0.537239593664802
1.267,0.276184493540651,0.89081200670545
1.2675,0.444057118548285,1.33804073963377
1.268,0.885971438394961,2.04201239982125
1.2685,1.00367275252366,2.69915853823748
1.269,1.04395026160783,2.58909057190726
1.2695,0.765742847040451,2.15387363710414
1.27,0.447529685150452,1.38126494537859
1.2705,0.0154233229379097,0.62770581859976
1.271,-0.378912220283701,-0.192021234347469
1.2715,-0.507972386551828,-0.157189180507678
1.272,-0.732406595081091,0.236352945987182
1.2725,-0.778395568848607,0.211904868428032
1.273,-0.63468054162265,0.42954547357037
1.2735,-0.718400504551239,0.360282182541589
1.274,-0.524811457001958,0.206367542923234
1.2745,-0.266237737430151,0.119527651284093
1.275,0.0413770058919187,0.404760622404665
1.2755,0.338872743279837,1.16606961239772
1.276,0.597304848358633,1.93897243676083
1.2765,0.981232792416673,2.53104007438704
1.277,1.04162994802575,2.77985076079262
1.2775,0.897038893463678,2.5145365493822
1.278,0.598545592077975,1.7253070221654
1.2785,0.217458166133019,0.843635240005556
1.279,-0.114229238793108,0.303833397192061
1.2795,-0.607015979139303,0.180683552431661
1.28,-0.751340165117541,0.254847322997541
1.2805,-0.816117017621239,0.32263184213734
1.281,-0.716144529775944,0.344080663799403
1.2815,-0.770940437905368,0.162930020927127
1.282,-0.732201705750648,-0.220024290818541
1.2825,-0.513944930006041,-0.0351078892410174
1.283,-0.272614315193096,0.205348579051582
1.2835,0.127087517708339,0.873658452229627
1.284,0.580953351357505,1.6377054701003
1.2845,0.838963943185546,2.45437322843351
1.285,1.08855872521911,2.56919095847813
1.2855,1.04463489594685,2.56963174846497
1.286,0.750451165946779,2.01649035888468
1.2865,0.348484322969589,1.22342210611901
1.287,-0.00621642007143246,0.631499670128353
1.2875,-0.303536951748739,0.261870252387264
1.288,-0.434159898673718,0.228258380826333
1.2885,-0.641157421525084,0.249080799838569
1.289,-0.689484374853789,0.491863045555534
1.2895,-0.874131373095185,-0.0601585041024951
1.29,-0.863271327504249,-0.401934412776925
1.2905,-0.706730455062884,-0.416470701703974
1.291,-0.427963061696418,-0.169394426203054
1.2915,-0.0143613565790195,0.575878063993488
1.292,0.383902429826662,1.64229869592165
1.2925,0.814254624090081,2.23920054514034
1.293,0.925903971922929,2.66875472914772
1.2935,0.990944079132513,2.53241225061462
1.294,0.873695688547846,1.99190615319293
1.2945,0.580523453391426,1.37708407803123
1.295,0.27035316904806,1.10126875294974
1.2955,-0.00627341200074349,0.655787947463242
1.296,-0.230863364204959,0.600955410751643
1.2965,-0.47102087130065,0.730120388911013
1.297,-0.617833217709108,0.507545272748559
1.2975,-0.830830369507622,0.0593150702522096
1.298,-1.01188921983692,-0.120412939857599
1.2985,-0.942806288795439,-0.470235396389959
1.299,-0.693371504242545,-0.400541564664768
1.2995,-0.322393627018495,0.195356324537127
1.3,0.155252777308057,1.15556621462921
1.3005,0.587790681064409,2.16720591757732
1.301,0.866511805208837,2.35836473261193
1.3015,0.996243575925282,2.54851128814986
1.302,0.932983092833007,2.09823800084246
1.3025,0.720022802752325,1.43095444377336
1.303,0.589087365279422,1.19026269984389
1.3035,0.173483414268698,1.06627989097393
1.304,-0.0406267357196257,0.812710452001122
1.3045,-0.235822592763908,1.08822735550935
1.305,-0.519475243925295,0.866012674755639
1.3055,-0.699695666610102,0.396517904634362
1.306,-0.938391158903955,-0.133364353969163
1.3065,-1.01609246924093,-0.675630339075933
1.307,-0.730051582657722,-0.610773538314683
1.3075,-0.561134277505464,0.238524482626431
1.308,-0.0461540326388054,1.00225855384911
1.3085,0.311266655393892,1.80998685129682
1.309,0.696951015368189,2.28842436270854
1.3095,0.946803511139149,2.28387665206019
1.31,0.956302885424551,8.96509954109733
1.3105,0.846291486963652,1.77294038238166
1.311,0.460237795617803,1.41328197872752
1.3115,0.385495771981,1.23915876121672
1.312,0.228624248989962,1.27675921206281
1.3125,-0.0229779050290304,1.27489775809501
1.313,-0.362906732613789,0.929174457984559
1.3135,-0.594046247628046,0.334915463318224
1.314,-0.942796106596518,-0.272113961709167
1.3145,-1.05413867800751,-0.676833690739347
1.315,-0.909027973693915,-0.648423096207967
1.3155,-0.77297376594419,-0.228681759841226
1.316,-0.239586029058514,0.605965497986456
1.3165,0.110316100291456,1.39150665484549
1.317,0.6014109041222,2.06321011161962
1.3175,0.752907226658291,2.2315762332663
1.318,0.798507196898413,2.16788832971286
1.3185,0.780027329577335,1.71014819617184
1.319,0.741795772483557,1.74235706159329
1.3195,0.561656764547539,1.58201868379746
1.32,0.47180470165263,1.73182748711417
1.3205,0.260954063812455,1.71248251210293
1.321,-0.192427099041384,1.21803719463702
1.3215,-0.429911624878251,0.722402967489691
1.322,-0.84221489385403,-0.262842608853861
1.3225,-1.0094024133171,-0.679793915837091
1.323,-1.0426972585516,-0.964080591062241
1.3235,-0.931681379116777,-0.256348441318671
1.324,-0.4604483257202,0.426220629649733
1.3245,-0.103543534939346,1.03326157788165
1.325,0.306050147470736,1.68530549782729
1.3255,0.62762376703996,1.87316411755053
1.326,0.716362484989767,1.74515589320371
1.3265,0.737835006727278,1.68550280977059
1.327,0.682526841616198,1.4140949402306
1.3275,0.71116327527146,1.69821282545933
1.328,0.613608277286088,1.7574882313021
1.3285,0.509832716363401,1.91433817839619
1.329,0.201065537946948,1.52951004140248
1.3295,-0.334539476863634,0.873925881316568
1.33,-0.614740551627255,-0.0639242079185256
1.3305,-0.897253109365788,-0.481058281401005
1.331,-1.03670262764952,-0.748137969943935
1.3315,-0.928531780488544,-0.562777910873364
1.332,-0.654663975206135,0.026264799062623
1.3325,-0.26872742351923,1.01352662255107
1.333,0.119292674551282,1.34126063797786
1.3335,0.358286587313828,1.53786313441788
1.334,0.410560519835759,1.71640650633279
1.3345,0.672313918424105,1.46478257138327
1.335,0.761559681225356,1.63068955261688
1.3355,0.707785956574807,1.72882135424295
1.336,0.834493907078661,2.03289262909011
1.3365,0.556204224354579,2.02271257830087
1.337,0.413929116575474,1.86506840847632
1.3375,0.0301509518170737,1.0966837619562
1.338,-0.388396183038031,0.350729142965598
1.3385,-0.790108360365322,-0.410807761505179
1.339,-1.00537858830732,-0.864847572728149
1.3395,-0.956949543575791,-0.627818767839439
1.34,-0.745859771326411,-0.0414842666879282
1.3405,-0.40943030111258,0.721245789140807
1.341,-0.148445055586198,1.01287810123151
1.3415,0.121581498421482,1.39522591457888
1.342,0.360077340576352,1.31527541261776
1.3425,0.486427852988489,1.34546287833555
1.343,0.663891485104676,1.35197440879696
1.3435,0.850168511983189,1.80033877535327
1.344,0.845881981749005,2.19460048213479
1.3445,0.801766080425671,2.43658653674576
1.345,0.563324604369088,2.13997149408346
1.3455,0.21089798325169,1.50858814834558
1.346,-0.243560432983072,0.554720492678206
1.3465,-0.682381313086925,-0.232543683730493
1.347,-0.843749075612662,-0.819552737559763
1.3475,-0.963609822196509,-0.531521244091763
1.348,-0.882334207411709,-0.263157860600902
1.3485,-0.631236613797977,0.48309753782979
1.349,-0.307165327008269,0.734939052157603
1.3495,-0.138111575026122,1.07369608625633
1.35,0.141640732374346,1.0852492485574
1.3505,0.338238159872852,1.17621765651577
1.351,0.637882694789942,1.26558776057467
1.3515,0.880423084338991,1.75081706321748
1.352,0.941520420434939,2.27401885354925
1.3525,0.972866344860771,2.58210633441708
1.353,0.798262715742836,2.2872622765372
1.3535,0.456606492303648,1.71240975457646
1.354,-0.0754281180888641,0.717143591101138
1.3545,-0.527693857970713,0.12665037329198
1.355,-0.822932658868492,-0.400862280003197
1.3555,-0.926968561795769,-0.612062515105127
1.356,-0.865372432254199,-0.219951090320386
1.3565,-0.721387279587295,0.313555291656576
1.357,-0.448425120702112,0.553972600417823
1.3575,-0.28711417834599,0.701766015537409
1.358,-0.0961447306947901,0.904203266539647
1.3585,0.155877723676849,0.858552828682905
1.359,0.366984405389676,1.15934212510311
1.3595,0.676537798711851,1.69864762057616
1.36,0.892046815451729,2.24896915317167
1.3605,1.03742336469029,2.61337966346443
1.361,0.865020384142587,2.5553643411907
1.3615,0.65777479075966,1.94069024272775
1.362,0.194742127159904,1.23301918543446
1.3625,-0.298365064495124,0.339561603607351
1.363,-0.508868302684597,-0.165866732129661
1.3635,-0.92595002305221,-0.436119943835541
1.364,-0.829285967682384,-0.0786988721210005
1.3645,-0.881684126504373,0.251937248398309
1.365,-0.675501102022146,0.53583157232408
1.3655,-0.449963051059357,0.605914507886138
1.366,-0.343121939365202,0.547787799664669
1.3665,-0.0983197755860387,0.789373240650857
1.367,0.197800195564676,0.922219477264948
1.3675,0.607171843722507,1.58373676525373
1.368,0.744993546895909,1.9805270724814
1.3685,0.919744838516173,2.70614718953238
1.369,1.0076238012086,2.78494245885091
1.3695,0.82711223137908,2.3867746779395
1.37,0.433158280415724,1.57814177896664
1.3705,-0.0197255088468868,0.721504461674377
1.371,-0.434025354396963,0.130386875592069
1.3715,-0.622199207138806,-0.160285914788795
1.372,-0.815904698620857,-0.0307402130205647
1.3725,-0.750418519148834,0.283124794006981
1.373,-0.750990712474337,0.281061828443421
1.3735,-0.686736425004952,0.377204995954579
1.374,-0.497403045796396,0.365418542667388
1.3745,-0.238662795557824,0.250296966453047
1.375,-0.0859582722713653,0.59537727372661
1.3755,0.218538680152313,1.15530166306397
1.376,0.579991436107575,2.06688124750614
1.3765,1.09758278571487,2.67318033803471
1.377,1.07896572056058,2.62450881443752
1.3775,0.888369567873692,2.50851594062803
1.378,0.620781058224312,1.7524500667253
1.3785,0.131337254011514,0.969494279610028
1.379,-0.169896125218884,0.397772631069881
1.3795,-0.52953034322689,0.158316277155445
1.38,-0.648831507882754,0.105081443478894
1.3805,-0.655880268692308,0.399364861427342
1.381,-0.755351928527312,0.38848263269564
1.3815,-0.789339229689184,0.275918044087411
1.382,-0.615143689245499,0.0483857587104074
1.3825,-0.539782429459748,0.136938133639682
1.383,-0.235102315044681,0.443423638158582
1.3835,0.240976235427514,0.816713747474489
1.384,0.560169713408042,1.71407009639717
1.3845,0.894929436736296,2.49749146684649
1.385,1.11983272856349,2.80687945529555
1.3855,0.952976247469498,2.61914402552152
1.386,0.595368270488445,1.82257407735654
1.3865,0.30906213513021,1.25010055696711
1.387,-0.0358054802497342,0.493442381353723
1.3875,-0.303965394010769,0.474095175119291
1.388,-0.471437095622573,0.292202995606489
1.3885,-0.612738186573508,0.49092552521913
1.389,-0.761301345067039,0.265403645793043
1.3895,-0.898879627755651,0.012349487876008
1.39,-0.851726195230135,-0.207879496864172
1.3905,-0.65784008153042,-0.178548332573271
1.391,-0.468537562016162,-0.0254437363511908
1.3915,-0.0914295308659114,0.594188040925212
1.392,0.443816613648857,1.66671421748126
1.3925,0.688835124801039,2.4863079631991
1.393,1.02733698177574,2.53130582758048
1.3935,0.930442170780498,2.5666687522799
1.394,0.767493647240791,2.08292193798826
1.3945,0.50469351827538,1.68328242527486
1.395,0.230426662528539,0.906669839498017
1.3955,0.0927324697097424,0.666460543521731
1.396,-0.273682699167836,0.769441739269825
1.3965,-0.390609187488426,0.655535446401624
1.397,-0.697208714867079,0.65268004510565
1.3975,-0.853363941586663,0.312349249395542
1.398,-0.946303343253213,-0.0228254304906956
1.3985,-0.823102489060861,-0.411962775506235
1.399,-0.619176456836048,-0.141570958171045
1.3995,-0.286260633550983,0.381603894979483
1.4,0.238939891087723,1.18646743470358
1.4005,0.610023097644599,2.16475887487014
1.401,0.865089790477449,2.37902814869502
1.4015,1.00882975651432,2.60983753939762
1.402,0.805540286537622,2.41819363422589
1.4025,0.673763322871521,1.63628187562278
1.403,0.451859071669766,1.23709274894138
1.4035,0.262796281542917,0.982481961719584
1.404,-0.00330943317513884,1.14820726585837
1.4045,-0.237412374116847,1.06905262285227
1.405,-0.470275280883894,0.731007661103213
1.4055,-0.737908006444452,0.220685585583755
1.406,-0.867649177125136,-0.29140363582199
1.4065,-0.985180635225414,-0.611821238188119
1.407,-0.807939445166302,-0.432274350953409
1.4075,-0.609336370683829,0.264549776420259
1.408,0.00519066415167031,1.10289499559581
1.4085,0.3830963490595,1.80916064876596
1.409,0.754679328087055,2.38686186376289
1.4095,0.780989568669204,2.70062277865725
1.41,0.786012482415903,2.09042206327734
1.4105,0.705109954500588,1.7373099114321
1.411,0.620615678153755,1.45326811233752
1.4115,0.461880487111907,1.48684063568997
1.412,0.251299665801746,1.18719640959487
1.4125,0.0142010645217642,1.34698983553825
1.413,-0.379278763231433,0.986571945759684
1.4135,-0.603098657980509,0.388644094810765
1.414,-0.851074867960569,-0.175556586575654
1.4145,-1.00864750676792,-0.638121424492964
1.415,-0.957789858366428,-0.652154187069523
1.4155,-0.735884984123369,-0.115775046331753
1.416,-0.30954433812172,0.602321618761708
1.4165,0.243542645316982,1.64506901935525
1.417,0.475596975090563,2.13708514979914
1.4175,0.703462558151772,2.40152491453614
1.418,0.775021029828966,1.9937474231977
1.4185,0.778306508689236,1.71738577708508
1.419,0.711264905571853,1.6423418315754
1.4195,0.650306915725053,1.73452499842022
1.42,0.434095966284472,1.55497147381041
1.4205,0.147323899975334,1.68915290251718
1.421,-0.117524351907002,1.34334321174518
1.4215,-0.539268055981613,0.616808459539856
1.422,-0.829660996982253,0.0338604342106119
1.4225,-1.05122138682066,-0.664583674118848
1.423,-1.09692446343875,-0.715376497722678
1.4235,-0.782645034094765,-0.354558394050667
1.424,-0.402087694224737,0.352418074373091
1.4245,-0.105253943366848,1.24278321133194
1.425,0.311405642063371,1.84873870006777
1.4255,0.661525863341262,2.12419334732843
1.426,0.664226624565786,1.87686555051822
1.4265,0.851127488119956,1.76126966735196
1.427,0.772813230765692,1.77791515095502
1.4275,0.779320589587046,1.95034592179698
1.428,0.674619225009121,1.92191557740218
1.4285,0.486715504047176,1.89149731231608
1.429,0.175083433275873,1.56216535256175
1.4295,-0.171244203883003,0.907754650998397
1.43,-0.541880555126211,0.291395462859294
1.4305,-0.943031227528833,-0.491468526035892
1.431,-0.997738598270858,-0.834575559678392
1.4315,-0.847034054069944,-0.418259071823561
1.432,-0.567984921370563,0.296753860198439
1.4325,-0.296350923749987,0.908501643952903
1.433,0.0580882730605522,1.55684241412715
1.4335,0.415489878394452,1.76815584938344
1.434,0.505735286095238,1.8799303165365
1.4345,0.650891127554193,1.62649603261967
1.435,0.728756717078245,1.4870511547358
1.4355,0.771331782037009,2.07724488232785
1.436,0.687584534366588,2.183295099799
1.4365,0.65898019317186,2.57493487600687
1.437,0.365409137684769,2.00592645484075
1.4375,-0.0482034256363816,1.38379467056777
1.438,-0.411328733898781,0.47287375607273
1.4385,-0.868261401511637,-0.256300303244216
1.439,-0.999309000954267,-0.786776922512516
1.4395,-0.957473437775875,-0.590920178523835
1.44,-0.892159428607159,-0.036404249509945
1.4405,-0.518257276454261,0.653073286967928
1.441,-0.184382404321897,1.1355471741898
1.4415,0.206497803717474,1.40965588119614
1.442,0.440215284927689,1.44760199153217
1.4425,0.531810596579493,1.50554532981248
1.443,0.706650125195246,1.59269456369316
1.4435,0.622161969511148,1.92607586326295
1.444,0.826747436989939,2.21380721192239
1.4445,0.747273776682493,2.53579961951647
1.445,0.594388721132581,2.1884328718739
1.4455,0.263469587487556,1.48154363927553
1.446,-0.372035270869604,0.736515005910095
1.4465,-0.591826642947379,-0.125748278537491
1.447,-0.846271318399144,-0.57570619202097
1.4475,-0.968725682761911,-0.525886335867709
1.448,-0.758745575017591,-0.0587108277387292
1.4485,-0.677854475464488,0.563666636574411
1.449,-0.261547111235255,0.903757552805757
1.4495,-1.12439728464087e-06,1.17954508321648
1.45,0.149680742112683,1.10182326092126
1.4505,0.28840174781923,1.24697837578251
1.451,0.565895279409405,1.42614311167653
1.4515,0.81249082311834,1.8679493369939
1.452,0.873696274459303,2.16203200832757
1.4525,0.923160471278176,2.6166500740492
1.453,0.729553518866048,2.37582202315911
1.4535,0.453748370250578,1.73701521695627
1.454,-0.00289722267693281,0.89060066304517
1.4545,-0.563295561539366,0.226786361884421
1.455,-0.814973588273638,-0.350513457566374
1.4555,-0.877044509254251,-0.437090106023843
1.456,-0.881448351738966,-0.123063183420063
1.4565,-0.86543690786893,0.409286355611843
1.457,-0.501071430299417,0.659809334388195
1.4575,-0.417651926438494,0.987718074660166
1.458,-0.0750597592166511,0.926962103262872
1.4585,0.136656206430178,0.925963503741126
1.459,0.455518961104649,1.1583783654705
1.4595,0.729621025432966,1.79266055331159
1.46,0.96917661191102,2.32806240025202
1.4605,1.00729134549808,2.71346101681537
1.461,0.847213776419717,2.65180354097289
1.4615,0.717275825756801,2.16875693142018
1.462,0.152305669446691,1.19663952413456
1.4625,-0.266501098019379,0.351751913357598
1.463,-0.543473840492976,-0.135065972464778
1.4635,-0.874478916145645,-0.291828104241508
1.464,-0.894797498278994,0.00615581209575256
1.4645,-0.958341752420544,0.364767565066689
1.465,-0.649521473409894,0.729611908026403
1.4655,-0.498483096039002,0.779953764553827
1.466,-0.442637841143246,0.639585774002789
1.4665,-0.0702289481156578,0.681259651038993
1.467,0.252989557098219,1.02508105052056
1.4675,0.576785904826589,1.37711274929654
1.468,0.949247063912851,2.28297464152822
1.4685,1.02138853357391,2.92215873121977
1.469,0.923537917110593,2.77283665919433
1.4695,0.775906528017776,2.48543790286383
1.47,0.355924513448763,1.5653639140336
1.4705,-0.0615733989903874,0.692440400781651
1.471,-0.392559936938361,0.191233863757817
1.4715,-0.669074529158124,0.0546937775221983
1.472,-0.782521230589736,-0.0192484519407514
1.4725,-0.734374570462074,0.445380094946693
1.473,-0.745809178229975,0.724032270936885
1.4735,-0.726911035179067,0.308798194995028
1.474,-0.560345528258446,
1.4745,-0.382895846816065,
1.475,0.0177926753872788,
1.4755,0.276606443616709,
1.476,0.732798243222132,
1.4765,0.884630763168186,
1.477,1.07885486981274,2.75854452867997
1.4775,0.857431474564863,2.43960774876247
1.478,0.483169499076791,2.09859079690337
1.4785,0.318574866509874,1.02639686953705
1.479,-0.218529231063395,0.354060145421979
1.4795,-0.449310831492576,0.141949064689551
1.48,-0.676083743490768,0.342225784349909
1.4805,-0.727021335910553,0.500054279589078
1.481,-0.82873992542306,0.275876960439169
1.4815,-0.665883356970146,0.310025743230775
1.482,-0.626670376977299,0.0543518404687156
1.4825,-0.595505228558131,0.035572619718246
1.483,-0.299799786245475,0.463492955939148
1.4835,0.246133239334609,0.944530674780942
1.484,0.540846579243559,1.94594146168454
1.4845,0.903162036904479,2.67476199420203
1.485,1.02796833266192,2.9685046336507
1.4855,0.99217667711557,2.61314648340576
1.486,0.827844977419889,2.06792457426617
1.4865,0.365357927020154,1.34854620429032
1.487,0.0156752966079608,0.905408100408255
1.4875,-0.225031563497781,0.399567839790045
1.488,-0.520491120777494,0.494830341826425
1.4885,-0.61721852594392,0.575007281501844
1.489,-0.718767026644645,0.523061627110433
1.4895,-0.860212020502607,0.110020417286701
1.49,-0.848034127272815,-0.173927721707098
1.4905,-0.811372363240894,-0.147304135621878
1.491,-0.367366416259229,0.0863703908624127
1.4915,0.0111177527164768,0.648695199228659
1.492,0.382159911017817,1.64156989522634
1.4925,0.687044756280021,2.32982161947786
1.493,0.865996939962109,2.78913748701924
1.4935,0.880138536965707,2.5637968220743
1.494,0.897491457667892,1.99002720461122
1.4945,0.716473174417706,1.55387061707881
1.495,0.246070570827592,1.06983170474569
1.4955,-0.00293105107015219,0.966381251128025
1.496,-0.195939038019216,0.722890891821018
1.4965,-0.325151081565707,0.89553869091732
1.497,-0.666398261259375,0.645804791464927
1.4975,-0.763072363878376,0.108626505416264
1.498,-0.913233940854351,-0.0778597867012225
1.4985,-0.819652385638959,-0.295018639811232
1.499,-0.635111736561626,-0.133983585796552
1.4995,-0.358214704088187,0.414883499595664
1.5,0.16903794583616,1.37561671142985
1.5005,0.602552684583217,2.33667557860266
1.501,0.952187162358559,2.5579997799687
1.5015,0.940123873274984,2.62518272765938
1.502,0.907028781040111,2.17413003992794
1.5025,0.659155419293476,1.93616842560364
1.503,0.46655565656156,1.44183171270628
1.5035,0.162553747389019,1.2043187817457
1.504,0.0838675991263126,1.15609466952131
1.5045,-0.252802353784684,1.30002561541763
1.505,-0.469432491173449,0.859757740133397
1.5055,-0.762047650327651,0.539934319517227
1.506,-1.0252398519424,-0.214717654681717
1.5065,-0.893819315058659,-0.524905525876556
1.507,-0.774663524321476,-0.450195588969296
1.5075,-0.495032000217571,0.0815282823199646
1.508,-0.0126228969412061,1.10092246949186
1.5085,0.350513643604524,1.83659399824509
1.509,0.640284421926187,2.6303182644703
1.5095,0.868157116524323,2.61936850100665
1.51,0.873668374665553,2.31762723134431
1.5105,0.731850173009523,1.79590135719495
1.511,0.652281039113814,1.58741874526807
1.5115,0.31480610346686,1.55617336388569
1.512,0.289348502434434,1.53208460143188
1.5125,-0.0525784989220386,1.4823102731067
1.513,-0.296844114246923,1.20274199146151
1.5135,-0.55579847552654,0.552504122804967
1.514,-0.990394370242608,-0.243416513847121
1.5145,-0.903551636508593,-0.65722803422454
1.515,-1.00702806985904,-0.72517437122284
1.5155,-0.611684621813597,-0.0136459356992298
1.516,-0.362022608688758,0.761201019661118
1.5165,0.0534322348674312,1.76851135978498
1.517,0.487547374157721,2.16406242240044
1.5175,0.63544655502965,2.38597030862541
1.518,0.797705974825441,2.24584130994721
1.5185,0.784589375260712,1.9797764434989
1.519,0.76850591607517,1.68754966070756
1.5195,0.532626408304746,1.49485468159514
1.52,0.454409952888189,1.78648372424742
1.5205,0.269620841237503,1.70806271313166
1.521,-4.85939699702842e-05,1.33757301845248
1.5215,-0.4964474161188,0.675535566456931
1.522,-0.907321385578015,-0.098202489233425
1.5225,-1.04572942351976,-0.530197693078095
1.523,-1.080323588745,-0.693361827899784
1.5235,-0.761467262372706,-0.338416238643064
1.524,-0.512097222109179,0.228402398514684
1.5245,-0.101918079758804,1.22830382869661
1.525,0.28900632725664,2.00813915702692
1.5255,0.471283003538026,2.07723973708377
1.526,0.662940196921121,2.07098919300733
1.5265,0.821673420759119,1.82446844455686
1.527,0.698242365781522,1.6457742771798
1.5275,0.69491794691095,1.84133888163554
1.528,0.60051163762809,1.82174228025689
1.5285,0.50968167213492,1.87072525648875
1.529,0.180603881837825,1.59932374748831
1.5295,-0.347598769949119,0.958098553643161
1.53,-0.649039627549888,0.212061087979036
1.5305,-0.808683589038315,-0.448714570364529
1.531,-1.1705365653584,-0.787898327662788
1.5315,-0.910956570373481,-0.381182687480948
1.532,-0.648752078858811,0.24646666149137
1.5325,-0.271298345952512,1.16149384343201
1.533,0.0282042473555506,1.54595649217633
1.5335,0.302545456481665,1.7404253376959
1.534,0.523317944985952,1.90506849900937
1.5345,0.675533173369477,1.72223370972418
1.535,0.729619789019597,1.64931988802482
1.5355,0.738227301053373,1.90798526982306
1.536,0.693447165913424,2.08535577016788
1.5365,0.641778927520332,2.23336230118828
1.537,0.376247943201916,1.9362883386187
1.5375,0.0305638130783637,1.33871537944353
1.538,-0.391323058045974,0.186325215017458
1.5385,-0.808839038174633,-0.391925989138473
1.539,-1.04263686816362,-0.702131246556152
1.5395,-1.08590228332229,-0.425480860974922
1.54,-0.755203340085004,0.131993394725394
1.5405,-0.463762802895414,0.823477777167247
1.541,-0.224384267205207,1.39999323688205
1.5415,0.191891936006187,1.53381923619038
1.542,0.388115942821604,1.56140023805801
1.5425,0.442392502585501,1.58645185021764
1.543,0.695333450473117,1.55969648323463
1.5435,0.796409756941641,2.11759624481454
1.544,0.799547917307128,2.33310497699945
1.5445,0.82840693256578,2.45701157008654
1.545,0.7015769332245,2.25924270518907
1.5455,0.183249661469851,1.61161185120321
1.546,-0.274056514156283,0.785279903840952
1.5465,-0.70125466343601,-0.011014203485247
1.547,-0.932159435186165,-0.534925365763177
1.5475,-0.945742203679675,-0.464867746142476
1.548,-0.878649572868412,0.0193039291358543
1.5485,-0.721128456302296,0.666408530994166
1.549,-0.310855851443892,1.13911050874169
1.5495,-0.158332348590378,1.30836933074204
1.55,0.100485956333802,1.09751438098969
1.5505,0.233308501894829,1.19106218616831
1.551,0.45571547677139,1.52783018151735
1.5515,0.656514821094435,1.99091339810503
1.552,0.89461098241742,2.34496514992367
1.5525,0.883864476341527,2.56447703338842
1.553,0.84012314536319,2.61712594242358
1.5535,0.384206279890214,2.10744225924792
1.554,-0.0487131646116992,1.16893930195757
1.5545,-0.468674670106519,0.273570471680881
1.555,-0.882723714462363,-0.389097255678791
1.5555,-0.843489688365086,-0.31833418541178
1.556,-1.00886064413764,-0.0779589967607199
1.5565,-0.725571254125958,0.484646474210727
1.557,-0.46848070951957,0.897557040011445
1.5575,-0.352972130400754,0.887620138092663
1.558,-0.165946134343254,1.00740503018597
1.5585,0.163658656390392,0.96002159131537
1.559,0.397223411578219,1.2801933620402
1.5595,0.632507733031378,1.9549339958554
1.56,1.01084350803582,2.43511161450495
1.5605,0.979952061840038,2.68332717751979
1.561,0.888814535184966,2.81830886826133
1.5615,0.618381426436499,2.17396082421724
1.562,0.200325387778337,1.29326469116374
1.5625,-0.328194238270394,0.484663294878016
1.563,-0.697113124189281,-0.196621751438595
1.5635,-0.73832070272878,-0.157811268115864
1.564,-0.714728426470173,-0.089685846036494
1.5645,-0.807493864542224,0.464194368875366
1.565,-0.617972122307104,0.446701671111135
1.5655,-0.542494865491261,0.815251688023234
1.566,-0.293096620366785,0.758598838280417
1.5665,-0.0434927108671325,0.743237461251432
1.567,0.141203069112506,1.03695755318578
1.5675,0.631288060963328,1.57441977340135
1.568,0.708909619236046,2.3601120454207
1.5685,1.04211351658888,2.83628224529225
1.569,1.0194786341909,2.85075977609592
1.5695,0.781619166263833,2.25644111263988
1.57,0.369265874361131,1.68069395134029
1.5705,0.00390260446605939,0.884266701028899
1.571,-0.334665030248951,0.195202786303361
1.5715,-0.574108548609033,-0.00118954237334878
1.572,-0.812821325645451,0.201904667142502
1.5725,-0.786483632259068,0.401048781716441
1.573,-0.689401824731226,0.484839535307821
1.5735,-0.573922317166023,0.476977720919628
1.574,-0.552088346791428,0.465094781137568
1.5745,-0.331120052247446,0.470925361783031
1.575,0.0881431401613535,0.758294009522383
1.5755,0.378465779095942,1.26802241015842
1.576,0.693333776056155,2.12206718405929
1.5765,0.973756550530176,2.71917005420408
1.577,1.01055838404388,3.0027183690804
1.5775,0.902856717658447,2.6683307458833
1.578,0.526321500195409,1.69862496121407
1.5785,0.139021557420103,0.986025017702087
1.579,-0.22501105304582,0.464581447604673
1.5795,-0.439864604149168,0.270903597365719
1.58,-0.654907400160448,0.516749061466111
1.5805,-0.665127340038011,0.444622099370364
1.581,-0.715604628184498,0.554039040770509
1.5815,-0.676678610014933,0.447929083054626
1.582,-0.584181748019833,0.373704586686146
1.5825,-0.502533414234622,0.1323580377953
1.583,-0.219693743434593,0.291163711132568
1.5835,0.151088171631092,1.01640176197011
1.584,0.575898794485044,1.94224810288417
1.5845,0.864797270043734,2.61287104601556
1.585,1.02962545425731,2.84447629134264
1.5855,1.04352683610108,2.71361159659838
1.586,0.764778091683168,2.16051995679871
1.5865,0.441430218459416,1.39531942299345
1.587,0.0273469745241724,0.906191966466036
1.5875,-0.267716649246226,0.635383455388361
1.588,-0.482184440787471,0.559843623101588
1.5885,-0.565514062874011,0.739425617445904
1.589,-0.661023331578845,0.614857962579009
1.5895,-0.804953582448283,0.426819663791558
1.59,-0.862986878541152,-0.0278350932089551
1.5905,-0.76721780696655,-0.0316022463712047
1.591,-0.447713548090039,0.0862448899319757
1.5915,-0.170196026541917,0.751135635917349
1.592,0.42623462161913,1.76804582738573
1.5925,0.684147211840072,2.44149778390231
1.593,0.914921886412781,2.68145586534506
1.5935,0.963288260180751,2.71146900209725
1.594,0.790237521192214,2.32232859246673
1.5945,0.597309127161771,1.71458873258572
1.595,0.175401264828048,1.08661168054454
1.5955,0.00927547411912494,0.817140483578162
1.596,-0.270315035659187,0.832658901534675
1.5965,-0.367910249734709,0.893091315576724
1.597,-0.649653607112476,0.759052258015502
1.5975,-0.875953164488927,0.307510693892189
1.598,-0.918135013973278,-0.109953131440119
1.5985,-0.835213103018552,-0.441514468926909
1.599,-0.650960590338657,-0.0950483796543184
1.5995,-0.361179317076796,0.393057270874554
1.6,0.256158348839696,1.38673144537839
1.6005,0.540674490931488,2.23301278917157
1.601,0.838065018648102,2.74463632091299
1.6015,0.926612307516658,2.7179703783888
1.602,0.833134179408431,2.37657428299089
1.6025,0.727854360459541,1.69644182698709
1.603,0.381396216382496,1.57996228966735
1.6035,0.183876403706738,1.22966006508133
1.604,0.0607891180510019,1.10015312580256
1.6045,-0.211786925151417,1.07831597956061
1.605,-0.395193118469154,0.749450148197429
1.6055,-0.575639410029374,0.486097706200534
1.606,-0.92887035101901,-0.189078297002083
1.6065,-0.953440655776046,-0.437232717150543
1.607,-0.820776123280889,-0.237290038099873
1.6075,-0.603570548604558,0.317648518343789
1.608,0.018612109689994,0.91209413742228
1.6085,0.377540061224786,2.01006288085878
1.609,0.696974327530218,2.36711072669658
1.6095,0.828027138520703,2.46530616137212
1.61,0.752904332465615,2.27785033107086
1.6105,0.744209283573378,1.8584783115837
1.611,0.653959901816839,1.71182039669947
1.6115,0.476842398700733,1.59327366186697
1.612,0.176992971726396,1.72248503804942
1.6125,0.0543235999759056,1.28271134519001
1.613,-0.305944101278321,1.1320289537585
1.6135,-0.538045565333976,0.360984614827028
1.614,-0.9096730568047,0.0959702808877128
1.6145,-1.02446637263673,-0.583952782242567
1.615,-1.06324431211456,-0.549274050454687
1.6155,-0.732451521939696,0.0723782840300036
1.616,-0.309162176644352,0.877913096385531
1.6165,0.199061669038587,1.68562329992764
1.617,0.529985977386371,2.53861676717989
1.6175,0.790081175962986,2.33759606967795
1.618,0.760882680296603,2.30776701775768
1.6185,0.750989454688484,1.86985946700309
1.619,0.824020178292777,1.71803127862758
1.6195,0.486137970227012,1.55255464524733
1.62,0.546152145618416,1.81216449116155
1.6205,0.116876915737812,1.72751412908924
1.621,-0.0436991049566287,1.6743214086482
1.6215,-0.364055324285925,0.897494733550903
1.622,-0.935330114636927,0.201695790151492
1.6225,-1.00185726627045,-0.415565468020671
1.623,-1.09917145057177,-0.519099677479521
1.6235,-0.912160971467576,-0.313040847494151
1.624,-0.491759901498974,0.494470508860759
1.6245,-0.0385758940975106,1.51478437744504
1.625,0.387191892384985,2.0152803298388
1.6255,0.622346795148829,2.10024067813722
1.626,0.845380074311069,2.22654541404625
1.6265,0.811553230599264,1.83387282479663
1.627,0.743700497442002,1.86330322531715
1.6275,0.712819147543344,2.05423737342802
1.628,0.678006386683051,2.03277041336516
1.6285,0.399589917265187,1.982052340532
1.629,0.180796056736809,1.90689148975936
1.6295,-0.258729413632703,1.00812339422704
1.63,-0.606344468815675,0.257375844335188
1.6305,-1.01886878529853,-0.440361467690605
1.631,-0.98805486148041,-0.713029567062765
1.6315,-1.03724002497683,-0.519383525575525
1.632,-0.690488159418271,0.420045589448353
1.6325,-0.261853406001205,1.11642814372811
1.633,0.028499676088153,1.73630501480491
1.6335,0.307783511364983,1.82449115813778
1.634,0.621073076266142,1.83348695548021
1.6345,0.609947194397017,1.80632530419766
1.635,0.81415107905551,1.70458998475358
1.6355,0.757709869292851,2.05642393890483
1.636,0.802533877672152,2.08610820265424
1.6365,0.601766364857649,2.35232713180346
1.637,0.255059959360811,2.02112054200527
1.6375,0.0279248907039425,1.30061178936965
1.638,-0.495438604919585,0.590650506474105
1.6385,-0.766993036133623,-0.32871481238084
1.639,-1.04217280043569,-0.502578443411349
1.6395,-0.923133934491592,-0.517981783230829
1.64,-0.851329848219161,0.328015591509194
1.6405,-0.579549277171295,0.884372258377186
1.641,-0.109432888504721,1.4877663741802
1.6415,0.157358100705096,1.64046265708831
1.642,0.352755172267562,1.62029227271086
1.6425,0.43406296664978,1.57431550487265
1.643,0.665457762327867,1.63423038734856
1.6435,0.967801666764623,2.09916037258043
1.644,0.866766994511422,2.30625838777771
1.6445,0.893482436651979,2.45915009768124
1.645,0.519052878263182,2.26704176129627
1.6455,0.132936635922849,1.65989718303269
1.646,-0.20070787906776,0.948401998452336
1.6465,-0.607269889718038,0.112516042803296
1.647,-0.943275703623632,-0.331582610798233
1.6475,-0.904560927576707,-0.259932381140803
1.648,-0.87748339344278,0.0650806795428776
1.6485,-0.606078351053064,0.871262924470131
1.649,-0.391229146975272,1.12638261501458
1.6495,-0.133825824202864,1.19471959740393
1.65,0.149474758267645,1.35931278991275
1.6505,0.394789356996641,1.42626385876595
1.651,0.640077390679412,1.68913675445641
1.6515,0.702588471890231,2.07554649906533
1.652,1.00023668738537,2.34236187244047
1.6525,0.863371095845212,2.79939709852262
1.653,0.778140165731182,2.70713737943001
1.6535,0.411105590163698,2.0752070341322
1.654,-0.0622083235125133,1.07809373492297
1.6545,-0.464962645923272,0.189511265024662
1.655,-0.723252393000703,-0.325003350641367
1.6555,-0.966774630665446,-0.173630694357507
1.656,-0.9310110292188,-0.0419818117742268
1.6565,-0.856926295493281,0.367975942906811
1.657,-0.647342008115941,0.785720870611852
1.6575,-0.232722668221471,0.925746096624039
1.658,-0.0634520646786296,1.12939700719007
1.6585,0.15749093715886,0.970378590503579
1.659,0.344911365143127,1.44196184231428
1.6595,0.704847516230021,1.93556617421627
1.66,0.876409306508108,2.36330382050775
1.6605,1.00704497783306,2.93415429488749
1.661,0.879714542867727,2.87217931988907
1.6615,0.661957461484784,2.25650088511275
1.662,0.150975796725093,1.31544035316018
1.6625,-0.25701887812161,0.530558069662582
1.663,-0.624811978425036,-0.160575749572882
1.6635,-0.750454413169205,0.112067314617009
1.664,-0.82338338651475,0.105172555088159
1.6645,-0.756372880390365,0.435143192310655
1.665,-0.605782076454518,0.633809568034357
1.6655,-0.502771574700729,0.683583522577769
1.666,-0.340224442328771,0.64730559642931
1.6665,-0.0802970840900941,0.856722870097573
1.667,0.225646665867462,1.05061764727778
1.6675,0.564990594784146,1.69996295977938
1.668,0.742127089475803,2.42083160824901
1.6685,0.867412871456779,2.93201059015435
1.669,0.994118172610913,3.07707973288936
1.6695,0.812552372937142,2.70922521436334
1.67,0.45130387787913,1.75797917610084
1.6705,-0.0545681010026074,0.805626140111971
1.671,-0.293510785409848,0.138957828771994
1.6715,-0.628234785683043,0.217141798901145
1.672,-0.693984160500685,0.322192386690062
1.6725,-0.653314376244966,0.396745938191291
1.673,-0.688661376707531,0.569971841329912
1.6735,-0.752025735191781,0.648284332087498
1.674,-0.501406330832983,0.429501862977523
1.6745,-0.23599700835507,0.36909612474395
1.675,-0.0628854736264545,0.84276176853877
1.6755,0.312448471999279,1.42103855727742
1.676,0.797428309476317,2.10171093523771
1.6765,1.02982147418098,3.02795444323748
1.677,1.18380471731779,2.94517692162979
1.6775,0.953998659005044,2.73856828938912
1.678,0.570857704989507,2.16358217587564
1.6785,0.193049611123948,1.23627676129223
1.679,-0.160701186482315,-7.34312005248166
1.6795,-0.510396402045995,0.305811583500507
1.68,-0.625708303532921,0.39434164163452
1.6805,-0.61607228582881,0.502583326347186
1.681,-0.601429311776677,0.686215444143977
1.6815,-0.817446092619346,0.443252062417451
1.682,-0.772619100631087,0.225915888381512
1.6825,-0.574769878617647,0.145657051915533
1.683,-0.308770488710553,0.507145532587377
1.6835,0.197742662349653,1.22043058029968
1.684,0.52027485230104,2.0961336676826
1.6845,0.859002379809774,2.76934978451973
1.685,1.02329347679855,2.94964328662555
1.6855,0.944879546406841,2.77848711165456
1.686,0.743002131945748,2.25094834579168
1.6865,0.369420757148553,1.45968242844793
1.687,0.0365825139252395,0.794815192162824
1.6875,-0.182951336106897,0.811605960722853
1.688,-0.53823726433384,0.57752253226623
1.6885,-0.652879585492656,0.82768246051688
1.689,-0.826980483304292,0.559729324110148
1.6895,-0.699827294086542,0.422490130930609
1.69,-0.844206027444007,0.0513500701658682
1.6905,-0.731112382597755,-0.146722607324042
1.691,-0.300597950571706,0.113505349980719
1.6915,-0.0368691566552403,0.905887849649
1.692,0.373751980708933,1.81935822272108
1.6925,0.727717908923589,2.60970301273089
1.693,0.871534601572076,2.99980206065566
1.6935,1.02095375736974,2.72520807450746
1.694,0.863305083893199,2.36233209353547
1.6945,0.655915756237586,1.66376235654232
1.695,0.163514445610341,1.11448170579281
1.6955,-0.0560450837475192,0.805795006537146
1.696,-0.278155793262169,1.0060345774199
1.6965,-0.519528163230974,1.15729425683129
1.697,-0.568834983274488,0.778941499253295
1.6975,-0.771075390368603,0.441398224747054
1.698,-0.809936568474721,0.216380259407544
1.6985,-0.826833377256642,-0.261290514018246
1.699,-0.632168783896611,-0.0351764765880951
1.6995,-0.309443159284337,0.728171262358312
1.7,0.147927738824359,1.53632559094783
1.7005,0.586259341321541,2.38629563466018
1.701,0.845747905440934,2.83048780406804
1.7015,1.01049711285925,2.71359517699742
1.702,0.859301742845951,2.41021869597599
1.7025,0.641991800682758,1.81688364949519
1.703,0.371938312876474,1.62296391271395
1.7035,0.32510736018567,1.12036461207277
1.704,-0.0332663263769172,1.29150661471743
1.7045,-0.221661489761823,1.38235652981484
1.705,-0.44666524188879,0.973952378912009
1.7055,-0.711745593084339,0.645721945989357
1.706,-0.875657697530072,0.00771577907885002
1.7065,-0.904090833155415,-0.43292853864904
1.707,-0.846710414511305,-0.356683049292319
1.7075,-0.556109402588164,0.254021975427019
1.708,-0.0537465554324979,1.22209021159417
1.7085,0.298388866955022,2.11226694458932
1.709,0.815293896549591,2.52225798174257
1.7095,0.863824062569547,2.6079047060891
1.71,0.855755014181333,2.35095921276712
1.7105,0.812965120914405,1.89834880699799
1.711,0.56785477672679,1.77210870468914
1.7115,0.416652506618704,1.70016739811102
1.712,0.206981803242917,1.61494558683082
1.7125,-0.00896736849030287,1.52092003329063
1.713,-0.3311022909572,1.30749401864854
1.7135,-0.499035781200857,0.694641176582723
1.714,-0.86951322147007,0.117297939136596
1.7145,-1.14059775413967,-0.478185077731244
1.715,-0.89751255539306,-0.408251889700993
1.7155,-0.678301475419032,0.0239365372285467
1.716,-0.316890466426697,0.902699558513077
1.7165,0.192577819523413,1.79766409456834
1.717,0.527503107548994,2.3659944855817
1.7175,0.634507135265956,2.43482241904386
1.718,0.837796942753578,2.32893084977141
1.7185,0.802094663566705,2.0677050077028
1.719,0.732959667598269,1.82978786799843
1.7195,0.491316814234862,1.71887217043484
1.72,0.490782630246561,1.97118063107415
1.7205,0.255720970226904,1.82953335226704
1.721,-0.0160662099369434,1.49321693867629
1.7215,-0.420454158002559,0.910741971550436
1.722,-0.821377529625047,0.159299101141702
1.7225,-0.994089450083955,-0.326478741467518
1.723,-1.05441609903308,-0.666172275913148
1.7235,-0.797742276786297,-0.294720212021407
1.724,-0.473057224181767,0.481836762944549
1.7245,-0.0820988656553171,1.50316116135336
1.725,0.233102509110673,2.19660630556697
1.7255,0.449402426489151,2.27623664215221
1.726,0.750009117015317,2.07918192580696
1.7265,0.691618749249052,2.01133560686081
1.727,0.721693377319705,1.84202996662702
1.7275,0.723890837145728,1.89976017039146
1.728,0.588726800051806,2.15954157808086
1.7285,0.385760733550635,2.19691255782812
1.729,0.236882179223716,1.80919745515972
1.7295,-0.276569471942373,1.12049028552652
1.73,-0.615214824109639,0.327337793316306
1.7305,-1.00480706579066,-0.183321264371172
1.731,-1.11799588126367,-0.505404934819912
1.7315,-0.896803927178333,-0.216846604216242
1.732,-0.828508893121544,0.500321263737261
1.7325,-0.299207953578471,0.994909172647732
1.733,0.0633621218590688,1.64845706128447
1.7335,0.408832028325809,1.99400713848212
1.734,0.501486073641249,1.85136947410896
1.7345,0.617841167729619,1.83798119577484
1.735,0.626790105648343,1.77877033256653
1.7355,0.661711653094666,2.20261399711125
1.736,0.793136942744745,2.3943381156084
1.7365,0.622154796338357,2.35657278613421
1.737,0.312095770272876,2.04922832174235
1.7375,0.0513962281725067,1.53403264746426
1.738,-0.554600517634298,0.636006127128063
1.7385,-0.745367331398159,-0.258168986258486
1.739,-0.911463319617377,-0.358900268402086
1.7395,-1.0345468670115,-0.269271622705135
1.74,-0.917144396435794,0.397879400922169
1.7405,-0.416923992872682,0.799046915058662
1.741,-0.0999624493857375,1.51096198006154
1.7415,0.0653791669705509,1.77867485256903
1.742,0.305952987628114,1.76101840811119
1.7425,0.435598599930454,1.65304350166268
1.743,0.690106382022222,1.96954859112723
1.7435,0.810966567875116,2.11714102345017
1.744,0.812691955087219,2.44402767382984
1.7445,0.781225250294121,2.69599169582229
1.745,0.640894912685489,2.33840248630842
1.7455,0.219792710821217,1.89316809662822
1.746,-0.304192850003115,0.937321598437432
1.7465,-0.655805559784017,-0.0301732809445405
1.747,-0.888295657056438,-0.42880369749728
1.7475,-1.0234827339263,-0.29679385650216
1.748,-0.789560032856068,0.179332037379861
1.7485,-0.668975986100034,0.700413425758685
1.749,-0.362202560360747,1.1327099946109
1.7495,-0.206275080862212,1.39647698315005
1.75,0.14205854889232,1.39353009789429
1.7505,0.34425537969832,1.42997091913507
1.751,0.547402838452275,1.54015080647007
1.7515,0.679055498527556,2.04440371286144
1.752,0.990580678674006,2.52065074098914
1.7525,0.956335535161092,2.98264503033092
1.753,0.840659936481526,2.56656528047011
1.7535,0.530257867791054,1.97689019379886
1.754,-0.183158498754364,1.22344220703846
1.7545,-0.400840566660342,0.223519654071895
1.755,-0.82369960619161,-0.146616653771504
1.7555,-0.928924292894184,-0.297099490576014
1.756,-0.861616145045618,0.0224809317278665
1.7565,-0.725804576637987,0.565237218796839
1.757,-0.453224978299563,0.901805245898211
1.7575,-0.281137984811526,0.954857337021301
1.758,-0.113880253202359,1.15342511465553
1.7585,0.178483756896861,1.11958818678248
1.759,0.41509807942238,1.47306644371235
1.7595,0.659900186659117,1.9593830357418
1.76,0.750959217166315,2.57533615550825
1.7605,0.993500420291569,2.92155813581954
1.761,0.935326202867466,2.65277093284998
1.7615,0.661009859873937,2.32518474355856
1.762,0.234544172442142,1.59411287739653
1.7625,-0.166066402780694,0.570480508595989
1.763,-0.590702660679654,0.0127554612375516
1.7635,-0.855736434671465,-0.000956405468637955
1.764,-0.751156561255172,0.321683452424871
1.7645,-0.783404760228121,0.6181830063055
1.765,-0.649578525827158,0.77515265813223
1.7655,-0.482831027870948,0.868606051000419
1.766,-0.266565119673399,0.912919059213128
1.7665,-0.0183696238203179,0.766709740688426
1.767,0.197757648413512,1.24694358952425
1.7675,0.400028783786867,1.76032427944206
1.768,0.920322689095907,2.38173254636952
1.7685,0.932150283465504,2.80226416327259
1.769,0.960921430139167,3.01237704920775
1.7695,0.815972573074619,2.39432192609563
1.77,0.315523016611036,1.64226501347627
1.7705,0.053094373543641,0.870537062029849
1.771,-0.321888737713711,0.359989847009784
1.7715,-0.636435838576935,0.127395911298208
1.772,-0.75411592480753,0.226291420250428
1.7725,-0.806266087194584,0.656539008601983
1.773,-0.622992324867725,0.698171324447099
1.7735,-0.611126685763086,0.798345566120754
1.774,-0.468818420278144,0.502459204967707
1.7745,-0.465531498512986,0.557849637742943
1.775,-0.0361279374521553,1.01621138668954
1.7755,0.305411363239483,1.5740916020641
1.776,0.669701320779122,2.34168633461523
1.7765,0.99646920465372,2.94297396495574
1.777,1.08247254446438,2.9594000096836
1.7775,0.970509815464722,2.81489171605496
1.778,0.581152274912461,2.11110615803887
1.7785,0.107708477176479,1.34006626949396
1.779,-0.121182795957399,0.782696039308156
1.7795,-0.348852114260725,0.363928216313169
1.78,-0.47400633812159,0.298546909384314
1.7805,-0.652454766699642,0.704940844187929
1.781,-0.700137820960246,0.724064655445939
1.7815,-0.642459916304629,0.539964134377753
1.782,-0.708259030379707,0.375084112877364
1.7825,-0.412353763115606,0.253052572357426
1.783,-0.251221535383511,0.548665462444703
1.7835,0.169935378392818,1.36594505406236
1.784,0.554266449982286,2.17521304872934
1.7845,0.95576391315413,2.75833995514675
1.785,1.03550287880429,3.16569130759033
1.7855,0.9793170972114,2.94365660200135
1.786,0.771703403632734,2.35566177603249
1.7865,0.433670247088901,1.52837476320738
1.787,0.112658203621526,0.971169715521394
1.7875,-0.162324868001957,0.804883674520602
1.788,-0.497467286229215,0.907648834840749
1.7885,-0.510846016425035,0.865710477654146
1.789,-0.711942960309066,0.870261196122352
1.7895,-0.822557956171992,0.383969484436886
1.79,-0.709818082744131,0.177511265773331
1.7905,-0.72384219956429,-0.00571643052933801
1.791,-0.484196668894771,0.278734039141222
1.7915,-0.154777545366441,0.958444348093105
1.792,0.284768005535659,1.91412415900687
1.7925,0.738461120726865,2.57725012664447
1.793,0.891858731299966,3.02616984624063
1.7935,0.923815595961523,2.73809876582818
1.794,0.78794613128373,2.43513624415468
1.7945,0.531585908413085,1.76584701087572
1.795,0.388129437011003,1.12364998426207
1.7955,0.0337893689766389,1.00881114815063
1.796,-0.325919288070909,1.13250013184859
1.7965,-0.44740640917209,0.833836963297584
1.797,-0.549282516865481,0.816284608594666
1.7975,-0.766826887494948,0.452371323749087
1.798,-0.914781675637502,-0.0433990098959927
1.7985,-0.915745056385063,-0.130463460896792
1.799,-0.664158331054344,0.110892957806648
1.7995,-0.335784554419591,0.576202087704413
1.8,0.117228729782341,1.60851286342059
1.8005,0.5717380260589,2.53414747630642
1.801,0.892575681388883,2.84512452933171
1.8015,0.893601149049907,2.79334297781447
1.802,0.90182178116101,2.51388270508615
1.8025,0.714457488458968,1.93489463479674
1.803,0.426375382499635,1.51779061471025
1.8035,0.264396863435863,1.42670303030421
1.804,-0.0499344685882253,1.31145392654978
1.8045,-0.241089090679437,1.25383722945053
1.805,-0.586137807643814,1.2185325994523
1.8055,-0.696688225292619,0.5533659197148
1.806,-0.927223763368103,0.0925457725185033
1.8065,-0.925850657018788,-0.123872238493196
1.807,-0.782999176475441,0.00833336441635368
1.8075,-0.443724429848521,0.391839923549318
1.808,-0.0559191006160591,1.0982923431921
1.8085,0.415078301707154,1.98062020661931
1.809,0.582885212115386,2.61579066757959
1.8095,0.767820474262767,2.76031441150013
1.81,0.816269503955347,2.51456783116612
1.8105,0.797878588593249,1.91392811918107
1.811,0.688580971871342,1.82961465324617
1.8115,0.477009988519582,1.61778539677509
1.812,0.249484850314651,1.75006612319989
1.8125,-0.0076312072676115,1.59322470292876
1.813,-0.31488558210917,1.2696353121045
1.8135,-0.513032146213926,0.721742766225546
1.814,-0.902999595032469,0.181558154051129
1.8145,-1.06608152014213,-0.28742358394068
1.815,-0.954158103943083,-0.31501041319745
1.8155,-0.720480981791061,0.08913497746651
1.816,-0.31401198616361,1.07142699957585
1.8165,0.118691756530376,1.93032587357457
1.817,0.510446214692692,2.55393121512186
1.8175,0.617563110475745,2.69662402322515
1.818,0.813324707161746,2.43103447978001
1.8185,0.683179181039777,2.07652579883994
1.819,0.679886110734874,1.65081026156496
1.8195,0.609701640841142,1.86180342765742
1.82,0.407823594556561,1.9466679571536
1.8205,0.288065576153205,1.8156847356549
1.821,-0.00854704718433344,1.64966314304675
1.8215,-0.377132730746764,1.00426023924512
1.822,-0.817064472185001,0.090152590750495
1.8225,-1.10554773968006,-0.258340668026655
1.823,-1.03379348347661,-0.559147780777205
1.8235,-0.811416776282632,-0.0831485523215243
1.824,-0.493650104043429,0.739927446448191
1.8245,-0.197443788475331,1.4992179672534
1.825,0.215472899382226,2.29016063539372
1.8255,0.502366314675315,2.20845205708016
1.826,0.734949657833597,2.18514097706964
1.8265,0.761640150647879,2.02830562700593
1.827,0.810623608960287,1.8321796278959
1.8275,0.69622138484774,2.04270054902351
1.828,0.61799700047864,2.2468844167124
1.8285,0.404104301607509,2.31364045606332
1.829,0.148711643594989,2.03685887639186
1.8295,-0.307833627749862,1.17654802199239
1.83,-0.602893213650278,0.511798157849438
1.8305,-0.891380403461601,-0.181188707314079
1.831,-1.0662968279565,-0.508632766734028
1.8315,-0.931749127922561,-0.296971730480358
1.832,-0.744395811943724,0.408285204995916
1.8325,-0.298375677823138,1.24491426112959
1.833,0.00905464362922827,1.76248405486144
1.8335,0.399370140034239,2.14545327096146
1.834,0.5229048190345,1.94379532017939
1.8345,0.61865316746714,1.91347295485165
1.835,0.757890523028925,1.98886993287822
1.8355,0.799860766455483,2.07170506477888
1.836,0.807141768620755,2.33344518847741
1.8365,0.66218013424248,2.73094461604725
1.837,0.336514769831841,2.24954260377075
1.8375,0.0287331355979528,1.54036830741902
1.838,-0.518633064677664,0.868996602520376
1.8385,-0.877435923439398,0.0595854083737071
1.839,-1.02463343489278,-0.417079990858203
1.8395,-0.959846196917934,-0.0629939680219225
1.84,-0.706595450052673,0.315799409320168
1.8405,-0.468455876541356,1.19161265229587
1.841,-0.197426457337002,1.56530086282049
1.8415,0.0337610444117865,1.70659805994865
1.842,0.434466797318359,1.79727936983022
1.8425,0.490610462544366,1.71936366393674
1.843,0.579552949226541,1.90465086820206
1.8435,0.745423452134749,2.13894095356415
1.844,0.910696608028358,2.52131272483764
1.8445,0.721345125749458,2.70830538163455
1.845,0.500897944586321,2.42416537992268
1.8455,0.164801002577364,1.91323570953869
1.846,-0.322371874340474,1.01157221401231
1.8465,-0.568694742939148,0.108413805372513
1.847,-0.832538093633292,-0.378599454034987
1.8475,-0.835636102409623,-0.411965278812537
1.848,-0.943787263527272,0.162541465605574
1.8485,-0.550969564661974,0.84106342488004
1.849,-0.357975740875838,1.27118502395689
1.8495,-0.0948618970624845,1.35104349887556
1.85,0.15647548109071,1.50450978840375
1.8505,0.28772488073658,1.44794015839565
1.851,0.64425104877673,1.63369587415923
1.8515,0.79334482730771,2.06641643894816
1.852,0.90582842977859,2.42881046689648
1.8525,0.945553311595673,3.00560785592306
1.853,0.63435647176165,2.89288183618788
1.8535,0.463608515314775,2.19773831856766
1.854,0.0338930548268271,1.29541153621284
1.8545,-0.447635447866718,0.234008283270369
1.855,-0.764917837629733,-0.183572610623631
1.8555,-0.993016775473694,-0.129171075491291
1.856,-0.92974725124663,0.204824258411
1.8565,-0.785992435381958,0.57010277500211
1.857,-0.546210730471261,1.05307195689734
1.8575,-0.301928279877773,1.15240506423114
1.858,-0.133350105637955,1.07050661082151
1.8585,0.0474151273287269,1.34376962267848
1.859,0.445063944039598,1.5606363508047
1.8595,0.648685845881549,2.063527765629
1.86,0.986444741188007,2.64694843524363
1.8605,0.997654005844939,2.92234615456716
1.861,0.88104012322205,2.9843458897131
1.8615,0.597875471042454,2.44199102664331
1.862,0.201961420052746,1.68640017085468
1.8625,-0.218930687016749,0.7033448115586
1.863,-0.534998701204769,0.132370634870875
1.8635,-0.878386408289631,0.0476220925955853
1.864,-0.810137647790073,0.175546132898006
1.8645,-0.799496823210603,0.53287079228123
1.865,-0.682467182708369,0.840860400760424
1.8655,-0.541258704575738,0.880773212019959
1.866,-0.434545702232049,0.878005992369847
1.8665,-0.109872154485129,0.852802388776032
1.867,0.151873390812383,1.22680575559389
1.8675,0.522379826694068,1.94428158365045
1.868,0.814878651666998,2.65102786899102
1.8685,0.985145470635159,3.14476924620034
1.869,0.995164908097419,2.9866382692329
1.8695,0.739031611621928,2.62093438498354
1.87,0.39480822104216,1.81750673155707
1.8705,-0.0929864568822874,1.09798174020098
1.871,-0.344745235687527,0.275169327543541
1.8715,-0.597665766183461,0.321112381947511
1.872,-0.740465150233232,0.428804462083501
1.8725,-0.727816514851986,0.584440461422021
1.873,-0.77166372033509,0.795168261334948
1.8735,-0.653597313863673,0.806548470368054
1.874,-0.628777049540724,0.575313150052954
1.8745,-0.371702230285313,0.58989846958404
1.875,0.0518624110752368,0.999616069595091
1.8755,0.235399488780546,1.68980744219906
1.876,0.704714349567985,2.27149659892908
1.8765,0.911659590267406,3.08735646188692
1.877,0.947023499911376,3.09310657010711
1.8775,1.03177632171984,2.79774194842453
1.878,0.551540710301549,2.07020784082812
1.8785,0.0931363367995697,1.42883502003986
1.879,-0.182275281560935,0.617959385119148
1.8795,-0.451811269914158,0.544167195166828
1.88,-0.607552441631755,0.411702846443239
1.8805,-0.705294178938665,0.557521922817131
1.881,-0.756579144078872,0.74759415427014
1.8815,-0.726501113440437,0.479868457905448
1.882,-0.778184236061649,0.316865327592299
1.8825,-0.462614128369084,0.240247879956849
1.883,-0.230364633100476,0.686240341367552
1.8835,0.144878473994851,1.32696210020315
1.884,0.46235514583376,2.43794123975932
1.8845,0.995731727777164,2.8931610681338
1.885,1.04850612222784,3.16851067907211
1.8855,0.906759209389275,2.89867432800658
1.886,0.851338037437486,2.31056516848268
1.8865,0.429667147103054,1.69312769545161
1.887,-0.0257553253323601,1.17948043721957
1.8875,-0.209782258258173,0.719642784731027
1.888,-0.447568683379431,0.736017776476524
1.8885,-0.570497966833047,0.766773226998913
1.889,-0.721446337232049,0.766996076818585
1.8895,-0.832225255104567,0.49841061697954
1.89,-0.860986244272627,0.288693883882425
1.8905,-0.805641083184758,0.149804920446385
1.891,-0.419670872437879,0.370729989293745
1.8915,-0.0427468577515335,1.0007814184073
1.892,0.453295167080338,1.87460745393906
1.8925,0.903554954188136,2.61659742618542
1.893,0.928193922281393,2.97673483648652
1.8935,0.894680383594276,3.13369289807908
1.894,0.840864348895137,2.63364534040799
1.8945,0.527752728055112,1.86813649793386
1.895,0.270013662531589,1.37253064858832
1.8955,0.0334959424800813,1.24652475203418
1.896,-0.27967180100106,1.03163973247946
1.8965,-0.46814877646212,0.940933280818835
1.897,-0.585504133117893,1.09279712602134
1.8975,-0.842843375123183,0.661211989700097
1.898,-0.964874709856119,0.187970775551911
1.8985,-0.905598073108584,-0.283002173283349
1.899,-0.632820599260858,0.189313171628451
1.8995,-0.259136796463712,0.687386983938153
1.9,0.213616686717002,1.5480540304353
1.9005,0.556821210164373,2.40366830673837
1.901,0.918992454563116,2.94996028914459
1.9015,0.983941325254459,2.93239794482217
1.902,0.913636653893959,2.65981245938458
1.9025,0.721105755502519,2.21201802694523
1.903,0.428752336178534,1.62062392734376
1.9035,0.136458358449696,1.4473558403553
1.904,-0.0101402734259351,1.44360726442064
1.9045,-0.184024319025571,1.45861938053071
1.905,-0.484450336025333,1.19502700196159
1.9055,-0.742061810647694,0.800831475250952
1.906,-0.895939745673297,0.212227886849516
1.9065,-1.03631568343235,-0.210068791104753
1.907,-0.843842838866264,-0.148062940521463
1.9075,-0.571155844876192,0.51546204454453
1.908,-0.135331619794374,1.45052346329139
1.9085,0.418546307405815,2.22496200172803
1.909,0.686697411723748,2.62268830195905
1.9095,0.718053087874051,2.77307708863629
1.91,0.80094420318786,2.4605861168139
1.9105,0.869420174747705,2.13262506185625
1.911,0.549194021356348,1.74888787586063
1.9115,0.452694145655627,1.67182396124151
1.912,0.16293685069088,1.8106900529279
1.9125,-0.0145984368910833,1.64916958474621
1.913,-0.266844729666032,1.42101110975704
1.9135,-0.57267558765365,0.927104794455552
1.914,-0.800667016448794,0.209349784756772
1.9145,-0.993158724832453,-0.278878137247087
1.915,-0.97585862785572,-0.0670319304154769
1.9155,-0.701969530793312,0.132806888318634
1.916,-0.325180292810443,1.06191100741075
1.9165,0.132199850864364,1.87835303764617
1.917,0.521839725590955,2.36965503389214
1.9175,0.739472248933951,2.60097066913972
1.918,0.872609299264195,2.37811580769496
1.9185,0.642055006293382,1.93448372985774
1.919,0.605966655663714,1.89524714269429
1.9195,0.469316222764217,1.90875682057871
1.92,0.434563279498004,2.10167221123171
1.9205,0.260587337610876,2.03312770613809
1.921,-0.208142758440749,1.81441012262899
1.9215,-0.452501882052057,1.13263999562268
1.922,-0.851603024752176,0.368047468758778
1.9225,-1.02040273157613,-0.0748799767826214
1.923,-0.977217123390647,-0.394346741199111
1.9235,-0.839321153955732,-0.113677416343301
1.924,-0.391791666126933,0.824695318051014
1.9245,-0.0176835308960307,1.62913414726758
1.925,0.342537804990412,2.33805653889245
1.9255,0.511125429909793,2.28080743152803
1.926,0.733952613300564,2.38998498429914
1.9265,0.711809960192638,2.11330264335989
1.927,0.82235897256805,2.05889258862297
1.9275,0.712982869594965,2.11779747176719
1.928,0.592720056833874,2.00220508234221
1.9285,0.42901579364902,2.154274608176
1.929,0.111371431964548,1.96804581432357
1.9295,-0.276570081114287,1.30816021739713
1.93,-0.608536618528798,0.523772481244867
1.9305,-1.02196880086124,-0.0535523495340857
1.931,-1.03845519512236,-0.505865450054215
1.9315,-0.950661764844228,-0.153359214304035
1.932,-0.698860665935036,0.69251542421028
1.9325,-0.25061433864117,1.47586558475295
1.933,0.0327916668690322,1.90306208574608
1.9335,0.318617172161179,2.26739299173286
1.934,0.481795896865442,2.19295101299986
1.9345,0.661955154747623,2.04279264894634
1.935,0.663684736540989,2.08375936019625
1.9355,0.706334462700836,2.20789875996731
1.936,0.898285691574825,2.49681617202883
1.9365,0.706570930789196,2.49911018849415
1.937,0.377497522386823,2.36034887514145
1.9375,0.0327608115053669,1.6786058883144
1.938,-0.55314405382937,0.739093142463609
1.9385,-0.836290412923412,0.0457813568588703
1.939,-0.991039889445727,-0.28699745895581
1.9395,-0.953711516315066,-0.0677736622988692
1.94,-0.76712528495927,0.439405897788679
1.9405,-0.370219637762266,1.0976852399121
1.941,-0.256955873458332,1.65600167453746
1.9415,0.100847392915678,1.75487955724359
1.942,0.177600074424639,1.84670408232332
1.9425,0.550244171557903,1.99985820729317
1.943,0.541040123683289,1.85531578896935
1.9435,0.701376560202256,2.2607542543827
1.944,0.877070165588956,2.6456653129322
1.9445,0.859498384240153,2.93558634866343
1.945,0.678240551619156,2.57599772377078
1.9455,0.0856490776124789,1.9410413726989
1.946,-0.103566986140054,1.11878094910762
1.9465,-0.681775455893157,0.230359136101246
1.947,-0.944652023579802,-0.198034863140074
1.9475,-0.916249204979934,0.0364247765211467
1.948,-0.918142420786604,0.177160841952197
1.9485,-0.66782298800881,0.86627971373075
1.949,-0.400810852626357,1.2976231784553
1.9495,-0.124805174626411,1.49769862353713
1.95,0.144038912380167,1.37906354945612
1.9505,0.279115298962346,1.47166549835863
1.951,0.59884539908964,1.71835868870699
1.9515,0.853551159121492,2.2155290743711
1.952,1.0115894856397,2.64676774531375
1.9525,0.896011487759071,3.03225050091551
1.953,0.655426299154805,2.77149374945971
1.9535,0.417886081369987,2.16281763757493
1.954,-0.0331047270118482,1.24547383116095
1.9545,-0.506687714904193,0.420515813471272
1.955,-0.797323237347803,-0.116165366052237
1.9555,-0.969794698253222,-0.150999489024287
1.956,-0.82804894704159,0.213094124199283
1.9565,-0.80056244731287,0.546712850823513
1.957,-0.661240095098159,1.13130209717112
1.9575,-0.249565810425537,1.19777203439228
1.958,-0.165507767832877,1.29944576506923
1.9585,0.0799425843793571,1.18761476813135
1.959,0.380545714343973,1.63929931765695
1.9595,0.574592400673806,2.14777772446657
1.96,0.879178484461687,2.67735606503481
1.9605,0.989309909250465,3.00096337232291
1.961,0.896437884547557,3.039685090041
1.9615,0.616080913618996,2.56446153864607
1.962,0.279103855782068,1.67472063688812
1.9625,-0.230684666327729,0.76414119193972
1.963,-0.652703401216395,0.258322667582818
1.9635,-0.912575716173781,-0.0507106459086513
1.964,-0.802481787361234,0.351780476014549
1.9645,-0.803082283555996,0.671541282429403
1.965,-0.641405597280026,0.936505205465379
1.9655,-0.567273222803648,1.03553623304874
1.966,-0.277633556453132,0.92297993701512
1.9665,-0.206235939334246,0.995524261107491
1.967,0.127566282985708,1.43915791552629
1.9675,0.544211246321133,1.87790137510797
1.968,0.880440242063771,2.58024338256697
1.9685,1.0832483041352,3.00550528265299
1.969,1.0298516000854,3.30369094187237
1.9695,0.705601638047357,2.72497921748742
1.97,0.392502409053583,1.91465968117221
1.9705,-0.019377073083848,1.05349013086794
1.971,-0.309859359936851,0.401893058790854
1.9715,-0.64288792873975,0.308726940987305
1.972,-0.706059833050568,0.479056359889548
1.9725,-0.680139418652552,0.534033691105567
1.973,-0.628318737181152,0.849770339191436
1.9735,-0.645828882525415,0.91460659258819
1.974,-0.557448472570561,0.659863015995597
1.9745,-0.226090283395211,0.621046665224779
1.975,-0.0678961082019076,0.948122184277287
1.9755,0.247669668206407,1.6100527430961
1.976,0.748639183700039,2.42385711998301
1.9765,0.949576894111656,3.08159717100135
1.977,1.08370694026091,3.32427406857231
1.9775,0.895166297294273,3.01519297289847
1.978,0.565025587148833,2.27022899495917
1.9785,0.213254903287935,1.27124780674282
1.979,-0.12036795562039,0.785961183071871
1.9795,-0.495318712087235,0.36293964922552
1.98,-0.566971574094499,0.618409284258369
1.9805,-0.716296797077142,0.820120382110331
1.981,-0.819879677411279,0.978020628185104
1.9815,-0.806488406168412,0.713845102126645
1.982,-0.655091380718111,0.469859120378902
1.9825,-0.536136249612674,0.375375656733272
1.983,-0.198536131826096,0.664759371369015
1.9835,0.121197889976139,1.51712306774341
1.984,0.466753217146377,2.26792731901684
1.9845,0.805020335762881,2.84797964764058
1.985,1.08538319782567,3.2398239222186
1.9855,0.954774145968916,3.16972078203643
1.986,0.715080630002922,2.32796741573391
1.9865,0.292250818944779,1.71455272506784
1.987,0.0545768076283844,1.18425039847398
1.9875,-0.304873134204842,0.933095556002861
1.988,-0.40837319461716,1.01113645920417
1.9885,-0.565415649081082,1.07501738009261
1.989,-0.755722814076854,1.03378594157446
1.9895,-0.840992815120401,0.744221629358201
1.99,-0.848960583309437,0.234766867682038
1.9905,-0.753730538436783,0.0404632085621783
1.991,-0.425441873705598,0.436373919006379
1.9915,-0.0602346295035934,1.1740993793363
1.992,0.374890295141014,2.00209900938705
1.9925,0.727682609790619,2.70554586591607
1.993,0.971984589889329,3.25462140996145
1.9935,1.00803056548086,3.07125872950119
1.994,0.829316633221179,2.60844019810303
1.9945,0.499354512178341,1.97765862689947
1.995,0.315466734676878,1.45743656771663
1.9955,-0.0332582388887795,1.17476784587514
1.996,-0.306624153289686,1.07030168012207
1.9965,-0.442951206357781,1.2037978560173
1.997,-0.570299993026116,0.966979177277224
1.9975,-0.752053854947368,0.656833663759597
1.998,-0.889304984676795,0.263633881614034
1.9985,-0.836107975457978,0.0455965021934541
1.999,-0.625111650255225,0.235496498797235
1.9995,-0.381419326079085,0.702715027792867
2,0.274141937549394,1.54469472123855
2.0005,0.484747051165185,2.54785193125005
2.001,0.864080790087189,3.02378189989367
2.0015,0.828251966182945,2.85107746276424
2.002,0.865937161941133,2.68385544683552
2.0025,0.790542329765828,2.14634526806485
2.003,0.386522880387703,1.76970352650439
2.0035,0.204930933102567,1.69251741916013
2.004,-0.0737726437014147,1.48011519093279
2.0045,-0.28930272027435,1.60719054588879
2.005,-0.489452804794154,1.17300955170906
2.0055,-0.702110399314037,0.686630308600804
2.006,-0.969501012898962,0.19002622756088
2.0065,-0.918355899164664,-0.21063450110513
2.007,-0.876912356129084,-0.0336289373782392
2.0075,-0.602108258852834,0.53601303896053
2.008,0.056187917839344,1.30838655617499
2.0085,0.300742162156071,2.18691579285491
2.009,0.753717279559289,2.81704975161692
2.0095,0.851784314199693,2.96746181928021
2.01,0.88011017749192,2.68558793479345
2.0105,0.832018721302514,2.22277598831595
2.011,0.693677416138085,2.05554015166403
2.0115,0.396469101199087,1.72194144119691
2.012,0.236246209904976,1.89482243037919
2.0125,0.00336825429290095,1.7382492757645
2.013,-0.316668474717705,1.45032190676754
2.0135,-0.615530446193666,1.00331496584475
2.014,-0.885296514237376,0.149257798238616
2.0145,-0.943833007090498,-0.245670371083614
2.015,-0.878137228891311,-0.102374463899104
2.0155,-0.731778626411443,0.291421281453007
2.016,-0.282994566084529,0.907986676443478
2.0165,0.210750123744038,1.89514125667378
2.017,0.609743523284733,2.56589391900301
2.0175,0.720646979934679,2.69375874191543
2.018,0.826330583416874,2.4873273686035
2.0185,0.745149511887575,2.27096702031178
2.019,0.714860598617097,2.08156940387599
2.0195,0.601587627636803,1.9661919460376
2.02,0.407791231200659,2.22026895573064
2.0205,0.113758904191905,2.09580215775736
2.021,-0.0172628284359699,1.80708923943331
2.0215,-0.474468346340433,1.09112679743062
2.022,-0.826830483950934,0.545663171885546
2.0225,-1.04969683496284,-0.314745431923768
2.023,-1.09828599285996,-0.396047723223948
2.0235,-0.8470315048132,0.124223760595542
2.024,-0.468755960948725,0.806031657512739
2.0245,-0.00919399462253735,1.75280830753589
2.025,0.287809134832431,2.19063568326775
2.0255,0.48664154667335,2.44581591575069
2.026,0.736437561756893,2.53168935163003
2.0265,0.65679462655782,2.27204643716371
2.027,0.667135045808472,1.96458424910245
2.0275,0.643882331209399,2.23902788622274
2.028,0.688694816997806,2.20211507575547
2.0285,0.344956741306858,2.3000223043316
2.029,0.10380397494536,2.06500761325713
2.0295,-0.281842817619983,1.40839485885284
2.03,-0.623480775952227,0.610136248237506
2.0305,-0.981757944973451,-0.0958478257571025
2.031,-0.961855184610202,-0.440070257703672
2.0315,-1.04346788216543,0.0218226817142484
2.032,-0.638189055304381,0.743501356711442
2.0325,-0.233166284473937,1.20033768444737
2.033,0.0531433213399943,1.93679717113228
2.0335,0.474862007717319,2.26536793892624
2.034,0.541625359555825,2.11418841031532
2.0345,0.626266914345385,2.14304029905823
2.035,0.876606469382742,2.11353225820838
2.0355,0.731512794249311,2.29283981770522
2.036,0.686391573084059,2.58548608119252
2.0365,0.630549436774652,2.47805779546482
2.037,0.328267845542116,2.4523085047205
2.0375,-0.0108431428869973,1.80644489766496
2.038,-0.519414047985173,0.872839180323245
2.0385,-0.803655580021465,0.0731211720758334
2.039,-0.969491779916308,-0.149694575364516
2.0395,-1.04388226955293,-0.079629413340246
2.04,-0.78595208732716,0.332644779678084
2.0405,-0.513372955439055,1.27490952936877
2.041,-0.153803117770479,1.85926712825333
2.0415,0.121944849824256,1.77968544431025
2.042,0.350184106904437,1.72609989654929
2.0425,0.561300025955093,1.86443639970301
2.043,0.648929492150637,1.96686293695625
2.0435,0.837626473899143,2.29585920770235
2.044,0.825933674562588,2.73381662640833
2.0445,0.721740701506159,2.71773277885951
2.045,0.690582861684576,2.57067995456589
2.0455,0.305183704167549,1.99058257392711
2.046,-0.222540102687611,1.24011129098834
2.0465,-0.64763829176017,0.252869325675479
2.047,-0.842837199132065,-0.2188026130891
2.0475,-0.959461925897914,-0.0967198064777
